ISO-10303-21;
HEADER;
FILE_DESCRIPTION (( 'STEP AP214' ),
    '1' );
FILE_NAME ('×Ü×°1.ST',
    '2026-04-14T11:43:17',
    ( '' ),
    ( '' ),
    'SwSTEP 2.0',
    'SolidWorks 2024',
    '' );
FILE_SCHEMA (( 'AUTOMOTIVE_DESIGN' ));
ENDSEC;

DATA;
#1 = EDGE_CURVE ( 'NONE', #944, #2384, #784, .T. ) ;
#2 = VECTOR ( 'NONE', #1301, 1000.000000000000000 ) ;
#3 = CARTESIAN_POINT ( 'NONE',  ( 0.6500000000000000222, -1.715296716262420640, 35.09712984753234366 ) ) ;
#4 = DIRECTION ( 'NONE',  ( 1.000000000000000000, 0.000000000000000000, 2.398511546459462900E-16 ) ) ;
#5 = EDGE_CURVE ( 'NONE', #1390, #2036, #2133, .T. ) ;
#6 = DIRECTION ( 'NONE',  ( 4.283267841918042495E-16, 0.000000000000000000, 1.000000000000000000 ) ) ;
#7 = DIRECTION ( 'NONE',  ( -1.000000000000000000, -0.000000000000000000, 4.336808689942018229E-16 ) ) ;
#8 = CIRCLE ( 'NONE', #2167, 3.100000000000000533 ) ;
#9 = ORIENTED_EDGE ( 'NONE', *, *, #293, .T. ) ;
#10 = VECTOR ( 'NONE', #2194, 1000.000000000000000 ) ;
#11 = LINE ( 'NONE', #4296, #1214 ) ;
#12 = ORIENTED_EDGE ( 'NONE', *, *, #949, .T. ) ;
#13 = DIRECTION ( 'NONE',  ( -0.000000000000000000, 1.000000000000000000, -0.000000000000000000 ) ) ;
#14 = CIRCLE ( 'NONE', #611, 1.400000000000000133 ) ;
#15 = APPLICATION_PROTOCOL_DEFINITION ( 'draft international standard', 'automotive_design', 1998, #452 ) ;
#16 = ORIENTED_EDGE ( 'NONE', *, *, #471, .F. ) ;
#17 = PLANE ( 'NONE',  #3219 ) ;
#18 = VECTOR ( 'NONE', #1050, 1000.000000000000000 ) ;
#19 = CARTESIAN_POINT ( 'NONE',  ( 0.000000000000000000, 1.800000000000000044, 0.000000000000000000 ) ) ;
#20 = ORIENTED_EDGE ( 'NONE', *, *, #835, .T. ) ;
#21 = VECTOR ( 'NONE', #437, 1000.000000000000000 ) ;
#22 = AXIS2_PLACEMENT_3D ( 'NONE', #1148, #501, #846 ) ;
#23 = CARTESIAN_POINT ( 'NONE',  ( 4.000000000000000000, 0.000000000000000000, -3.599999999999999201 ) ) ;
#24 = DIRECTION ( 'NONE',  ( 0.000000000000000000, 1.000000000000000000, 0.000000000000000000 ) ) ;
#25 = DIRECTION ( 'NONE',  ( 0.000000000000000000, 0.000000000000000000, 1.000000000000000000 ) ) ;
#26 = VECTOR ( 'NONE', #3874, 1000.000000000000000 ) ;
#27 = DIRECTION ( 'NONE',  ( 1.000000000000000000, 0.000000000000000000, 5.117178395211820690E-17 ) ) ;
#28 = AXIS2_PLACEMENT_3D ( 'NONE', #4274, #2657, #2965 ) ;
#29 = CARTESIAN_POINT ( 'NONE',  ( 0.6499999999999999112, -2.386699275947395282, 33.67704763007564850 ) ) ;
#30 = DIRECTION ( 'NONE',  ( 0.000000000000000000, 0.000000000000000000, 1.000000000000000000 ) ) ;
#31 = CARTESIAN_POINT ( 'NONE',  ( -5.974999999999999645, 0.000000000000000000, 31.78000000000000114 ) ) ;
#32 = CARTESIAN_POINT ( 'NONE',  ( 0.6500000000000000222, 0.7000004686599590187, 31.78000000000000114 ) ) ;
#33 = EDGE_CURVE ( 'NONE', #1130, #3451, #2827, .T. ) ;
#34 = ORIENTED_EDGE ( 'NONE', *, *, #2592, .F. ) ;
#35 =( REPRESENTATION_RELATIONSHIP ('NONE','NONE', #260, #2134 ) REPRESENTATION_RELATIONSHIP_WITH_TRANSFORMATION ( #139 )SHAPE_REPRESENTATION_RELATIONSHIP( ) );
#36 = CARTESIAN_POINT ( 'NONE',  ( -14.46500000000000696, -29.35889814008693932, -47.99999999999999289 ) ) ;
#37 = ORIENTED_EDGE ( 'NONE', *, *, #1587, .F. ) ;
#38 = DIRECTION ( 'NONE',  ( 0.000000000000000000, 1.000000000000000000, 0.000000000000000000 ) ) ;
#39 = EDGE_CURVE ( 'NONE', #887, #2212, #4253, .T. ) ;
#40 = EDGE_CURVE ( 'NONE', #1220, #2905, #3728, .T. ) ;
#41 =( NAMED_UNIT ( * ) PLANE_ANGLE_UNIT ( ) SI_UNIT ( $, .RADIAN. ) );
#42 = ORIENTED_EDGE ( 'NONE', *, *, #4239, .T. ) ;
#43 = CARTESIAN_POINT ( 'NONE',  ( 7.499999999999993783, 13.10000000000000142, -6.100000000000003197 ) ) ;
#44 = CARTESIAN_POINT ( 'NONE',  ( 3.500108198102745316, 6.999937919125313712, -0.2482805059545663551 ) ) ;
#45 = VERTEX_POINT ( 'NONE', #1630 ) ;
#46 = CARTESIAN_POINT ( 'NONE',  ( 3.138353373991177531, 6.895643422655243882, 4.226922049571747664 ) ) ;
#47 = DIRECTION ( 'NONE',  ( 0.000000000000000000, 0.000000000000000000, 1.000000000000000000 ) ) ;
#48 = LINE ( 'NONE', #2169, #551 ) ;
#49 = CARTESIAN_POINT ( 'NONE',  ( 0.6499999999999999112, 0.03112689222482626847, 34.70050196407733978 ) ) ;
#50 = CARTESIAN_POINT ( 'NONE',  ( 5.833030277982336642, 0.9999999999999995559, -7.500000000000000000 ) ) ;
#51 = LINE ( 'NONE', #4276, #1650 ) ;
#52 = CARTESIAN_POINT ( 'NONE',  ( 0.6500000000000000222, 0.1888155173209505600, 34.82651745595467929 ) ) ;
#53 = ORIENTED_EDGE ( 'NONE', *, *, #1719, .F. ) ;
#54 = CARTESIAN_POINT ( 'NONE',  ( 3.500000000000002220, 6.306188268494256732, 4.999999999999999112 ) ) ;
#55 = ORIENTED_EDGE ( 'NONE', *, *, #3720, .T. ) ;
#56 = CARTESIAN_POINT ( 'NONE',  ( 7.499999999999998224, 4.661157024793388892, 3.999999999999998224 ) ) ;
#57 = EDGE_CURVE ( 'NONE', #2528, #1285, #1415, .T. ) ;
#58 = ORIENTED_EDGE ( 'NONE', *, *, #4467, .T. ) ;
#59 = PRODUCT_RELATED_PRODUCT_CATEGORY ( 'part', '', ( #1304 ) ) ;
#60 = CARTESIAN_POINT ( 'NONE',  ( 2.166969722017664246, 0.9999999999999995559, -7.500000000000000000 ) ) ;
#61 = EDGE_CURVE ( 'NONE', #518, #4468, #741, .T. ) ;
#62 = CARTESIAN_POINT ( 'NONE',  ( 3.472552976756208665, 7.015854993757821845, 0.5007956281019897427 ) ) ;
#63 = ORIENTED_EDGE ( 'NONE', *, *, #387, .F. ) ;
#64 = PLANE ( 'NONE',  #997 ) ;
#65 = CARTESIAN_POINT ( 'NONE',  ( 4.145762918895344207, 7.960594099081489183, -3.291801696170891134 ) ) ;
#66 = FACE_OUTER_BOUND ( 'NONE', #466, .T. ) ;
#67 = DIRECTION ( 'NONE',  ( 1.000000000000000000, 0.000000000000000000, 0.000000000000000000 ) ) ;
#68 = CARTESIAN_POINT ( 'NONE',  ( 0.6500000000000000222, -1.004910539250555068, 33.08497086363783524 ) ) ;
#69 = ORIENTED_EDGE ( 'NONE', *, *, #61, .F. ) ;
#70 = DIRECTION ( 'NONE',  ( -0.000000000000000000, 1.000000000000000000, -0.000000000000000000 ) ) ;
#71 = CLOSED_SHELL ( 'NONE', ( #2877, #4559, #3750, #238, #1069, #3996, #925 ) ) ;
#72 = CARTESIAN_POINT ( 'NONE',  ( 0.000000000000000000, 0.7000004686599590187, 31.78000000000000114 ) ) ;
#73 = CARTESIAN_POINT ( 'NONE',  ( 12.46500000000000341, 5.499999999999999112, -40.49999999999999289 ) ) ;
#74 = CARTESIAN_POINT ( 'NONE',  ( 0.6499999999999999112, -1.029718177085757080, 34.27242137285491452 ) ) ;
#75 = EDGE_LOOP ( 'NONE', ( #3800, #2524 ) ) ;
#76 = CIRCLE ( 'NONE', #3586, 1.400000000000000133 ) ;
#77 = CARTESIAN_POINT ( 'NONE',  ( 0.000000000000000000, 0.000000000000000000, 0.000000000000000000 ) ) ;
#78 = CARTESIAN_POINT ( 'NONE',  ( 12.46500000000000163, 8.000000000000000000, -33.00000000000000711 ) ) ;
#79 = CARTESIAN_POINT ( 'NONE',  ( 2.000000000000000000, 0.000000000000000000, 29.00000000000000355 ) ) ;
#80 = AXIS2_PLACEMENT_3D ( 'NONE', #1003, #3522, #2421 ) ;
#81 = CONTEXT_DEPENDENT_SHAPE_REPRESENTATION ( #299, #629 ) ;
#82 = AXIS2_PLACEMENT_3D ( 'NONE', #3572, #3941, #742 ) ;
#83 = ORIENTED_EDGE ( 'NONE', *, *, #2053, .F. ) ;
#84 = DIRECTION ( 'NONE',  ( 0.000000000000000000, 0.000000000000000000, 1.000000000000000000 ) ) ;
#85 = CARTESIAN_POINT ( 'NONE',  ( -9.465000000000005187, 8.000000000000000000, -14.10000000000000142 ) ) ;
#86 = VERTEX_POINT ( 'NONE', #1879 ) ;
#87 = EDGE_CURVE ( 'NONE', #2511, #2131, #1925, .T. ) ;
#88 = VERTEX_POINT ( 'NONE', #1235 ) ;
#89 = CARTESIAN_POINT ( 'NONE',  ( 0.6500000000000000222, -0.9908127314164038024, 32.54064752519589376 ) ) ;
#90 = EDGE_CURVE ( 'NONE', #4084, #135, #860, .T. ) ;
#91 = CIRCLE ( 'NONE', #3074, 1.000000000000000888 ) ;
#92 = STYLED_ITEM ( 'NONE', ( #431 ), #2069 ) ;
#93 = CARTESIAN_POINT ( 'NONE',  ( -14.46500000000001052, 5.500000000000000000, -11.59999999999999964 ) ) ;
#94 = LINE ( 'NONE', #2607, #481 ) ;
#95 = DIRECTION ( 'NONE',  ( 0.000000000000000000, 0.000000000000000000, -1.000000000000000000 ) ) ;
#96 = EDGE_CURVE ( 'NONE', #2224, #3174, #2157, .T. ) ;
#97 = CARTESIAN_POINT ( 'NONE',  ( 9.464999999999998082, 5.499999999999999112, -40.49999999999999289 ) ) ;
#98 = CARTESIAN_POINT ( 'NONE',  ( -0.6499999999999999112, -1.340533657219568742, 36.66050930035861910 ) ) ;
#99 = AXIS2_PLACEMENT_3D ( 'NONE', #4209, #1373, #2786 ) ;
#100 = CIRCLE ( 'NONE', #3897, 0.9999999999999998890 ) ;
#101 = ADVANCED_FACE ( 'NONE', ( #3372, #1559 ), #3047, .F. ) ;
#102 = ADVANCED_FACE ( 'NONE', ( #2650, #181 ), #1611, .F. ) ;
#103 = AXIS2_PLACEMENT_3D ( 'NONE', #1388, #2804, #1089 ) ;
#104 = CARTESIAN_POINT ( 'NONE',  ( 0.6500000000000000222, -1.108905118725955985, 33.93816449873333596 ) ) ;
#105 = LINE ( 'NONE', #855, #1064 ) ;
#106 = CARTESIAN_POINT ( 'NONE',  ( 2.499999999999998224, 4.661157024793392445, -4.000000000000000888 ) ) ;
#107 = CARTESIAN_POINT ( 'NONE',  ( 0.6500000000000000222, 0.4920113370456640212, 34.24703469474839324 ) ) ;
#108 = VERTEX_POINT ( 'NONE', #1968 ) ;
#109 = AXIS2_PLACEMENT_3D ( 'NONE', #3647, #1149, #4358 ) ;
#110 = ORIENTED_EDGE ( 'NONE', *, *, #1993, .T. ) ;
#111 = CARTESIAN_POINT ( 'NONE',  ( 10.00000000000000355, 2.500000000000000000, -5.099999999999999645 ) ) ;
#112 = DIRECTION ( 'NONE',  ( -4.265713465516739209E-16, 1.706285386206695684E-15, -1.000000000000000000 ) ) ;
#113 = FACE_OUTER_BOUND ( 'NONE', #1912, .T. ) ;
#114 = ITEM_DEFINED_TRANSFORMATION ( 'NONE', 'NONE', #4194,  #254 ) ;
#115 = VERTEX_POINT ( 'NONE', #556 ) ;
#116 = CARTESIAN_POINT ( 'NONE',  ( -14.46499999999999986, 3.000000000000000000, 0.000000000000000000 ) ) ;
#117 = CARTESIAN_POINT ( 'NONE',  ( 30.41025971044413367, 13.10000000000000142, -1.318834785756477476E-14 ) ) ;
#118 = ORIENTED_EDGE ( 'NONE', *, *, #2865, .T. ) ;
#119 = CARTESIAN_POINT ( 'NONE',  ( 4.499999999999998224, 13.10000000000000142, -6.100000000000001421 ) ) ;
#120 = PLANE ( 'NONE',  #2092 ) ;
#121 = CARTESIAN_POINT ( 'NONE',  ( -9.999999999999996447, 2.500000000000000000, -6.699999999999999289 ) ) ;
#122 = EDGE_LOOP ( 'NONE', ( #2490, #4155, #3311, #2989, #3870, #3467, #618, #4010, #3714, #3829, #2009, #3588 ) ) ;
#123 = CARTESIAN_POINT ( 'NONE',  ( -9.999999999999996447, 2.500000000000000000, -9.099999999999997868 ) ) ;
#124 = ADVANCED_FACE ( 'NONE', ( #4117 ), #1254, .F. ) ;
#125 = CARTESIAN_POINT ( 'NONE',  ( 0.000000000000000000, 1.800000000000000044, 0.000000000000000000 ) ) ;
#126 = CARTESIAN_POINT ( 'NONE',  ( -0.6499999999999999112, 0.03112689222482626847, 34.70050196407733978 ) ) ;
#127 = ORIENTED_EDGE ( 'NONE', *, *, #3035, .F. ) ;
#128 = EDGE_CURVE ( 'NONE', #3325, #3419, #3708, .T. ) ;
#129 = DIRECTION ( 'NONE',  ( -1.000000000000000000, -0.000000000000000000, -0.000000000000000000 ) ) ;
#130 = CARTESIAN_POINT ( 'NONE',  ( 0.6500000000000000222, -0.6220872213875416890, 35.79729224967505274 ) ) ;
#131 = CARTESIAN_POINT ( 'NONE',  ( -0.6500000000000000222, -1.501997685802621607, 34.82651745595467929 ) ) ;
#132 = CARTESIAN_POINT ( 'NONE',  ( 0.6499999999999999112, 1.721940095348398536, 34.70050196407733978 ) ) ;
#133 = EDGE_CURVE ( 'NONE', #2608, #3174, #3004, .T. ) ;
#134 = ORIENTED_EDGE ( 'NONE', *, *, #3034, .T. ) ;
#135 = VERTEX_POINT ( 'NONE', #200 ) ;
#136 = CARTESIAN_POINT ( 'NONE',  ( 0.000000000000000000, 3.000000000000000000, 0.000000000000000000 ) ) ;
#137 = FACE_OUTER_BOUND ( 'NONE', #1201, .T. ) ;
#138 = CARTESIAN_POINT ( 'NONE',  ( 10.00000000000000355, 0.000000000000000000, -5.099999999999999645 ) ) ;
#139 = ITEM_DEFINED_TRANSFORMATION ( 'NONE', 'NONE', #4123,  #254 ) ;
#140 = EDGE_LOOP ( 'NONE', ( #937, #143, #3911, #869, #2436 ) ) ;
#141 = FACE_OUTER_BOUND ( 'NONE', #364, .T. ) ;
#142 = DIRECTION ( 'NONE',  ( 0.000000000000000000, 0.000000000000000000, 1.000000000000000000 ) ) ;
#143 = ORIENTED_EDGE ( 'NONE', *, *, #1975, .F. ) ;
#144 = EDGE_LOOP ( 'NONE', ( #3762, #2232, #1377, #2486 ) ) ;
#145 = CARTESIAN_POINT ( 'NONE',  ( 8.000000000000000000, 0.000000000000000000, 0.000000000000000000 ) ) ;
#146 = CARTESIAN_POINT ( 'NONE',  ( -9.465000000000003411, 5.500000000000000000, -16.60000000000000497 ) ) ;
#147 = LINE ( 'NONE', #873, #2632 ) ;
#148 = CARTESIAN_POINT ( 'NONE',  ( -0.6500000000000000222, -2.386699275947393950, 33.67704763007564850 ) ) ;
#149 = ORIENTED_EDGE ( 'NONE', *, *, #692, .T. ) ;
#150 = CARTESIAN_POINT ( 'NONE',  ( 2.789882413243178316, 6.702890805936650764, 4.040149804649772136 ) ) ;
#151 = CARTESIAN_POINT ( 'NONE',  ( 0.000000000000000000, 0.000000000000000000, 1.400000000000000133 ) ) ;
#152 = DIRECTION ( 'NONE',  ( -1.000000000000000000, 0.000000000000000000, -1.826024711554533913E-16 ) ) ;
#153 = CARTESIAN_POINT ( 'NONE',  ( 0.6500000000000000222, -0.6220872213875416890, 35.79729224967505274 ) ) ;
#154 = EDGE_LOOP ( 'NONE', ( #4181, #2265, #1116, #4190 ) ) ;
#155 = EDGE_CURVE ( 'NONE', #3895, #622, #2669, .T. ) ;
#156 = CLOSED_SHELL ( 'NONE', ( #2264, #2864, #3235, #820, #893, #1694, #2319, #1206, #522, #1551, #4220, #1976, #1180, #3577, #3287, #1207, #1035, #3457, #1746, #124, #330, #2018, #875, #439, #3217, #1436, #4161, #972, #1525, #4591, #721, #2680, #1215, #4021, #1242, #1972 ) ) ;
#157 = ADVANCED_FACE ( 'NONE', ( #901 ), #2595, .F. ) ;
#158 = DIRECTION ( 'NONE',  ( -0.000000000000000000, 1.000000000000000000, 0.000000000000000000 ) ) ;
#159 = DIRECTION ( 'NONE',  ( 0.000000000000000000, 0.000000000000000000, -1.000000000000000000 ) ) ;
#160 = DIRECTION ( 'NONE',  ( 6.158064649527257227E-16, 0.7042253521126748961, 0.7099765161199201868 ) ) ;
#161 = VECTOR ( 'NONE', #1964, 1000.000000000000000 ) ;
#162 = VERTEX_POINT ( 'NONE', #4018 ) ;
#163 = CARTESIAN_POINT ( 'NONE',  ( 0.000000000000000000, 2.499999999999999556, -7.500000000000000000 ) ) ;
#164 = ORIENTED_EDGE ( 'NONE', *, *, #558, .F. ) ;
#165 = DIRECTION ( 'NONE',  ( 0.000000000000000000, 1.000000000000000000, -0.000000000000000000 ) ) ;
#166 = ORIENTED_EDGE ( 'NONE', *, *, #1770, .T. ) ;
#167 = DIRECTION ( 'NONE',  ( 0.000000000000000000, 1.000000000000000000, 1.734723475976807094E-16 ) ) ;
#168 = CARTESIAN_POINT ( 'NONE',  ( 4.051811060523220043, 7.909218703831227160, 3.205550676469851812 ) ) ;
#169 = AXIS2_PLACEMENT_3D ( 'NONE', #4031, #2964, #4379 ) ;
#170 = ORIENTED_EDGE ( 'NONE', *, *, #637, .F. ) ;
#171 = MECHANICAL_DESIGN_GEOMETRIC_PRESENTATION_REPRESENTATION (  '', ( #1059 ), #1284 ) ;
#172 = CARTESIAN_POINT ( 'NONE',  ( 4.500000000000013323, 8.769143251668493733, 4.295774647887325770 ) ) ;
#173 = CARTESIAN_POINT ( 'NONE',  ( -0.6500000000000000222, 0.5819080843976162098, 33.93816449873333596 ) ) ;
#174 = AXIS2_PLACEMENT_3D ( 'NONE', #1111, #3616, #4320 ) ;
#175 = CARTESIAN_POINT ( 'NONE',  ( -0.6500000000000000222, -1.108905118725955985, 33.93816449873333596 ) ) ;
#176 = CARTESIAN_POINT ( 'NONE',  ( -14.46500000000000519, 8.000000000000000000, -9.099999999999997868 ) ) ;
#177 = ORIENTED_EDGE ( 'NONE', *, *, #947, .F. ) ;
#178 = AXIS2_PLACEMENT_3D ( 'NONE', #1579, #550, #2998 ) ;
#179 = CIRCLE ( 'NONE', #691, 1.000000000000000888 ) ;
#180 = DIRECTION ( 'NONE',  ( 0.000000000000000000, 1.000000000000000000, 0.000000000000000000 ) ) ;
#181 = FACE_OUTER_BOUND ( 'NONE', #1246, .T. ) ;
#182 = CARTESIAN_POINT ( 'NONE',  ( 5.062265579209793421E-21, 7.530965186505979680, 3.500000000000000000 ) ) ;
#183 = EDGE_CURVE ( 'NONE', #2183, #3022, #828, .T. ) ;
#184 = ORIENTED_EDGE ( 'NONE', *, *, #529, .F. ) ;
#185 = ADVANCED_FACE ( 'NONE', ( #137 ), #1204, .F. ) ;
#186 = EDGE_CURVE ( 'NONE', #3796, #1232, #903, .T. ) ;
#187 = VERTEX_POINT ( 'NONE', #616 ) ;
#188 = ORIENTED_EDGE ( 'NONE', *, *, #2427, .F. ) ;
#189 = CARTESIAN_POINT ( 'NONE',  ( 8.000000000000000000, 2.499999999999999556, -7.500000000000000000 ) ) ;
#190 = VERTEX_POINT ( 'NONE', #3161 ) ;
#191 = CARTESIAN_POINT ( 'NONE',  ( 4.500000000000003553, 8.769143251668497285, 4.295774647887322217 ) ) ;
#192 = ORIENTED_EDGE ( 'NONE', *, *, #2427, .T. ) ;
#193 = CARTESIAN_POINT ( 'NONE',  ( 3.825306309072979971, 7.789880737924983478, 3.003261827470492307 ) ) ;
#194 = CARTESIAN_POINT ( 'NONE',  ( -0.6499999999999999112, 1.721940095348398536, 34.70050196407733978 ) ) ;
#195 = PLANE ( 'NONE',  #307 ) ;
#196 = CARTESIAN_POINT ( 'NONE',  ( -9.465000000000008740, 5.499999999999999112, -39.49999999999999289 ) ) ;
#197 = VERTEX_POINT ( 'NONE', #2058 ) ;
#198 = ADVANCED_FACE ( 'NONE', ( #641 ), #592, .T. ) ;
#199 = DIRECTION ( 'NONE',  ( 0.000000000000000000, 0.000000000000000000, 1.000000000000000000 ) ) ;
#200 = CARTESIAN_POINT ( 'NONE',  ( -2.500000000000000444, 2.799999999999999822, -1.833030277982335088 ) ) ;
#201 = CARTESIAN_POINT ( 'NONE',  ( -14.46500000000000696, 3.000000000000000000, -38.00000000000000000 ) ) ;
#202 = ORIENTED_EDGE ( 'NONE', *, *, #2369, .T. ) ;
#203 = LINE ( 'NONE', #1633, #2473 ) ;
#204 = EDGE_CURVE ( 'NONE', #4280, #3264, #1690, .T. ) ;
#205 = EDGE_CURVE ( 'NONE', #4192, #3038, #3461, .T. ) ;
#206 = ORIENTED_EDGE ( 'NONE', *, *, #3339, .F. ) ;
#207 = CARTESIAN_POINT ( 'NONE',  ( 9.464999999999999858, 8.000000000000000000, -43.00000000000000000 ) ) ;
#208 = ORIENTED_EDGE ( 'NONE', *, *, #2310, .F. ) ;
#209 = CARTESIAN_POINT ( 'NONE',  ( 1.224646799147353207E-16, 3.000000000000000000, 1.000000000000000000 ) ) ;
#210 = ORIENTED_EDGE ( 'NONE', *, *, #1899, .F. ) ;
#211 =( REPRESENTATION_RELATIONSHIP ('NONE','NONE', #260, #2134 ) REPRESENTATION_RELATIONSHIP_WITH_TRANSFORMATION ( #1561 )SHAPE_REPRESENTATION_RELATIONSHIP( ) );
#212 = CARTESIAN_POINT ( 'NONE',  ( 3.483887998971713529, 7.659281577943458430, 4.785247488432471386 ) ) ;
#213 = CARTESIAN_POINT ( 'NONE',  ( -0.6500000000000000222, 0.4920113370456640212, 34.24703469474839324 ) ) ;
#214 = DIRECTION ( 'NONE',  ( 0.000000000000000000, 1.000000000000000000, 0.000000000000000000 ) ) ;
#215 = DIRECTION ( 'NONE',  ( -0.000000000000000000, -1.000000000000000000, -0.000000000000000000 ) ) ;
#216 = ORIENTED_EDGE ( 'NONE', *, *, #269, .T. ) ;
#217 = CARTESIAN_POINT ( 'NONE',  ( 3.500000000000000000, 13.10000000000000142, -1.517883041479706208E-15 ) ) ;
#218 = DIRECTION ( 'NONE',  ( 0.000000000000000000, 0.000000000000000000, -1.000000000000000000 ) ) ;
#219 = CARTESIAN_POINT ( 'NONE',  ( 1.224646799147353207E-16, 3.000000000000000000, 1.000000000000000000 ) ) ;
#220 = ORIENTED_EDGE ( 'NONE', *, *, #2348, .F. ) ;
#221 = DIRECTION ( 'NONE',  ( 0.000000000000000000, 0.000000000000000000, -1.000000000000000000 ) ) ;
#222 = CLOSED_SHELL ( 'NONE', ( #2430, #2292, #4196, #3887, #2716, #2231, #2910, #4060, #1004, #2487, #3206, #101, #1233, #4482, #4137, #1351 ) ) ;
#223 = B_SPLINE_CURVE_WITH_KNOTS ( 'NONE', 3,
 ( #3644, #1847, #4005, #1520, #4330, #4354, #1167, #65, #2606, #3313, #1494, #2533 ),
 .UNSPECIFIED., .F., .F.,
 ( 4, 2, 2, 2, 2, 4 ),
 ( 0.000000000000000000, 0.0008184409028952691068, 0.001227661354342903010, 0.001636881805790537129, 0.002455322708685804284, 0.003273763611581071223 ),
 .UNSPECIFIED. ) ;
#224 = VECTOR ( 'NONE', #1535, 1000.000000000000000 ) ;
#225 = ORIENTED_EDGE ( 'NONE', *, *, #1747, .F. ) ;
#226 = DIRECTION ( 'NONE',  ( -0.000000000000000000, 1.000000000000000000, -0.000000000000000000 ) ) ;
#227 = ORIENTED_EDGE ( 'NONE', *, *, #1887, .F. ) ;
#228 = DIRECTION ( 'NONE',  ( -0.000000000000000000, 1.000000000000000000, -0.000000000000000000 ) ) ;
#229 = VECTOR ( 'NONE', #4480, 1000.000000000000000 ) ;
#230 = EDGE_CURVE ( 'NONE', #2044, #3526, #1133, .T. ) ;
#231 = ORIENTED_EDGE ( 'NONE', *, *, #4507, .F. ) ;
#232 = EDGE_CURVE ( 'NONE', #3719, #1390, #4223, .T. ) ;
#233 = AXIS2_PLACEMENT_3D ( 'NONE', #1008, #3153, #3853 ) ;
#234 = CARTESIAN_POINT ( 'NONE',  ( 3.924388659228441600, 7.836067727557901819, 3.084059097504630920 ) ) ;
#235 = CARTESIAN_POINT ( 'NONE',  ( 0.6500000000000000222, 0.5819080843976162098, 33.93816449873333596 ) ) ;
#236 = LINE ( 'NONE', #4439, #4052 ) ;
#237 = AXIS2_PLACEMENT_3D ( 'NONE', #3190, #4211, #766 ) ;
#238 = ADVANCED_FACE ( 'NONE', ( #965, #1366 ), #4489, .T. ) ;
#239 = AXIS2_PLACEMENT_3D ( 'NONE', #3255, #1583, #3303 ) ;
#240 = EDGE_CURVE ( 'NONE', #1040, #4286, #3096, .T. ) ;
#241 = ORIENTED_EDGE ( 'NONE', *, *, #2978, .F. ) ;
#242 = AXIS2_PLACEMENT_3D ( 'NONE', #4096, #906, #3761 ) ;
#243 = MECHANICAL_DESIGN_GEOMETRIC_PRESENTATION_REPRESENTATION (  '', ( #1219 ), #1597 ) ;
#244 = DIRECTION ( 'NONE',  ( -1.000000000000000000, -0.000000000000000000, -0.000000000000000000 ) ) ;
#245 = DIRECTION ( 'NONE',  ( 0.000000000000000000, 0.000000000000000000, -1.000000000000000000 ) ) ;
#246 = CARTESIAN_POINT ( 'NONE',  ( -0.2170021847304453577, 7.530965186505980569, 3.500000000000000000 ) ) ;
#247 = CIRCLE ( 'NONE', #4335, 1.600000000000001643 ) ;
#248 = AXIS2_PLACEMENT_3D ( 'NONE', #1496, #2237, #25 ) ;
#249 = VECTOR ( 'NONE', #3431, 1000.000000000000000 ) ;
#250 = ORIENTED_EDGE ( 'NONE', *, *, #468, .T. ) ;
#251 = CARTESIAN_POINT ( 'NONE',  ( 0.000000000000000000, -5.000000000000000000, 0.000000000000000000 ) ) ;
#252 = AXIS2_PLACEMENT_3D ( 'NONE', #3420, #3763, #4450 ) ;
#253 = DIRECTION ( 'NONE',  ( 1.000000000000000000, 0.000000000000000000, 0.000000000000000000 ) ) ;
#254 = AXIS2_PLACEMENT_3D ( 'NONE', #2988, #868, #2284 ) ;
#255 = EDGE_CURVE ( 'NONE', #1178, #627, #1712, .T. ) ;
#256 = ORIENTED_EDGE ( 'NONE', *, *, #2226, .T. ) ;
#257 = CARTESIAN_POINT ( 'NONE',  ( 1.959434878635767202E-16, 2.500000000000000000, -32.20000000000000284 ) ) ;
#258 = ORIENTED_EDGE ( 'NONE', *, *, #2859, .T. ) ;
#259 = DIRECTION ( 'NONE',  ( 0.000000000000000000, -1.000000000000000000, 0.000000000000000000 ) ) ;
#260 = SHAPE_REPRESENTATION ( '\X2\603b88c5\X0\1', ( #3497, #3453, #406, #932, #1604, #4123, #3977, #3533, #4194, #2778, #1524 ), #2451 ) ;
#261 = ORIENTED_EDGE ( 'NONE', *, *, #1264, .T. ) ;
#262 = FACE_BOUND ( 'NONE', #75, .T. ) ;
#263 = CARTESIAN_POINT ( 'NONE',  ( 3.436953935566171126, 7.424797778737889153, 4.636734917602141515 ) ) ;
#264 = CARTESIAN_POINT ( 'NONE',  ( -0.6500000000000000222, -0.6172018769792213533, 33.03150561220349601 ) ) ;
#265 = CARTESIAN_POINT ( 'NONE',  ( 0.000000000000000000, 0.7000004686599590187, 31.78000000000000114 ) ) ;
#266 = EDGE_CURVE ( 'NONE', #1040, #2281, #2832, .T. ) ;
#267 = PRODUCT_DEFINITION ( 'æœ', '', #2305, #3496 ) ;
#268 = LINE ( 'NONE', #2821, #1515 ) ;
#269 = EDGE_CURVE ( 'NONE', #699, #2890, #945, .T. ) ;
#270 = CARTESIAN_POINT ( 'NONE',  ( 2.931803745122536942, 5.092960769915926278, -4.071169503017419977 ) ) ;
#271 = CARTESIAN_POINT ( 'NONE',  ( 12.46499999999999986, 8.000000000000000000, -9.099999999999997868 ) ) ;
#272 = CARTESIAN_POINT ( 'NONE',  ( -3.919183588453089673, 8.000000000000000000, -33.00000000000001421 ) ) ;
#273 = VERTEX_POINT ( 'NONE', #2718 ) ;
#274 = EDGE_LOOP ( 'NONE', ( #1160, #2415, #2838, #2987 ) ) ;
#275 = ORIENTED_EDGE ( 'NONE', *, *, #2945, .F. ) ;
#276 = LINE ( 'NONE', #4100, #2407 ) ;
#277 = ORIENTED_EDGE ( 'NONE', *, *, #3856, .F. ) ;
#278 = DIRECTION ( 'NONE',  ( -0.000000000000000000, -1.000000000000000000, -0.000000000000000000 ) ) ;
#279 = ORIENTED_EDGE ( 'NONE', *, *, #2954, .T. ) ;
#280 = UNCERTAINTY_MEASURE_WITH_UNIT (LENGTH_MEASURE( 1.000000000000000082E-05 ), #908, 'distance_accuracy_value', 'NONE');
#281 = ORIENTED_EDGE ( 'NONE', *, *, #3345, .T. ) ;
#282 = CARTESIAN_POINT ( 'NONE',  ( 6.449489742783179658, 0.9999999999999995559, -7.499999999999998224 ) ) ;
#283 = CARTESIAN_POINT ( 'NONE',  ( 2.972607568282492618, 8.362629541345230066, -3.897630431851147659 ) ) ;
#284 = FACE_OUTER_BOUND ( 'NONE', #952, .T. ) ;
#285 = FACE_OUTER_BOUND ( 'NONE', #1410, .T. ) ;
#286 = CARTESIAN_POINT ( 'NONE',  ( -0.6500000000000000222, -1.108905118725955985, 33.93816449873333596 ) ) ;
#287 = FACE_BOUND ( 'NONE', #839, .T. ) ;
#288 = DIRECTION ( 'NONE',  ( -2.001324082139926266E-16, 0.000000000000000000, 1.000000000000000000 ) ) ;
#289 = CARTESIAN_POINT ( 'NONE',  ( 9.465000000000003411, 5.500000000000000000, -11.59999999999999787 ) ) ;
#290 = CARTESIAN_POINT ( 'NONE',  ( 8.000000000000000000, 2.499999999999999556, 2.500000000000000444 ) ) ;
#291 = EDGE_CURVE ( 'NONE', #3796, #352, #4509, .T. ) ;
#292 = ORIENTED_EDGE ( 'NONE', *, *, #57, .F. ) ;
#293 = EDGE_CURVE ( 'NONE', #4517, #4359, #4549, .T. ) ;
#294 = PRODUCT_DEFINITION_SHAPE ( 'NONE', 'NONE',  #4610 ) ;
#295 = ORIENTED_EDGE ( 'NONE', *, *, #528, .F. ) ;
#296 = CARTESIAN_POINT ( 'NONE',  ( 8.000000000000000000, 1.714505518806294638E-16, -1.400000000000000133 ) ) ;
#297 = SHAPE_REPRESENTATION ( '\X2\76f8673a8fde63a5\X0\', ( #254 ), #2269 ) ;
#298 =( NAMED_UNIT ( * ) SI_UNIT ( $, .STERADIAN. ) SOLID_ANGLE_UNIT ( ) );
#299 =( REPRESENTATION_RELATIONSHIP ('NONE','NONE', #260, #2435 ) REPRESENTATION_RELATIONSHIP_WITH_TRANSFORMATION ( #1112 )SHAPE_REPRESENTATION_RELATIONSHIP( ) );
#300 = ORIENTED_EDGE ( 'NONE', *, *, #3964, .F. ) ;
#301 = CARTESIAN_POINT ( 'NONE',  ( -5.974999999999999645, 0.000000000000000000, 0.000000000000000000 ) ) ;
#302 = DIRECTION ( 'NONE',  ( -1.000000000000000000, -0.000000000000000000, 1.826024711554533667E-16 ) ) ;
#303 = ORIENTED_EDGE ( 'NONE', *, *, #3975, .F. ) ;
#304 = AXIS2_PLACEMENT_3D ( 'NONE', #883, #930, #3304 ) ;
#305 = CARTESIAN_POINT ( 'NONE',  ( 5.833030277982336642, -4.336808689942017736E-16, -7.500000000000000000 ) ) ;
#306 = CARTESIAN_POINT ( 'NONE',  ( 4.500000000000000888, 8.769143251668495509, -4.295774647887324882 ) ) ;
#307 = AXIS2_PLACEMENT_3D ( 'NONE', #4415, #152, #4342 ) ;
#308 = CARTESIAN_POINT ( 'NONE',  ( 2.500000000000002220, 6.664939782721536865, 3.999999999999999112 ) ) ;
#309 = DIRECTION ( 'NONE',  ( -0.000000000000000000, -1.000000000000000000, -0.000000000000000000 ) ) ;
#310 = AXIS2_PLACEMENT_3D ( 'NONE', #3765, #3021, #566 ) ;
#311 = CARTESIAN_POINT ( 'NONE',  ( 0.6500000000000000222, -3.190814207394912838, 36.83445846704794491 ) ) ;
#312 = CARTESIAN_POINT ( 'NONE',  ( 4.000000000000000000, 0.9999999999999995559, -1.899999999999999023 ) ) ;
#313 = FACE_OUTER_BOUND ( 'NONE', #1486, .T. ) ;
#314 = DIRECTION ( 'NONE',  ( 1.826024711554533913E-16, -0.000000000000000000, -1.000000000000000000 ) ) ;
#315 = CARTESIAN_POINT ( 'NONE',  ( 0.000000000000000000, -9.899494936611665352, 3.500000000000000000 ) ) ;
#316 = VECTOR ( 'NONE', #1806, 1000.000000000000000 ) ;
#317 = VERTEX_POINT ( 'NONE', #4205 ) ;
#318 = AXIS2_PLACEMENT_3D ( 'NONE', #3145, #671, #1375 ) ;
#319 = AXIS2_PLACEMENT_3D ( 'NONE', #3925, #3506, #4594 ) ;
#320 = EDGE_CURVE ( 'NONE', #2212, #45, #2433, .T. ) ;
#321 = EDGE_LOOP ( 'NONE', ( #3885, #1681 ) ) ;
#322 = CIRCLE ( 'NONE', #2180, 1.000000000000000444 ) ;
#323 = CIRCLE ( 'NONE', #2849, 7.099999999999999645 ) ;
#324 = APPLICATION_PROTOCOL_DEFINITION ( 'draft international standard', 'automotive_design', 1998, #3934 ) ;
#325 = AXIS2_PLACEMENT_3D ( 'NONE', #994, #4596, #663 ) ;
#326 = EDGE_CURVE ( 'NONE', #3449, #3931, #2346, .T. ) ;
#327 = VECTOR ( 'NONE', #601, 1000.000000000000000 ) ;
#328 = ORIENTED_EDGE ( 'NONE', *, *, #4453, .F. ) ;
#329 = DIRECTION ( 'NONE',  ( -1.000000000000000000, -0.000000000000000000, 4.336808689942018229E-16 ) ) ;
#330 = ADVANCED_FACE ( 'NONE', ( #3435 ), #1319, .T. ) ;
#331 = CARTESIAN_POINT ( 'NONE',  ( -14.46500000000000696, 3.000000000000000000, -47.99999999999999289 ) ) ;
#332 = AXIS2_PLACEMENT_3D ( 'NONE', #3922, #27, #726 ) ;
#333 = ORIENTED_EDGE ( 'NONE', *, *, #1862, .T. ) ;
#334 = FACE_BOUND ( 'NONE', #2936, .T. ) ;
#335 = CARTESIAN_POINT ( 'NONE',  ( 2.794436794834272320, 6.695135693237256547, -4.033504730388627557 ) ) ;
#336 = CARTESIAN_POINT ( 'NONE',  ( 4.500000000000000888, 13.10000000000000142, -1.951563910473907981E-15 ) ) ;
#337 = CARTESIAN_POINT ( 'NONE',  ( 7.499999999999994671, 1.000000000000000000, -4.000000000000001776 ) ) ;
#338 = PRODUCT_DEFINITION_SHAPE ( 'NONE', 'NONE',  #4602 ) ;
#339 = CARTESIAN_POINT ( 'NONE',  ( 0.6499999999999999112, -0.7100620523155122266, 35.92183832220976569 ) ) ;
#340 = DIRECTION ( 'NONE',  ( 1.000000000000000000, 0.000000000000000000, 0.000000000000000000 ) ) ;
#341 = CYLINDRICAL_SURFACE ( 'NONE', #3515, 6.099999999999999645 ) ;
#342 = DIRECTION ( 'NONE',  ( -2.001324082139926266E-16, 0.000000000000000000, 1.000000000000000000 ) ) ;
#343 = DIRECTION ( 'NONE',  ( 5.117178395211820690E-17, 0.000000000000000000, -1.000000000000000000 ) ) ;
#344 = EDGE_LOOP ( 'NONE', ( #3189, #1282 ) ) ;
#345 = ORIENTED_EDGE ( 'NONE', *, *, #2111, .T. ) ;
#346 = CARTESIAN_POINT ( 'NONE',  ( 7.499999999999996447, 13.10000000000000142, -3.252606517456511724E-15 ) ) ;
#347 = APPLICATION_PROTOCOL_DEFINITION ( 'draft international standard', 'automotive_design', 1998, #2116 ) ;
#348 = ORIENTED_EDGE ( 'NONE', *, *, #1151, .T. ) ;
#349 = CYLINDRICAL_SURFACE ( 'NONE', #4271, 6.099999999999999645 ) ;
#350 = DIRECTION ( 'NONE',  ( -0.000000000000000000, 1.000000000000000000, -0.000000000000000000 ) ) ;
#352 = VERTEX_POINT ( 'NONE', #3811 ) ;
#351 = EDGE_CURVE ( 'NONE', #1347, #2183, #2993, .T. ) ;
#353 = ADVANCED_FACE ( 'NONE', ( #1338 ), #3610, .T. ) ;
#354 = ORIENTED_EDGE ( 'NONE', *, *, #2764, .T. ) ;
#355 = LINE ( 'NONE', #4265, #538 ) ;
#356 = CARTESIAN_POINT ( 'NONE',  ( -2.499999999999998668, 6.664939782721529760, -2.999999999999991562 ) ) ;
#357 = CARTESIAN_POINT ( 'NONE',  ( 0.000000000000000000, 0.000000000000000000, 0.000000000000000000 ) ) ;
#358 = CARTESIAN_POINT ( 'NONE',  ( 1.668367738538712119, 7.668036304288787797, -3.084490999141752177 ) ) ;
#359 = CARTESIAN_POINT ( 'NONE',  ( 0.6499999999999999112, 0.3091872689073096314, 32.55671028469031114 ) ) ;
#360 = FACE_BOUND ( 'NONE', #1280, .T. ) ;
#361 = PLANE ( 'NONE',  #1506 ) ;
#362 = DIRECTION ( 'NONE',  ( -1.000000000000000000, -0.000000000000000000, -5.117178395211820690E-17 ) ) ;
#363 = DIRECTION ( 'NONE',  ( -0.000000000000000000, 1.000000000000000000, -0.000000000000000000 ) ) ;
#364 = EDGE_LOOP ( 'NONE', ( #412, #2742, #2440, #250 ) ) ;
#365 = DIRECTION ( 'NONE',  ( 0.000000000000000000, -0.6305317436603785630, 0.7761634623174442638 ) ) ;
#366 = ORIENTED_EDGE ( 'NONE', *, *, #186, .F. ) ;
#367 = CARTESIAN_POINT ( 'NONE',  ( 14.46499999999999986, 3.000000000000000000, 0.000000000000000000 ) ) ;
#368 = DIRECTION ( 'NONE',  ( 0.000000000000000000, 0.000000000000000000, 1.000000000000000000 ) ) ;
#369 = ORIENTED_EDGE ( 'NONE', *, *, #2592, .T. ) ;
#370 = DIRECTION ( 'NONE',  ( 0.000000000000000000, 0.000000000000000000, -1.000000000000000000 ) ) ;
#371 = CARTESIAN_POINT ( 'NONE',  ( 0.000000000000000000, 2.500000000000000000, -33.79999999999999716 ) ) ;
#372 = ORIENTED_EDGE ( 'NONE', *, *, #415, .T. ) ;
#373 = CARTESIAN_POINT ( 'NONE',  ( 2.686804215241932692, 6.664939782721535089, 3.999999999999998224 ) ) ;
#374 = CYLINDRICAL_SURFACE ( 'NONE', #4034, 1.000000000000000000 ) ;
#375 = EDGE_CURVE ( 'NONE', #4126, #3325, #751, .T. ) ;
#376 = CARTESIAN_POINT ( 'NONE',  ( 0.000000000000000000, 2.500000000000000000, -33.79999999999999716 ) ) ;
#377 = CARTESIAN_POINT ( 'NONE',  ( 0.6500000000000000222, -1.198801866077908063, 34.24703469474839324 ) ) ;
#378 = ADVANCED_FACE ( 'NONE', ( #2880 ), #2151, .T. ) ;
#379 = EDGE_LOOP ( 'NONE', ( #2561, #1796, #1743, #1090 ) ) ;
#380 = VECTOR ( 'NONE', #245, 1000.000000000000000 ) ;
#381 = DIRECTION ( 'NONE',  ( 1.000000000000000000, 0.000000000000000000, -4.336808689942017736E-16 ) ) ;
#382 = CARTESIAN_POINT ( 'NONE',  ( -9.465000000000005187, 27.57919559123919484, -14.10000000000000142 ) ) ;
#383 = CARTESIAN_POINT ( 'NONE',  ( -14.46500000000000341, 5.500000000000000000, -17.60000000000000142 ) ) ;
#384 = DIRECTION ( 'NONE',  ( 1.000000000000000000, 0.000000000000000000, 0.000000000000000000 ) ) ;
#385 = EDGE_CURVE ( 'NONE', #2830, #2344, #76, .T. ) ;
#386 = CARTESIAN_POINT ( 'NONE',  ( -0.6500000000000000222, -2.509013505284016787, 36.01476720028945522 ) ) ;
#387 = EDGE_CURVE ( 'NONE', #517, #3379, #780, .T. ) ;
#388 = VECTOR ( 'NONE', #464, 1000.000000000000000 ) ;
#389 = ORIENTED_EDGE ( 'NONE', *, *, #2083, .T. ) ;
#390 = VECTOR ( 'NONE', #3573, 1000.000000000000000 ) ;
#391 = CARTESIAN_POINT ( 'NONE',  ( 6.449489742783177881, 0.9999999999999995559, -7.500000000000000000 ) ) ;
#392 = VERTEX_POINT ( 'NONE', #4294 ) ;
#393 = DIRECTION ( 'NONE',  ( 0.000000000000000000, 0.000000000000000000, 1.000000000000000000 ) ) ;
#394 = AXIS2_PLACEMENT_3D ( 'NONE', #3398, #2387, #3119 ) ;
#395 = AXIS2_PLACEMENT_3D ( 'NONE', #1507, #2223, #2572 ) ;
#396 = DIRECTION ( 'NONE',  ( 0.000000000000000000, 0.000000000000000000, 1.000000000000000000 ) ) ;
#397 = ORIENTED_EDGE ( 'NONE', *, *, #2080, .T. ) ;
#398 = DIRECTION ( 'NONE',  ( -1.000000000000000000, -0.000000000000000000, -5.117178395211820690E-17 ) ) ;
#399 = TOROIDAL_SURFACE ( 'NONE', #2474, 7.099999999999999645, 1.000000000000000000 ) ;
#400 = DIRECTION ( 'NONE',  ( 0.000000000000000000, -1.000000000000000000, 0.000000000000000000 ) ) ;
#401 = ORIENTED_EDGE ( 'NONE', *, *, #462, .F. ) ;
#402 = AXIS2_PLACEMENT_3D ( 'NONE', #506, #894, #2452 ) ;
#403 = CARTESIAN_POINT ( 'NONE',  ( -9.999999999999996447, 3.000000000000000000, -5.099999999999996980 ) ) ;
#404 = CARTESIAN_POINT ( 'NONE',  ( 10.00000000000000355, 3.000000000000000000, -3.499999999999997780 ) ) ;
#405 = CARTESIAN_POINT ( 'NONE',  ( 0.000000000000000000, 0.000000000000000000, 0.000000000000000000 ) ) ;
#406 = AXIS2_PLACEMENT_3D ( 'NONE', #3211, #2461, #1071 ) ;
#407 = DIRECTION ( 'NONE',  ( 0.000000000000000000, 0.000000000000000000, 1.000000000000000000 ) ) ;
#408 = VECTOR ( 'NONE', #2066, 1000.000000000000000 ) ;
#409 = CARTESIAN_POINT ( 'NONE',  ( -14.46500000000000874, 5.499999999999999112, -40.49999999999999289 ) ) ;
#410 = DIRECTION ( 'NONE',  ( -0.000000000000000000, -1.000000000000000000, -0.000000000000000000 ) ) ;
#411 = CARTESIAN_POINT ( 'NONE',  ( -0.6500000000000000222, -0.6958860728238221993, 33.67704763007564850 ) ) ;
#412 = ORIENTED_EDGE ( 'NONE', *, *, #4362, .F. ) ;
#413 = EDGE_CURVE ( 'NONE', #2575, #4157, #3590, .T. ) ;
#414 =( BOUNDED_SURFACE ( )  B_SPLINE_SURFACE ( 3, 3, ( 
 ( #659, #2431, #3200, #1735, #3857, #2075, #3, #2800, #2779, #311 ),
 ( #1428, #359, #1404, #3131, #3837, #3504, #339, #727, #2126, #1688 ),
 ( #2819, #4241, #2450, #3158, #3534, #2498, #2148, #3181, #4572, #4221 ),
 ( #4592, #3555, #3877, #286, #2477, #1780, #3110, #4524, #1335, #681 ),
 ( #638, #2752, #2054, #4546, #3479, #1363, #4361, #3944, #2218, #4311 ),
 ( #1550, #3229, #750, #29, #1851, #3627, #1104, #1500, #430, #4011 ),
 ( #1456, #2587, #1125, #104, #1872, #2541, #3671, #3321, #2242, #2950 ) ),
 .UNSPECIFIED., .T., .F., .F. ) 
 B_SPLINE_SURFACE_WITH_KNOTS ( ( 4, 3, 4 ),
 ( 4, 2, 2, 2, 4 ),
 ( 0.000000000000000000, 0.5000000000000000000, 1.000000000000000000 ),
 ( 0.000000000000000000, 0.2500000000000000000, 0.5000000000000000000, 0.7500000000000000000, 1.000000000000000000 ),
 .UNSPECIFIED. ) 
 GEOMETRIC_REPRESENTATION_ITEM ( )  RATIONAL_B_SPLINE_SURFACE ( (
 ( 1.000000000000000000, 1.000000000000000000, 1.000000000000000000, 1.000000000000000000, 1.000000000000000000, 1.000000000000000000, 1.000000000000000000, 1.000000000000000000, 1.000000000000000000, 1.000000000000000000),
 ( 0.3333333333333333703, 0.3333333333333333703, 0.3333333333333333703, 0.3333333333333333703, 0.3333333333333333703, 0.3333333333333333703, 0.3333333333333333703, 0.3333333333333333703, 0.3333333333333333703, 0.3333333333333333703),
 ( 0.3333333333333333703, 0.3333333333333333703, 0.3333333333333333703, 0.3333333333333333703, 0.3333333333333333703, 0.3333333333333333703, 0.3333333333333333703, 0.3333333333333333703, 0.3333333333333333703, 0.3333333333333333703),
 ( 1.000000000000000000, 1.000000000000000000, 1.000000000000000000, 1.000000000000000000, 1.000000000000000000, 1.000000000000000000, 1.000000000000000000, 1.000000000000000000, 1.000000000000000000, 1.000000000000000000),
 ( 0.3333333333333333703, 0.3333333333333333703, 0.3333333333333333703, 0.3333333333333333703, 0.3333333333333333703, 0.3333333333333333703, 0.3333333333333333703, 0.3333333333333333703, 0.3333333333333333703, 0.3333333333333333703),
 ( 0.3333333333333333703, 0.3333333333333333703, 0.3333333333333333703, 0.3333333333333333703, 0.3333333333333333703, 0.3333333333333333703, 0.3333333333333333703, 0.3333333333333333703, 0.3333333333333333703, 0.3333333333333333703),
 ( 1.000000000000000000, 1.000000000000000000, 1.000000000000000000, 1.000000000000000000, 1.000000000000000000, 1.000000000000000000, 1.000000000000000000, 1.000000000000000000, 1.000000000000000000, 1.000000000000000000) ) ) 
 REPRESENTATION_ITEM ( '' )  SURFACE ( )  );
#415 = EDGE_CURVE ( 'NONE', #4000, #3760, #3973, .T. ) ;
#416 = VERTEX_POINT ( 'NONE', #1831 ) ;
#417 = DIRECTION ( 'NONE',  ( -1.000000000000000000, 0.000000000000000000, 0.000000000000000000 ) ) ;
#418 = ORIENTED_EDGE ( 'NONE', *, *, #1012, .F. ) ;
#419 = CARTESIAN_POINT ( 'NONE',  ( 0.000000000000000000, 0.000000000000000000, 1.100000000000000089 ) ) ;
#420 = EDGE_LOOP ( 'NONE', ( #58, #4163 ) ) ;
#421 =( NAMED_UNIT ( * ) SI_UNIT ( $, .STERADIAN. ) SOLID_ANGLE_UNIT ( ) );
#422 = DIRECTION ( 'NONE',  ( 4.283267841918042495E-16, 0.000000000000000000, 1.000000000000000000 ) ) ;
#423 = VERTEX_POINT ( 'NONE', #3583 ) ;
#424 = PRODUCT_DEFINITION_CONTEXT ( 'detailed design', #4349, 'design' ) ;
#425 = CARTESIAN_POINT ( 'NONE',  ( 0.6499999999999999112, -3.687064388650352242, 35.38357396385173814 ) ) ;
#426 = DIRECTION ( 'NONE',  ( -0.000000000000000000, -1.000000000000000000, -0.000000000000000000 ) ) ;
#427 = LINE ( 'NONE', #4007, #3742 ) ;
#428 = DIRECTION ( 'NONE',  ( 0.000000000000000000, 1.000000000000000000, 0.000000000000000000 ) ) ;
#429 = CARTESIAN_POINT ( 'NONE',  ( 0.6500000000000000222, -1.715296716262420640, 35.09712984753234366 ) ) ;
#430 = CARTESIAN_POINT ( 'NONE',  ( 0.6499999999999999112, -3.687064388650352242, 35.38357396385173814 ) ) ;
#431 = PRESENTATION_STYLE_ASSIGNMENT (( #1175 ) ) ;
#432 = DIRECTION ( 'NONE',  ( -1.000000000000000000, 0.000000000000000000, 4.336808689942017736E-16 ) ) ;
#433 = CARTESIAN_POINT ( 'NONE',  ( 0.6499999999999999112, -0.6958860728238230875, 33.67704763007564850 ) ) ;
#434 = EDGE_LOOP ( 'NONE', ( #177, #2599 ) ) ;
#435 = CARTESIAN_POINT ( 'NONE',  ( -2.456905406536218361, 7.532693744950217152, 2.493472978057737599 ) ) ;
#436 = ORIENTED_EDGE ( 'NONE', *, *, #1840, .F. ) ;
#437 = DIRECTION ( 'NONE',  ( 0.000000000000000000, 1.000000000000000000, 0.000000000000000000 ) ) ;
#438 = EDGE_CURVE ( 'NONE', #2384, #2044, #3252, .T. ) ;
#439 = ADVANCED_FACE ( 'NONE', ( #2199 ), #1853, .F. ) ;
#440 = ITEM_DEFINED_TRANSFORMATION ( 'NONE', 'NONE', #932,  #254 ) ;
#441 = ORIENTED_EDGE ( 'NONE', *, *, #204, .T. ) ;
#442 = FACE_OUTER_BOUND ( 'NONE', #765, .T. ) ;
#443 = CARTESIAN_POINT ( 'NONE',  ( 10.00000000000000355, 2.500000000000000000, -9.099999999999999645 ) ) ;
#444 = EDGE_CURVE ( 'NONE', #3050, #1243, #51, .T. ) ;
#445 = VERTEX_POINT ( 'NONE', #2501 ) ;
#446 = CYLINDRICAL_SURFACE ( 'NONE', #3087, 1.000000000000000444 ) ;
#447 = DIRECTION ( 'NONE',  ( 0.000000000000000000, 1.000000000000000000, 0.000000000000000000 ) ) ;
#448 = CARTESIAN_POINT ( 'NONE',  ( 0.000000000000000000, 2.500000000000000000, -33.79999999999999716 ) ) ;
#449 = CARTESIAN_POINT ( 'NONE',  ( 2.931803745122537386, 5.092960769915921837, 4.071169503017418201 ) ) ;
#450 = CARTESIAN_POINT ( 'NONE',  ( -0.6500000000000000222, -0.9908127344636129541, 31.78000000000000114 ) ) ;
#451 = CARTESIAN_POINT ( 'NONE',  ( -14.46500000000000519, 3.000000000000000000, -9.099999999999997868 ) ) ;
#452 = APPLICATION_CONTEXT ( 'automotive_design' ) ;
#453 = DIRECTION ( 'NONE',  ( -0.000000000000000000, 1.000000000000000000, -0.000000000000000000 ) ) ;
#454 = CARTESIAN_POINT ( 'NONE',  ( -0.6499999999999999112, 0.9807511508076608431, 35.92183832220976569 ) ) ;
#455 = VERTEX_POINT ( 'NONE', #1479 ) ;
#456 = EDGE_CURVE ( 'NONE', #1715, #3209, #3231, .T. ) ;
#457 = DIRECTION ( 'NONE',  ( 1.000000000000000000, 0.000000000000000000, 0.000000000000000000 ) ) ;
#458 = DIRECTION ( 'NONE',  ( 1.000000000000000000, -0.000000000000000000, 5.782411586589358625E-17 ) ) ;
#459 = CARTESIAN_POINT ( 'NONE',  ( 0.6500000000000000222, 0.7000004686599590187, 31.78000000000000114 ) ) ;
#460 = VECTOR ( 'NONE', #3917, 1000.000000000000000 ) ;
#461 = VECTOR ( 'NONE', #2534, 1000.000000000000000 ) ;
#462 = EDGE_CURVE ( 'NONE', #392, #1305, #1582, .T. ) ;
#463 = EDGE_LOOP ( 'NONE', ( #975, #389 ) ) ;
#464 = DIRECTION ( 'NONE',  ( -1.000000000000000000, -0.000000000000000000, 1.826024711554533667E-16 ) ) ;
#465 = VECTOR ( 'NONE', #4442, 1000.000000000000000 ) ;
#466 = EDGE_LOOP ( 'NONE', ( #3593, #292, #1842, #1835 ) ) ;
#467 = CARTESIAN_POINT ( 'NONE',  ( 0.6499999999999999112, -2.386699275947395282, 33.67704763007564850 ) ) ;
#468 = EDGE_CURVE ( 'NONE', #957, #956, #2897, .T. ) ;
#469 = CIRCLE ( 'NONE', #2253, 1.000000000000000888 ) ;
#470 = AXIS2_PLACEMENT_3D ( 'NONE', #1730, #3900, #2815 ) ;
#471 = EDGE_CURVE ( 'NONE', #909, #1178, #3279, .T. ) ;
#472 = FACE_OUTER_BOUND ( 'NONE', #1824, .T. ) ;
#473 = CARTESIAN_POINT ( 'NONE',  ( 10.00000000000000355, 2.500000000000000000, -3.499999999999997335 ) ) ;
#474 = CARTESIAN_POINT ( 'NONE',  ( 2.499999999999999556, 6.664939782721534201, -4.000000000000000888 ) ) ;
#475 = DIRECTION ( 'NONE',  ( 0.000000000000000000, 0.000000000000000000, 1.000000000000000000 ) ) ;
#476 = PLANE ( 'NONE',  #332 ) ;
#477 = AXIS2_PLACEMENT_3D ( 'NONE', #1093, #38, #2416 ) ;
#478 = VERTEX_POINT ( 'NONE', #2924 ) ;
#479 = CIRCLE ( 'NONE', #2102, 3.100000000000000089 ) ;
#480 = AXIS2_PLACEMENT_3D ( 'NONE', #3373, #2670, #4528 ) ;
#481 = VECTOR ( 'NONE', #844, 1000.000000000000000 ) ;
#482 = CARTESIAN_POINT ( 'NONE',  ( 2.500000000000002220, 4.661157024793387116, 3.999999999999999112 ) ) ;
#483 = CARTESIAN_POINT ( 'NONE',  ( 0.6500000000000000222, 0.6859026638730170156, 33.08497086363783524 ) ) ;
#484 = CARTESIAN_POINT ( 'NONE',  ( -0.6500000000000000222, -1.715296716262420640, 35.09712984753234366 ) ) ;
#485 = CARTESIAN_POINT ( 'NONE',  ( -0.6499999999999999112, 2.000000472030881493, 32.55671028469031114 ) ) ;
#486 = EDGE_LOOP ( 'NONE', ( #2688, #4284, #1884, #4207 ) ) ;
#487 = CIRCLE ( 'NONE', #1077, 3.100000000000000089 ) ;
#488 = CARTESIAN_POINT ( 'NONE',  ( -9.465000000000003411, 5.500000000000000000, -17.60000000000000497 ) ) ;
#489 = CARTESIAN_POINT ( 'NONE',  ( 14.46500000000001052, 5.500000000000000000, -15.60000000000000675 ) ) ;
#490 = DIRECTION ( 'NONE',  ( -0.000000000000000000, -1.000000000000000000, -0.000000000000000000 ) ) ;
#491 = SHAPE_DEFINITION_REPRESENTATION ( #3540, #297 ) ;
#492 = EDGE_LOOP ( 'NONE', ( #2531, #2065 ) ) ;
#493 = CARTESIAN_POINT ( 'NONE',  ( 12.46500000000000163, 3.000000000000000000, -43.00000000000000000 ) ) ;
#494 = CARTESIAN_POINT ( 'NONE',  ( -9.465000000000005187, 8.000000000000000000, -14.10000000000000142 ) ) ;
#495 = VERTEX_POINT ( 'NONE', #2129 ) ;
#496 = FACE_OUTER_BOUND ( 'NONE', #1461, .T. ) ;
#497 = ORIENTED_EDGE ( 'NONE', *, *, #831, .T. ) ;
#498 = DIRECTION ( 'NONE',  ( 1.000000000000000000, 0.000000000000000000, 0.000000000000000000 ) ) ;
#499 = ORIENTED_EDGE ( 'NONE', *, *, #1155, .T. ) ;
#500 = CARTESIAN_POINT ( 'NONE',  ( 4.272695158000673565, 8.097151502390078193, 3.492134591913007124 ) ) ;
#501 = DIRECTION ( 'NONE',  ( 0.000000000000000000, 1.000000000000000000, 0.000000000000000000 ) ) ;
#502 = EDGE_CURVE ( 'NONE', #3209, #3736, #1420, .T. ) ;
#503 = CARTESIAN_POINT ( 'NONE',  ( -0.6500000000000000222, -3.285267191802659248, 34.93407519899149349 ) ) ;
#504 = ORIENTED_EDGE ( 'NONE', *, *, #3569, .F. ) ;
#505 = EDGE_CURVE ( 'NONE', #2555, #1640, #2853, .T. ) ;
#506 = CARTESIAN_POINT ( 'NONE',  ( 8.000000000000000000, 0.000000000000000000, 0.000000000000000000 ) ) ;
#507 = FILL_AREA_STYLE_COLOUR ( '', #4115 ) ;
#508 = DIRECTION ( 'NONE',  ( -1.000000000000000000, 0.000000000000000000, -2.797020316219397011E-16 ) ) ;
#509 = CARTESIAN_POINT ( 'NONE',  ( 0.6500000000000000222, -1.108905118725955985, 33.93816449873333596 ) ) ;
#510 = ORIENTED_EDGE ( 'NONE', *, *, #4360, .T. ) ;
#511 = FACE_BOUND ( 'NONE', #3101, .T. ) ;
#512 = DIRECTION ( 'NONE',  ( 0.000000000000000000, 0.000000000000000000, 1.000000000000000000 ) ) ;
#513 = CARTESIAN_POINT ( 'NONE',  ( 7.499999999999998224, 1.000000000000000000, 3.999999999999998224 ) ) ;
#514 = CONTEXT_DEPENDENT_SHAPE_REPRESENTATION ( #4412, #338 ) ;
#515 = ORIENTED_EDGE ( 'NONE', *, *, #4426, .T. ) ;
#516 = FACE_OUTER_BOUND ( 'NONE', #1472, .T. ) ;
#517 = VERTEX_POINT ( 'NONE', #3926 ) ;
#518 = VERTEX_POINT ( 'NONE', #1761 ) ;
#519 = DIRECTION ( 'NONE',  ( 0.000000000000000000, 0.000000000000000000, -1.000000000000000000 ) ) ;
#520 = CARTESIAN_POINT ( 'NONE',  ( 8.000000000000000000, -11.93398113205660493, -7.500000000000000000 ) ) ;
#521 = EDGE_LOOP ( 'NONE', ( #2635, #216, #3979, #3185 ) ) ;
#522 = ADVANCED_FACE ( 'NONE', ( #1406 ), #2824, .F. ) ;
#523 = CARTESIAN_POINT ( 'NONE',  ( -14.46500000000000341, 8.000000000000000000, -19.09999999999999787 ) ) ;
#524 = CARTESIAN_POINT ( 'NONE',  ( 0.6499999999999999112, -0.4909885032586616682, 37.65414973380643460 ) ) ;
#525 = CARTESIAN_POINT ( 'NONE',  ( 3.500000000000000000, 13.10000000000000142, -1.517883041479706010E-15 ) ) ;
#526 = CYLINDRICAL_SURFACE ( 'NONE', #178, 6.099999999999999645 ) ;
#527 = ORIENTED_EDGE ( 'NONE', *, *, #3551, .F. ) ;
#528 = EDGE_CURVE ( 'NONE', #1224, #1657, #4388, .T. ) ;
#529 = EDGE_CURVE ( 'NONE', #2141, #3103, #3242, .T. ) ;
#530 = LINE ( 'NONE', #4508, #3294 ) ;
#531 = CARTESIAN_POINT ( 'NONE',  ( -2.500000000000001332, 2.799999999999999822, 1.833030277982333756 ) ) ;
#532 = LINE ( 'NONE', #3880, #3759 ) ;
#533 = AXIS2_PLACEMENT_3D ( 'NONE', #2951, #3674, #1199 ) ;
#534 = VECTOR ( 'NONE', #1188, 1000.000000000000000 ) ;
#535 = EDGE_LOOP ( 'NONE', ( #2374, #2994, #4077, #3098, #20, #515 ) ) ;
#536 = LINE ( 'NONE', #950, #3960 ) ;
#537 = ORIENTED_EDGE ( 'NONE', *, *, #867, .T. ) ;
#538 = VECTOR ( 'NONE', #3473, 1000.000000000000000 ) ;
#539 = ORIENTED_EDGE ( 'NONE', *, *, #3720, .F. ) ;
#540 = LINE ( 'NONE', #870, #2858 ) ;
#541 = DIRECTION ( 'NONE',  ( 0.000000000000000000, -0.000000000000000000, 1.000000000000000000 ) ) ;
#542 = AXIS2_PLACEMENT_3D ( 'NONE', #2182, #365, #3450 ) ;
#543 = EDGE_LOOP ( 'NONE', ( #2256, #2573, #2443 ) ) ;
#544 = AXIS2_PLACEMENT_3D ( 'NONE', #1114, #1749, #3171 ) ;
#545 = CIRCLE ( 'NONE', #2328, 4.000000000000000888 ) ;
#546 = CARTESIAN_POINT ( 'NONE',  ( 3.406038642517017490, 7.311230732904482110, 4.560399938567969436 ) ) ;
#547 = CARTESIAN_POINT ( 'NONE',  ( 0.6500000000000000222, -1.500001004271340976, 36.83445846704794491 ) ) ;
#548 = VECTOR ( 'NONE', #884, 1000.000000000000000 ) ;
#549 = DIRECTION ( 'NONE',  ( 2.843808977011159309E-16, 0.000000000000000000, -1.000000000000000000 ) ) ;
#550 = DIRECTION ( 'NONE',  ( -1.000000000000000000, -0.000000000000000000, 4.336808689942018229E-16 ) ) ;
#551 = VECTOR ( 'NONE', #67, 1000.000000000000000 ) ;
#552 = ORIENTED_EDGE ( 'NONE', *, *, #3778, .T. ) ;
#553 = VECTOR ( 'NONE', #2098, 1000.000000000000000 ) ;
#554 = AXIS2_PLACEMENT_3D ( 'NONE', #1308, #953, #1636 ) ;
#555 = DIRECTION ( 'NONE',  ( -1.000000000000000000, -0.000000000000000000, 1.734723475976808080E-16 ) ) ;
#556 = CARTESIAN_POINT ( 'NONE',  ( -14.46500000000000341, 8.000000000000000000, -19.09999999999999787 ) ) ;
#557 = CARTESIAN_POINT ( 'NONE',  ( -1.474970002916770273, 7.651735340638900595, 3.181450922468981979 ) ) ;
#558 = EDGE_CURVE ( 'NONE', #3167, #863, #4438, .T. ) ;
#559 = ADVANCED_FACE ( 'NONE', ( #4364 ), #3323, .F. ) ;
#560 = ORIENTED_EDGE ( 'NONE', *, *, #3423, .T. ) ;
#561 = DIRECTION ( 'NONE',  ( 0.000000000000000000, 0.000000000000000000, 1.000000000000000000 ) ) ;
#562 =( LENGTH_UNIT ( ) NAMED_UNIT ( * ) SI_UNIT ( .MILLI., .METRE. ) );
#563 = VERTEX_POINT ( 'NONE', #1607 ) ;
#564 = CARTESIAN_POINT ( 'NONE',  ( -0.6500000000000000222, -3.190814207394912838, 36.83445846704794491 ) ) ;
#565 = ORIENTED_EDGE ( 'NONE', *, *, #2140, .F. ) ;
#566 = DIRECTION ( 'NONE',  ( 0.000000000000000000, 0.7940203406445293099, 0.6078911898051704288 ) ) ;
#567 = VERTEX_POINT ( 'NONE', #1553 ) ;
#568 = CARTESIAN_POINT ( 'NONE',  ( 4.467776006828963808, 8.425579946603720671, 3.926763287837415906 ) ) ;
#569 = CARTESIAN_POINT ( 'NONE',  ( -0.6500000000000000222, -0.5999995313400405816, 31.78000000000000469 ) ) ;
#570 = DIRECTION ( 'NONE',  ( 1.000000000000000000, -0.000000000000000000, 5.782411586589358625E-17 ) ) ;
#571 = CARTESIAN_POINT ( 'NONE',  ( 0.6500000000000000222, -1.004910539250555068, 33.08497086363783524 ) ) ;
#572 = VERTEX_POINT ( 'NONE', #1154 ) ;
#573 = DIRECTION ( 'NONE',  ( -0.000000000000000000, -1.000000000000000000, -0.000000000000000000 ) ) ;
#574 = LINE ( 'NONE', #931, #2546 ) ;
#575 = ADVANCED_FACE ( 'NONE', ( #2618, #4043 ), #3992, .F. ) ;
#576 = ORIENTED_EDGE ( 'NONE', *, *, #468, .F. ) ;
#577 = FILL_AREA_STYLE ('',( #3779 ) ) ;
#578 = EDGE_CURVE ( 'NONE', #1285, #2784, #856, .T. ) ;
#579 = ORIENTED_EDGE ( 'NONE', *, *, #2720, .T. ) ;
#580 = CARTESIAN_POINT ( 'NONE',  ( 12.46499999999999986, 8.000000000000000000, -9.099999999999997868 ) ) ;
#581 = ORIENTED_EDGE ( 'NONE', *, *, #3423, .F. ) ;
#582 = CARTESIAN_POINT ( 'NONE',  ( 0.000000000000000000, 0.000000000000000000, 0.000000000000000000 ) ) ;
#583 = ADVANCED_FACE ( 'NONE', ( #1176 ), #3704, .F. ) ;
#584 = ORIENTED_EDGE ( 'NONE', *, *, #33, .F. ) ;
#585 =( BOUNDED_SURFACE ( )  B_SPLINE_SURFACE ( 3, 2, ( 
 ( #4107, #4458, #3340 ),
 ( #2681, #1228, #1575 ),
 ( #2644, #877, #918 ),
 ( #150, #1624, #3041 ),
 ( #1313, #2340, #1265 ),
 ( #3768, #4502, #2996 ),
 ( #3023, #586, #3744 ),
 ( #1605, #2001, #193 ),
 ( #2311, #2729, #234 ),
 ( #1663, #941, #2294 ),
 ( #546, #3388, #3407 ),
 ( #212, #1642, #568 ),
 ( #1983, #3088, #4148 ),
 ( #4436, #2663, #172 ) ),
 .UNSPECIFIED., .F., .F., .F. ) 
 B_SPLINE_SURFACE_WITH_KNOTS ( ( 4, 2, 2, 2, 2, 2, 4 ),
 ( 3, 3 ),
 ( 0.001231502849001749750, 0.001671437285720026207, 0.002111371722438302664, 0.002551306159156579122, 0.002991240595874856013, 0.003871109469311409361, 0.004750978342747962276 ),
 ( 0.000000000000000000, 1.000000000000000000 ),
 .UNSPECIFIED. ) 
 GEOMETRIC_REPRESENTATION_ITEM ( )  RATIONAL_B_SPLINE_SURFACE ( (
 ( 1.000000000000000000, 0.5373382494911348450, 1.000000000000000000),
 ( 1.000000000000000000, 0.5373494556800317845, 1.000000000000000000),
 ( 1.000000000000000000, 0.5378516947273069837, 1.000000000000000000),
 ( 1.000000000000000000, 0.5401409524436872056, 1.000000000000000000),
 ( 1.000000000000000000, 0.5419578043113093546, 1.000000000000000000),
 ( 1.000000000000000000, 0.5473935151776661012, 1.000000000000000000),
 ( 1.000000000000000000, 0.5510791614884115175, 1.000000000000000000),
 ( 1.000000000000000000, 0.5608928298927923217, 1.000000000000000000),
 ( 1.000000000000000000, 0.5669473885594360496, 1.000000000000000000),
 ( 1.000000000000000000, 0.5891630107704458608, 1.000000000000000000),
 ( 1.000000000000000000, 0.6092479926230865983, 1.000000000000000000),
 ( 1.000000000000000000, 0.6554634327256038118, 1.000000000000000000),
 ( 1.000000000000000000, 0.6809333377128974352, 1.000000000000000000),
 ( 1.000000000000000000, 0.7071067811865480168, 1.000000000000000000) ) ) 
 REPRESENTATION_ITEM ( '' )  SURFACE ( )  );
#586 = CARTESIAN_POINT ( 'NONE',  ( 2.693176384583742422, 8.280384334698464244, 3.931230942837168119 ) ) ;
#587 = CARTESIAN_POINT ( 'NONE',  ( 0.6499999999999999112, -0.8849775387184225517, 34.07463589522474479 ) ) ;
#588 = CARTESIAN_POINT ( 'NONE',  ( 10.00000000000000355, 3.000000000000000000, -6.700000000000001066 ) ) ;
#589 = ORIENTED_EDGE ( 'NONE', *, *, #3512, .T. ) ;
#590 = PRODUCT_DEFINITION_SHAPE ( 'NONE', 'NONE',  #4601 ) ;
#591 =( NAMED_UNIT ( * ) PLANE_ANGLE_UNIT ( ) SI_UNIT ( $, .RADIAN. ) );
#592 = CYLINDRICAL_SURFACE ( 'NONE', #2312, 3.000000000000000444 ) ;
#593 = DIRECTION ( 'NONE',  ( 0.000000000000000000, 1.000000000000000000, 0.000000000000000000 ) ) ;
#594 = PRODUCT_DEFINITION_FORMATION_WITH_SPECIFIED_SOURCE ( 'ä»', '', #2037, .NOT_KNOWN. ) ;
#595 = EDGE_LOOP ( 'NONE', ( #2713, #3843 ) ) ;
#596 = VECTOR ( 'NONE', #4464, 1000.000000000000000 ) ;
#597 = EDGE_CURVE ( 'NONE', #2835, #86, #3735, .T. ) ;
#598 = SHAPE_REPRESENTATION_RELATIONSHIP ( 'NONE' , 'NONE' ,  #3894, #1676 ) ;
#599 = VECTOR ( 'NONE', #4314, 1000.000000000000000 ) ;
#600 = ORIENTED_EDGE ( 'NONE', *, *, #3426, .F. ) ;
#601 = DIRECTION ( 'NONE',  ( -0.000000000000000000, 1.000000000000000000, -0.000000000000000000 ) ) ;
#602 = EDGE_LOOP ( 'NONE', ( #2643, #560 ) ) ;
#603 = CARTESIAN_POINT ( 'NONE',  ( 6.449489742783177881, 1.999999999999999556, -7.500000000000000000 ) ) ;
#604 = VECTOR ( 'NONE', #2282, 1000.000000000000000 ) ;
#606 = VERTEX_POINT ( 'NONE', #106 ) ;
#605 = EDGE_CURVE ( 'NONE', #2365, #162, #1124, .T. ) ;
#607 = ADVANCED_FACE ( 'NONE', ( #1531 ), #195, .F. ) ;
#608 = CARTESIAN_POINT ( 'NONE',  ( 3.425538107321031589, 7.398380365209630938, -4.616703602100605153 ) ) ;
#609 = CARTESIAN_POINT ( 'NONE',  ( -0.6499999999999999112, 0.9807511508076608431, 35.92183832220976569 ) ) ;
#610 = CARTESIAN_POINT ( 'NONE',  ( 12.46499999999999808, 5.500000000000000000, -11.59999999999999787 ) ) ;
#611 = AXIS2_PLACEMENT_3D ( 'NONE', #145, #498, #519 ) ;
#612 = STYLED_ITEM ( 'NONE', ( #3032 ), #3488 ) ;
#613 = AXIS2_PLACEMENT_3D ( 'NONE', #72, #823, #4313 ) ;
#614 = CARTESIAN_POINT ( 'NONE',  ( 0.000000000000000000, 3.000000000000000000, 0.000000000000000000 ) ) ;
#615 = DIRECTION ( 'NONE',  ( -0.000000000000000000, -1.000000000000000000, -0.000000000000000000 ) ) ;
#616 = CARTESIAN_POINT ( 'NONE',  ( 3.499999999999996447, 13.10000000000000142, -8.100000000000001421 ) ) ;
#617 = DIRECTION ( 'NONE',  ( 1.000000000000000000, 0.000000000000000000, 0.000000000000000000 ) ) ;
#618 = ORIENTED_EDGE ( 'NONE', *, *, #3690, .F. ) ;
#619 = AXIS2_PLACEMENT_3D ( 'NONE', #3682, #490, #2981 ) ;
#620 = VECTOR ( 'NONE', #2272, 1000.000000000000000 ) ;
#621 = VECTOR ( 'NONE', #309, 1000.000000000000000 ) ;
#622 = VERTEX_POINT ( 'NONE', #1230 ) ;
#623 = LINE ( 'NONE', #3073, #1063 ) ;
#624 = VECTOR ( 'NONE', #226, 1000.000000000000000 ) ;
#625 = VERTEX_POINT ( 'NONE', #2646 ) ;
#626 = FACE_OUTER_BOUND ( 'NONE', #521, .T. ) ;
#627 = VERTEX_POINT ( 'NONE', #4071 ) ;
#628 = CARTESIAN_POINT ( 'NONE',  ( 2.858190269823291274, 6.724031021464135449, -4.062045989716114747 ) ) ;
#629 = PRODUCT_DEFINITION_SHAPE ( 'NONE', 'NONE',  #4606 ) ;
#630 = ORIENTED_EDGE ( 'NONE', *, *, #1299, .T. ) ;
#631 = VERTEX_POINT ( 'NONE', #2296 ) ;
#632 = DIRECTION ( 'NONE',  ( 1.000000000000000000, -0.000000000000000000, 5.782411586589358625E-17 ) ) ;
#633 = CARTESIAN_POINT ( 'NONE',  ( 3.300447761619333953, 7.097252961559051165, -4.396796994345094411 ) ) ;
#634 = EDGE_CURVE ( 'NONE', #4229, #631, #1721, .T. ) ;
#635 = LINE ( 'NONE', #3154, #3820 ) ;
#636 = CARTESIAN_POINT ( 'NONE',  ( -14.46500000000000874, 5.499999999999999112, -40.49999999999999289 ) ) ;
#637 = EDGE_CURVE ( 'NONE', #423, #3958, #904, .T. ) ;
#638 = CARTESIAN_POINT ( 'NONE',  ( -0.6500000000000000222, -2.290812734463611999, 31.78000000000000469 ) ) ;
#639 = CARTESIAN_POINT ( 'NONE',  ( 4.500000000000000000, 8.769143251668495509, -4.295774647887324882 ) ) ;
#640 = LINE ( 'NONE', #2823, #3968 ) ;
#641 = FACE_OUTER_BOUND ( 'NONE', #3570, .T. ) ;
#642 = FACE_BOUND ( 'NONE', #595, .T. ) ;
#643 = VERTEX_POINT ( 'NONE', #3746 ) ;
#644 = ORIENTED_EDGE ( 'NONE', *, *, #3630, .T. ) ;
#645 =( LENGTH_UNIT ( ) NAMED_UNIT ( * ) SI_UNIT ( .MILLI., .METRE. ) );
#646 = CARTESIAN_POINT ( 'NONE',  ( 8.508367790880916104, -31.15802106414907868, -5.628371120728423271 ) ) ;
#647 = VERTEX_POINT ( 'NONE', #3849 ) ;
#648 = CYLINDRICAL_SURFACE ( 'NONE', #554, 4.000000000000000000 ) ;
#649 = CARTESIAN_POINT ( 'NONE',  ( -14.46500000000000874, 5.499999999999999112, -39.49999999999999289 ) ) ;
#650 = ORIENTED_EDGE ( 'NONE', *, *, #1557, .F. ) ;
#651 = UNCERTAINTY_MEASURE_WITH_UNIT (LENGTH_MEASURE( 1.000000000000000082E-05 ), #3609, 'distance_accuracy_value', 'NONE');
#652 = ORIENTED_EDGE ( 'NONE', *, *, #2262, .F. ) ;
#653 = LINE ( 'NONE', #305, #1426 ) ;
#654 = CARTESIAN_POINT ( 'NONE',  ( 3.088950159007702645, 8.409234149991807072, -3.928139358161416350 ) ) ;
#655 = DIRECTION ( 'NONE',  ( 1.000000000000000000, 0.000000000000000000, 0.000000000000000000 ) ) ;
#656 = CARTESIAN_POINT ( 'NONE',  ( 0.000000000000000000, 3.000000000000000000, -1.000000000000000000 ) ) ;
#657 = EDGE_LOOP ( 'NONE', ( #2303, #333 ) ) ;
#658 = EDGE_CURVE ( 'NONE', #162, #392, #1292, .T. ) ;
#659 = CARTESIAN_POINT ( 'NONE',  ( 0.6500000000000000222, -0.9908127344636131761, 31.78000000000000114 ) ) ;
#660 = CARTESIAN_POINT ( 'NONE',  ( 30.41025971044413723, 13.10000000000000142, 8.099999999999985434 ) ) ;
#661 = CARTESIAN_POINT ( 'NONE',  ( 12.46500000000000163, 3.000000000000000000, -33.00000000000001421 ) ) ;
#662 = DIRECTION ( 'NONE',  ( 0.000000000000000000, 0.000000000000000000, 1.000000000000000000 ) ) ;
#663 = DIRECTION ( 'NONE',  ( 0.000000000000000000, 0.000000000000000000, -1.000000000000000000 ) ) ;
#664 = ORIENTED_EDGE ( 'NONE', *, *, #204, .F. ) ;
#665 = EDGE_CURVE ( 'NONE', #273, #1390, #3043, .T. ) ;
#666 = EDGE_CURVE ( 'NONE', #495, #3256, #2067, .T. ) ;
#667 = ORIENTED_EDGE ( 'NONE', *, *, #1084, .F. ) ;
#668 = DIRECTION ( 'NONE',  ( 4.265713465516739209E-16, 0.000000000000000000, 1.000000000000000000 ) ) ;
#669 = SHAPE_DEFINITION_REPRESENTATION ( #3092, #2435 ) ;
#670 = EDGE_LOOP ( 'NONE', ( #1042, #1316, #4493, #1322, #149, #220 ) ) ;
#671 = DIRECTION ( 'NONE',  ( 0.000000000000000000, 1.000000000000000000, 0.000000000000000000 ) ) ;
#672 = FACE_OUTER_BOUND ( 'NONE', #2899, .T. ) ;
#673 = ORIENTED_EDGE ( 'NONE', *, *, #658, .F. ) ;
#674 = VECTOR ( 'NONE', #2803, 1000.000000000000000 ) ;
#675 = CARTESIAN_POINT ( 'NONE',  ( 2.212298548786545194, 7.637902522199727429, 2.720357939236770495 ) ) ;
#676 = CIRCLE ( 'NONE', #1346, 3.100000000000000533 ) ;
#677 = CARTESIAN_POINT ( 'NONE',  ( 0.000000000000000000, -2.500000000000000444, -7.500000000000000000 ) ) ;
#678 = CARTESIAN_POINT ( 'NONE',  ( 2.367841899883668777, 7.571286292197370926, -2.577464788732389156 ) ) ;
#679 = VECTOR ( 'NONE', #1146, 1000.000000000000000 ) ;
#680 = ORIENTED_EDGE ( 'NONE', *, *, #2513, .T. ) ;
#681 = CARTESIAN_POINT ( 'NONE',  ( -0.6500000000000000222, -3.190814207394912838, 36.83445846704794491 ) ) ;
#682 = DIRECTION ( 'NONE',  ( 0.000000000000000000, 0.000000000000000000, 1.000000000000000000 ) ) ;
#683 = CARTESIAN_POINT ( 'NONE',  ( -2.500000000000001332, 0.000000000000000000, 1.833030277982333756 ) ) ;
#684 = CARTESIAN_POINT ( 'NONE',  ( 7.499999999999994671, 0.000000000000000000, -4.000000000000001776 ) ) ;
#685 = AXIS2_PLACEMENT_3D ( 'NONE', #3003, #1234, #3633 ) ;
#686 = ORIENTED_EDGE ( 'NONE', *, *, #3093, .F. ) ;
#687 = ORIENTED_EDGE ( 'NONE', *, *, #3345, .F. ) ;
#688 = ADVANCED_FACE ( 'NONE', ( #3063 ), #2711, .F. ) ;
#689 = LINE ( 'NONE', #3589, #690 ) ;
#690 = VECTOR ( 'NONE', #4555, 1000.000000000000114 ) ;
#691 = AXIS2_PLACEMENT_3D ( 'NONE', #2268, #3249, #2535 ) ;
#692 = EDGE_CURVE ( 'NONE', #917, #273, #3409, .T. ) ;
#693 = AXIS2_PLACEMENT_3D ( 'NONE', #3090, #4481, #4131 ) ;
#694 = AXIS2_PLACEMENT_3D ( 'NONE', #4563, #1768, #3547 ) ;
#695 = ORIENTED_EDGE ( 'NONE', *, *, #3835, .T. ) ;
#696 = LINE ( 'NONE', #718, #4042 ) ;
#697 = DIRECTION ( 'NONE',  ( 0.000000000000000000, 1.000000000000000000, 0.000000000000000000 ) ) ;
#698 = ORIENTED_EDGE ( 'NONE', *, *, #3115, .T. ) ;
#699 = VERTEX_POINT ( 'NONE', #2139 ) ;
#700 = DIRECTION ( 'NONE',  ( 5.117178395211820690E-17, 0.000000000000000000, -1.000000000000000000 ) ) ;
#701 = CARTESIAN_POINT ( 'NONE',  ( 2.796000079413182071, 7.571286293003887558, -2.577464790462382194 ) ) ;
#702 = CARTESIAN_POINT ( 'NONE',  ( 7.499999999999994671, 4.661157024793390669, -4.000000000000001776 ) ) ;
#703 = CARTESIAN_POINT ( 'NONE',  ( 0.6500000000000000222, 0.1888155173209505600, 34.82651745595467929 ) ) ;
#704 = PRODUCT_DEFINITION_SHAPE ( 'NONE', 'NONE',  #3886 ) ;
#705 = CARTESIAN_POINT ( 'NONE',  ( -0.2177219536776252018, 7.530965186505965470, -3.500000000000000888 ) ) ;
#706 = DIRECTION ( 'NONE',  ( -3.469446951953613696E-16, 0.000000000000000000, 1.000000000000000000 ) ) ;
#707 = DIRECTION ( 'NONE',  ( 0.000000000000000000, -0.000000000000000000, 1.000000000000000000 ) ) ;
#708 = DIRECTION ( 'NONE',  ( 0.000000000000000000, -1.000000000000000000, -0.000000000000000000 ) ) ;
#709 = CARTESIAN_POINT ( 'NONE',  ( -9.465000000000006963, 3.000000000000000000, -43.00000000000000000 ) ) ;
#710 = EDGE_LOOP ( 'NONE', ( #510, #2309, #3036, #2437, #4316 ) ) ;
#711 = DIRECTION ( 'NONE',  ( 0.000000000000000000, 0.000000000000000000, 1.000000000000000000 ) ) ;
#712 = ORIENTED_EDGE ( 'NONE', *, *, #745, .T. ) ;
#713 = DIRECTION ( 'NONE',  ( -1.000000000000000000, 0.000000000000000000, 4.336808689942017736E-16 ) ) ;
#714 = APPLICATION_PROTOCOL_DEFINITION ( 'draft international standard', 'automotive_design', 1998, #2828 ) ;
#715 = ADVANCED_FACE ( 'NONE', ( #4193 ), #2442, .F. ) ;
#716 = EDGE_CURVE ( 'NONE', #3256, #2357, #3172, .T. ) ;
#717 = EDGE_LOOP ( 'NONE', ( #2004, #63, #1210, #4079, #2976, #1897, #650 ) ) ;
#718 = CARTESIAN_POINT ( 'NONE',  ( 2.166969722017664246, 0.9999999999999995559, -7.500000000000000000 ) ) ;
#719 = CARTESIAN_POINT ( 'NONE',  ( -9.999999999999996447, 2.500000000000000000, -3.499999999999994671 ) ) ;
#720 = EDGE_LOOP ( 'NONE', ( #2240, #2812, #1239, #241 ) ) ;
#721 = ADVANCED_FACE ( 'NONE', ( #2790 ), #3868, .F. ) ;
#722 = EDGE_CURVE ( 'NONE', #2948, #45, #4460, .T. ) ;
#723 = CARTESIAN_POINT ( 'NONE',  ( 7.499999999999994671, 1.000000000000000000, -4.000000000000001776 ) ) ;
#724 = CARTESIAN_POINT ( 'NONE',  ( 10.00000000000000355, 2.500000000000000000, -9.099999999999999645 ) ) ;
#725 = DIRECTION ( 'NONE',  ( 0.000000000000000000, 0.000000000000000000, 1.000000000000000000 ) ) ;
#726 = DIRECTION ( 'NONE',  ( 5.117178395211820690E-17, 0.000000000000000000, -1.000000000000000000 ) ) ;
#727 = CARTESIAN_POINT ( 'NONE',  ( 0.6499999999999999112, -1.340533657219967756, 36.66050930035861910 ) ) ;
#728 = DIRECTION ( 'NONE',  ( 1.000000000000000000, 0.000000000000000000, 0.000000000000000000 ) ) ;
#729 = CARTESIAN_POINT ( 'NONE',  ( 0.000000000000000000, 0.000000000000000000, 0.000000000000000000 ) ) ;
#730 = CARTESIAN_POINT ( 'NONE',  ( 0.000000000000000000, -11.93398113205660493, -7.500000000000000000 ) ) ;
#731 = ORIENTED_EDGE ( 'NONE', *, *, #4062, .F. ) ;
#732 = CARTESIAN_POINT ( 'NONE',  ( 2.499999999999998224, 6.664939782721529760, -4.000000000000000888 ) ) ;
#733 = ORIENTED_EDGE ( 'NONE', *, *, #4062, .T. ) ;
#734 = DIRECTION ( 'NONE',  ( -1.000000000000000000, 0.000000000000000000, 4.336808689942017736E-16 ) ) ;
#735 = DIRECTION ( 'NONE',  ( 1.000000000000000000, 0.000000000000000000, 0.000000000000000000 ) ) ;
#736 = ORIENTED_EDGE ( 'NONE', *, *, #3700, .T. ) ;
#737 = CARTESIAN_POINT ( 'NONE',  ( 3.499999999999998668, 5.892081171634041326, -4.682965230320443872 ) ) ;
#738 = CARTESIAN_POINT ( 'NONE',  ( 2.699639971349381273, 7.422532325709082279, 2.239998808309178191 ) ) ;
#739 = ORIENTED_EDGE ( 'NONE', *, *, #3939, .T. ) ;
#740 = UNCERTAINTY_MEASURE_WITH_UNIT (LENGTH_MEASURE( 1.000000000000000082E-05 ), #4514, 'distance_accuracy_value', 'NONE');
#741 = CIRCLE ( 'NONE', #4312, 3.500000000000000000 ) ;
#742 = DIRECTION ( 'NONE',  ( -1.000000000000000000, 0.000000000000000000, 1.734723475976807094E-16 ) ) ;
#743 = CARTESIAN_POINT ( 'NONE',  ( -9.999999999999996447, 0.000000000000000000, -3.499999999999994671 ) ) ;
#744 = CYLINDRICAL_SURFACE ( 'NONE', #1444, 3.100000000000000089 ) ;
#745 = EDGE_CURVE ( 'NONE', #643, #1224, #2757, .T. ) ;
#746 = CARTESIAN_POINT ( 'NONE',  ( -0.6499999999999999112, -2.181801706382234141, 37.65414973380643460 ) ) ;
#747 = VECTOR ( 'NONE', #2006, 1000.000000000000000 ) ;
#748 = EDGE_CURVE ( 'NONE', #1692, #135, #2837, .T. ) ;
#749 = CIRCLE ( 'NONE', #2462, 1.000000000000000000 ) ;
#750 = CARTESIAN_POINT ( 'NONE',  ( 0.6499999999999999112, -2.308015080102794325, 33.03150561220349601 ) ) ;
#751 = LINE ( 'NONE', #3879, #2086 ) ;
#752 = CARTESIAN_POINT ( 'NONE',  ( -0.6500000000000000222, -0.02448351313884858035, 35.09712984753234366 ) ) ;
#753 = AXIS2_PLACEMENT_3D ( 'NONE', #2677, #1933, #3056 ) ;
#754 = VERTEX_POINT ( 'NONE', #331 ) ;
#755 = ORIENTED_EDGE ( 'NONE', *, *, #2885, .F. ) ;
#756 = AXIS2_PLACEMENT_3D ( 'NONE', #2668, #2033, #3793 ) ;
#757 = CARTESIAN_POINT ( 'NONE',  ( 10.00000000000000355, 2.500000000000000000, -1.099999999999998535 ) ) ;
#758 = ORIENTED_EDGE ( 'NONE', *, *, #2571, .F. ) ;
#759 = LINE ( 'NONE', #1536, #3821 ) ;
#760 = VECTOR ( 'NONE', #1164, 1000.000000000000000 ) ;
#761 =( BOUNDED_CURVE ( )  B_SPLINE_CURVE ( 3, ( #1394, #2118, #737, #2161 ),
 .UNSPECIFIED., .F., .F. ) 
 B_SPLINE_CURVE_WITH_KNOTS ( ( 4, 4 ),
 ( 3.794994671600792291, 4.712388980384689674 ),
 .UNSPECIFIED. ) 
 CURVE ( )  GEOMETRIC_REPRESENTATION_ITEM ( )  RATIONAL_B_SPLINE_CURVE ( ( 1.000000000000000000, 0.9310867551470798364, 0.9310867551470798364, 1.000000000000000000 ) ) 
 REPRESENTATION_ITEM ( '' )  );
#762 = AXIS2_PLACEMENT_3D ( 'NONE', #2883, #1813, #2861 ) ;
#763 = CONTEXT_DEPENDENT_SHAPE_REPRESENTATION ( #4441, #2817 ) ;
#764 = VECTOR ( 'NONE', #4579, 1000.000000000000000 ) ;
#765 = EDGE_LOOP ( 'NONE', ( #206, #1628, #4166, #1100, #3404, #2785 ) ) ;
#766 = DIRECTION ( 'NONE',  ( 0.000000000000000000, 0.000000000000000000, 1.000000000000000000 ) ) ;
#767 = CARTESIAN_POINT ( 'NONE',  ( -9.465000000000005187, 5.500000000000000000, -11.59999999999999964 ) ) ;
#768 = VERTEX_POINT ( 'NONE', #719 ) ;
#769 = CARTESIAN_POINT ( 'NONE',  ( 30.41025971044413367, 6.664939782721536865, 2.999999999999994227 ) ) ;
#770 = CIRCLE ( 'NONE', #1446, 1.000000000000000888 ) ;
#771 = AXIS2_PLACEMENT_3D ( 'NONE', #2917, #3269, #2516 ) ;
#772 = CARTESIAN_POINT ( 'NONE',  ( -0.6500000000000000222, 0.1888155173209505600, 34.82651745595467929 ) ) ;
#773 = DIRECTION ( 'NONE',  ( 0.000000000000000000, -1.000000000000000000, -0.000000000000000000 ) ) ;
#774 = CARTESIAN_POINT ( 'NONE',  ( 3.107891189805207510, 5.269048214598558211, 4.205979659355469913 ) ) ;
#775 = CARTESIAN_POINT ( 'NONE',  ( -0.6500000000000000222, -0.9908127314164038024, 32.54064752519589376 ) ) ;
#776 = ADVANCED_FACE ( 'NONE', ( #672 ), #2684, .F. ) ;
#777 = DIRECTION ( 'NONE',  ( 0.000000000000000000, 0.000000000000000000, -1.000000000000000000 ) ) ;
#778 = EDGE_CURVE ( 'NONE', #3985, #622, #3360, .T. ) ;
#779 =( NAMED_UNIT ( * ) PLANE_ANGLE_UNIT ( ) SI_UNIT ( $, .RADIAN. ) );
#780 = LINE ( 'NONE', #3558, #1202 ) ;
#781 = CARTESIAN_POINT ( 'NONE',  ( -0.6500000000000000222, -1.594453988679086720, 34.93407519899149349 ) ) ;
#782 = VERTEX_POINT ( 'NONE', #4109 ) ;
#783 = DIRECTION ( 'NONE',  ( -0.000000000000000000, -1.000000000000000000, -0.000000000000000000 ) ) ;
#784 = LINE ( 'NONE', #2884, #2526 ) ;
#785 = DIRECTION ( 'NONE',  ( 0.000000000000000000, 1.000000000000000000, 0.000000000000000000 ) ) ;
#786 = ADVANCED_BREP_SHAPE_REPRESENTATION ( '', ( #2069, #254 ), #2339 ) ;
#787 = VERTEX_POINT ( 'NONE', #921 ) ;
#788 = SURFACE_SIDE_STYLE ('',( #886 ) ) ;
#789 = ORIENTED_EDGE ( 'NONE', *, *, #1918, .F. ) ;
#790 = CARTESIAN_POINT ( 'NONE',  ( 2.541220683200383412, 7.497031489112020886, -2.418186745640258817 ) ) ;
#791 = ORIENTED_EDGE ( 'NONE', *, *, #2571, .T. ) ;
#792 = CARTESIAN_POINT ( 'NONE',  ( 2.500000000000002220, 8.494568424132230788, 3.999999999999999112 ) ) ;
#793 = CARTESIAN_POINT ( 'NONE',  ( 30.41025971044413367, 7.571286292197375367, 2.577464788732388712 ) ) ;
#794 = CARTESIAN_POINT ( 'NONE',  ( 2.500000000000000444, 7.571286292197374479, -2.577464788732395373 ) ) ;
#795 = CARTESIAN_POINT ( 'NONE',  ( -14.46499999999999986, 0.000000000000000000, 0.000000000000000000 ) ) ;
#796 = CARTESIAN_POINT ( 'NONE',  ( -0.6499999999999999112, -0.4282046297632469689, 35.57839901668460669 ) ) ;
#797 = CARTESIAN_POINT ( 'NONE',  ( 7.499999999999999112, 13.10000000000000142, 6.099999999999996092 ) ) ;
#798 = DIRECTION ( 'NONE',  ( -0.000000000000000000, 1.000000000000000000, -0.000000000000000000 ) ) ;
#799 = CARTESIAN_POINT ( 'NONE',  ( -0.6500000000000000222, 0.5819080843976162098, 33.93816449873333596 ) ) ;
#800 = EDGE_CURVE ( 'NONE', #4247, #647, #676, .T. ) ;
#801 = EDGE_LOOP ( 'NONE', ( #9, #2201, #1771, #3351, #3472, #1110, #652, #231, #576, #1555, #1673, #1614, #1623, #3176, #4213, #978, #1931, #3274, #1412, #3344, #850, #2061, #4147, #2648, #3523, #2456, #2259, #397, #791 ) ) ;
#802 = CARTESIAN_POINT ( 'NONE',  ( 3.107891189805207510, 5.269048214598558211, 4.205979659355469913 ) ) ;
#803 = ORIENTED_EDGE ( 'NONE', *, *, #4116, .T. ) ;
#804 = DIRECTION ( 'NONE',  ( -1.000000000000000000, 0.000000000000000000, 0.000000000000000000 ) ) ;
#805 = ADVANCED_FACE ( 'NONE', ( #2120 ), #3548, .T. ) ;
#806 = EDGE_CURVE ( 'NONE', #3066, #1652, #3284, .T. ) ;
#807 = CONTEXT_DEPENDENT_SHAPE_REPRESENTATION ( #211, #294 ) ;
#808 = EDGE_LOOP ( 'NONE', ( #3615, #3981, #1328, #4073 ) ) ;
#809 = FILL_AREA_STYLE ('',( #4024 ) ) ;
#810 = DIRECTION ( 'NONE',  ( -1.000000000000000000, -0.000000000000000000, 4.336808689942018229E-16 ) ) ;
#811 = ORIENTED_EDGE ( 'NONE', *, *, #1776, .F. ) ;
#812 = DIRECTION ( 'NONE',  ( -0.000000000000000000, 1.000000000000000000, -0.000000000000000000 ) ) ;
#813 = CARTESIAN_POINT ( 'NONE',  ( -9.999999999999996447, 3.000000000000000000, -5.099999999999996980 ) ) ;
#814 = LINE ( 'NONE', #2235, #1820 ) ;
#815 = LINE ( 'NONE', #3601, #390 ) ;
#816 = DIRECTION ( 'NONE',  ( -0.000000000000000000, 1.000000000000000000, -0.000000000000000000 ) ) ;
#817 = PLANE ( 'NONE',  #3530 ) ;
#818 = VERTEX_POINT ( 'NONE', #1099 ) ;
#819 = FACE_OUTER_BOUND ( 'NONE', #1548, .T. ) ;
#820 = ADVANCED_FACE ( 'NONE', ( #2530 ), #4303, .T. ) ;
#821 = DIRECTION ( 'NONE',  ( 1.000000000000000000, 0.000000000000000000, 0.000000000000000000 ) ) ;
#822 = AXIS2_PLACEMENT_3D ( 'NONE', #2206, #1508, #2932 ) ;
#823 = DIRECTION ( 'NONE',  ( 0.000000000000000000, 0.000000000000000000, 1.000000000000000000 ) ) ;
#824 = CARTESIAN_POINT ( 'NONE',  ( 3.673940397442060361E-16, 3.000000000000000000, 3.000000000000000444 ) ) ;
#825 = CARTESIAN_POINT ( 'NONE',  ( -0.6500000000000000222, -0.6220872213875416890, 35.79729224967505274 ) ) ;
#826 = ORIENTED_EDGE ( 'NONE', *, *, #2661, .T. ) ;
#827 = CARTESIAN_POINT ( 'NONE',  ( -5.974999999999999645, 0.000000000000000000, 31.78000000000000114 ) ) ;
#828 = LINE ( 'NONE', #489, #1046 ) ;
#829 = LINE ( 'NONE', #513, #2629 ) ;
#830 = CIRCLE ( 'NONE', #3433, 1.599999999999997202 ) ;
#831 = EDGE_CURVE ( 'NONE', #1810, #2277, #749, .T. ) ;
#832 = ORIENTED_EDGE ( 'NONE', *, *, #4106, .F. ) ;
#833 = PLANE ( 'NONE',  #1135 ) ;
#834 = ORIENTED_EDGE ( 'NONE', *, *, #4282, .T. ) ;
#835 = EDGE_CURVE ( 'NONE', #572, #4435, #3568, .T. ) ;
#836 = DIRECTION ( 'NONE',  ( 0.000000000000000000, 0.000000000000000000, 1.000000000000000000 ) ) ;
#837 = TOROIDAL_SURFACE ( 'NONE', #1227, 7.099999999999999645, 1.000000000000000000 ) ;
#838 = VECTOR ( 'NONE', #555, 1000.000000000000000 ) ;
#839 = EDGE_LOOP ( 'NONE', ( #4214, #281 ) ) ;
#840 = FACE_OUTER_BOUND ( 'NONE', #4440, .T. ) ;
#841 = CIRCLE ( 'NONE', #2389, 1.100000000000000089 ) ;
#842 = AXIS2_PLACEMENT_3D ( 'NONE', #4041, #3672, #2617 ) ;
#843 = FACE_OUTER_BOUND ( 'NONE', #892, .T. ) ;
#844 = DIRECTION ( 'NONE',  ( 1.000000000000000000, -0.000000000000000000, 5.782411586589358625E-17 ) ) ;
#845 = DIRECTION ( 'NONE',  ( 0.000000000000000000, 1.000000000000000000, 0.000000000000000000 ) ) ;
#846 = DIRECTION ( 'NONE',  ( 0.000000000000000000, 0.000000000000000000, 1.000000000000000000 ) ) ;
#847 = CARTESIAN_POINT ( 'NONE',  ( 0.6499999999999999112, -2.290812734463612887, 31.78000000000000469 ) ) ;
#848 = ADVANCED_BREP_SHAPE_REPRESENTATION ( '', ( #3626, #254 ), #4345 ) ;
#849 = VECTOR ( 'NONE', #4298, 1000.000000000000000 ) ;
#850 = ORIENTED_EDGE ( 'NONE', *, *, #1119, .F. ) ;
#851 = AXIS2_PLACEMENT_3D ( 'NONE', #409, #1174, #777 ) ;
#852 = VECTOR ( 'NONE', #3902, 1000.000000000000000 ) ;
#853 = VECTOR ( 'NONE', #3102, 1000.000000000000000 ) ;
#854 = CARTESIAN_POINT ( 'NONE',  ( 3.500000000000000000, 13.10000000000000142, -1.517883041479706010E-15 ) ) ;
#855 = CARTESIAN_POINT ( 'NONE',  ( -9.999999999999996447, 3.000000000000000000, -6.699999999999998401 ) ) ;
#856 = LINE ( 'NONE', #2314, #3130 ) ;
#857 = CARTESIAN_POINT ( 'NONE',  ( -0.6499999999999999112, 1.989007204725256051, 33.13843611507216025 ) ) ;
#858 = VERTEX_POINT ( 'NONE', #3310 ) ;
#859 = DIRECTION ( 'NONE',  ( 0.000000000000000000, 1.000000000000000000, 0.000000000000000000 ) ) ;
#860 = LINE ( 'NONE', #531, #596 ) ;
#861 = DIRECTION ( 'NONE',  ( -1.000000000000000000, 0.000000000000000000, 0.000000000000000000 ) ) ;
#862 = ITEM_DEFINED_TRANSFORMATION ( 'NONE', 'NONE', #3453,  #254 ) ;
#863 = VERTEX_POINT ( 'NONE', #1540 ) ;
#864 =( NAMED_UNIT ( * ) PLANE_ANGLE_UNIT ( ) SI_UNIT ( $, .RADIAN. ) );
#865 = CARTESIAN_POINT ( 'NONE',  ( -14.46500000000000696, 3.000000000000000000, -33.00000000000001421 ) ) ;
#866 = VERTEX_POINT ( 'NONE', #443 ) ;
#867 = EDGE_CURVE ( 'NONE', #495, #1295, #2258, .T. ) ;
#868 = DIRECTION ( 'NONE',  ( 0.000000000000000000, 0.000000000000000000, 1.000000000000000000 ) ) ;
#869 = ORIENTED_EDGE ( 'NONE', *, *, #2912, .F. ) ;
#870 = CARTESIAN_POINT ( 'NONE',  ( 0.000000000000000000, 2.499999999999999556, 2.500000000000000444 ) ) ;
#871 = ORIENTED_EDGE ( 'NONE', *, *, #155, .T. ) ;
#872 = DIRECTION ( 'NONE',  ( 2.398511546459462900E-16, 0.000000000000000000, -1.000000000000000000 ) ) ;
#873 = CARTESIAN_POINT ( 'NONE',  ( -2.500000000000000444, -9.899494936611665352, -2.449489742783177881 ) ) ;
#874 = ORIENTED_EDGE ( 'NONE', *, *, #1399, .T. ) ;
#875 = ADVANCED_FACE ( 'NONE', ( #4376 ), #1516, .F. ) ;
#876 = EDGE_CURVE ( 'NONE', #3890, #1567, #2577, .T. ) ;
#877 = CARTESIAN_POINT ( 'NONE',  ( 2.539417670644428693, 8.237151881359508820, 3.996179693132605681 ) ) ;
#878 = CARTESIAN_POINT ( 'NONE',  ( -0.6500000000000000222, -0.5999995286165449304, 32.52458476570146217 ) ) ;
#879 = CARTESIAN_POINT ( 'NONE',  ( -0.6500000000000000222, -3.190814207394912838, 36.83445846704794491 ) ) ;
#880 = DIRECTION ( 'NONE',  ( 0.000000000000000000, 1.000000000000000000, 0.000000000000000000 ) ) ;
#881 = ORIENTED_EDGE ( 'NONE', *, *, #2721, .F. ) ;
#882 = CARTESIAN_POINT ( 'NONE',  ( 3.500000000000001776, 5.892081171634039549, 4.682965230320440320 ) ) ;
#883 = CARTESIAN_POINT ( 'NONE',  ( 0.000000000000000000, -9.899494936611665352, 0.000000000000000000 ) ) ;
#884 = DIRECTION ( 'NONE',  ( -1.000000000000000000, -0.000000000000000000, -0.000000000000000000 ) ) ;
#885 = EDGE_LOOP ( 'NONE', ( #527, #188 ) ) ;
#886 = SURFACE_STYLE_FILL_AREA ( #809 ) ;
#887 = VERTEX_POINT ( 'NONE', #2962 ) ;
#888 = VERTEX_POINT ( 'NONE', #1823 ) ;
#889 = DIRECTION ( 'NONE',  ( -0.000000000000000000, -0.000000000000000000, 1.000000000000000000 ) ) ;
#890 = ORIENTED_EDGE ( 'NONE', *, *, #2396, .F. ) ;
#891 = FACE_BOUND ( 'NONE', #344, .T. ) ;
#892 = EDGE_LOOP ( 'NONE', ( #3124, #3332, #2306, #4375, #3976, #2353 ) ) ;
#893 = ADVANCED_FACE ( 'NONE', ( #1470 ), #3957, .T. ) ;
#894 = DIRECTION ( 'NONE',  ( 1.000000000000000000, 0.000000000000000000, 0.000000000000000000 ) ) ;
#895 = CARTESIAN_POINT ( 'NONE',  ( -0.6500000000000000222, -1.996251185526779937, 35.38357396385173814 ) ) ;
#896 = CARTESIAN_POINT ( 'NONE',  ( -0.6500000000000000222, -1.004910539250555068, 33.08497086363783524 ) ) ;
#897 = CARTESIAN_POINT ( 'NONE',  ( 9.465000000000005187, 5.500000000000000000, -16.60000000000000853 ) ) ;
#898 = EDGE_CURVE ( 'NONE', #2890, #3031, #1651, .T. ) ;
#899 = ORIENTED_EDGE ( 'NONE', *, *, #4136, .T. ) ;
#900 = PRESENTATION_STYLE_ASSIGNMENT (( #3095 ) ) ;
#901 = FACE_OUTER_BOUND ( 'NONE', #3045, .T. ) ;
#902 = FACE_OUTER_BOUND ( 'NONE', #492, .T. ) ;
#903 = CIRCLE ( 'NONE', #3656, 1.100000000000000089 ) ;
#904 = CIRCLE ( 'NONE', #4321, 3.100000000000000089 ) ;
#905 = EDGE_LOOP ( 'NONE', ( #3489, #2068, #2760, #2558 ) ) ;
#906 = DIRECTION ( 'NONE',  ( 0.000000000000000000, 0.000000000000000000, 1.000000000000000000 ) ) ;
#907 = CIRCLE ( 'NONE', #2011, 1.000000000000000000 ) ;
#908 =( LENGTH_UNIT ( ) NAMED_UNIT ( * ) SI_UNIT ( .MILLI., .METRE. ) );
#909 = VERTEX_POINT ( 'NONE', #4352 ) ;
#910 = LINE ( 'NONE', #207, #4425 ) ;
#911 = ORIENTED_EDGE ( 'NONE', *, *, #375, .F. ) ;
#912 = PLANE ( 'NONE',  #753 ) ;
#913 = AXIS2_PLACEMENT_3D ( 'NONE', #136, #1558, #4392 ) ;
#914 = ORIENTED_EDGE ( 'NONE', *, *, #502, .T. ) ;
#915 = PRESENTATION_LAYER_ASSIGNMENT (  '', '', ( #612 ) ) ;
#916 = AXIS2_PLACEMENT_3D ( 'NONE', #3769, #1664, #3089 ) ;
#917 = VERTEX_POINT ( 'NONE', #2229 ) ;
#918 = CARTESIAN_POINT ( 'NONE',  ( 2.794417033996013267, 7.577790590338595145, 2.591549190907334488 ) ) ;
#919 = CARTESIAN_POINT ( 'NONE',  ( 0.6499999999999999112, 1.262608573360325392, 35.57839901668460669 ) ) ;
#920 = AXIS2_PLACEMENT_3D ( 'NONE', #1134, #785, #3980 ) ;
#921 = CARTESIAN_POINT ( 'NONE',  ( -9.465000000000005187, 8.000000000000000000, -19.09999999999999787 ) ) ;
#922 = CARTESIAN_POINT ( 'NONE',  ( 0.6500000000000000222, 0.6859026638730170156, 33.08497086363783524 ) ) ;
#923 = CIRCLE ( 'NONE', #1603, 3.000000000000000444 ) ;
#924 = ORIENTED_EDGE ( 'NONE', *, *, #1465, .T. ) ;
#925 = ADVANCED_FACE ( 'NONE', ( #2190 ), #3688, .T. ) ;
#926 = AXIS2_PLACEMENT_3D ( 'NONE', #1268, #2647, #2685 ) ;
#927 = AXIS2_PLACEMENT_3D ( 'NONE', #1568, #3019, #1955 ) ;
#928 = EDGE_CURVE ( 'NONE', #1696, #2000, #1793, .T. ) ;
#929 = DIRECTION ( 'NONE',  ( 1.826024711554533913E-16, 0.000000000000000000, 1.000000000000000000 ) ) ;
#930 = DIRECTION ( 'NONE',  ( -0.000000000000000000, 1.000000000000000000, -0.000000000000000000 ) ) ;
#931 = CARTESIAN_POINT ( 'NONE',  ( -14.46500000000000696, 0.000000000000000000, -43.00000000000000000 ) ) ;
#932 = AXIS2_PLACEMENT_3D ( 'NONE', #4558, #396, #2417 ) ;
#933 = ORIENTED_EDGE ( 'NONE', *, *, #1970, .T. ) ;
#934 = SURFACE_SIDE_STYLE ('',( #1615 ) ) ;
#935 = EDGE_LOOP ( 'NONE', ( #1698, #4496, #664, #4529 ) ) ;
#936 = PLANE ( 'NONE',  #3236 ) ;
#937 = ORIENTED_EDGE ( 'NONE', *, *, #1891, .T. ) ;
#938 = DIRECTION ( 'NONE',  ( 0.000000000000000000, 1.000000000000000000, 0.000000000000000000 ) ) ;
#939 = ORIENTED_EDGE ( 'NONE', *, *, #4368, .F. ) ;
#940 = EDGE_CURVE ( 'NONE', #3261, #3733, #1586, .T. ) ;
#941 = CARTESIAN_POINT ( 'NONE',  ( 2.965236066064392606, 8.359174478627997118, 3.890488652943273618 ) ) ;
#942 = CARTESIAN_POINT ( 'NONE',  ( -0.6500000000000000222, -2.509013505284016787, 36.01476720028945522 ) ) ;
#943 = CARTESIAN_POINT ( 'NONE',  ( 10.00000000000000355, 2.500000000000000000, -5.099999999999999645 ) ) ;
#944 = VERTEX_POINT ( 'NONE', #2634 ) ;
#945 = LINE ( 'NONE', #3068, #747 ) ;
#946 = LINE ( 'NONE', #2363, #548 ) ;
#947 = EDGE_CURVE ( 'NONE', #3449, #3050, #830, .T. ) ;
#948 = ORIENTED_EDGE ( 'NONE', *, *, #3758, .T. ) ;
#949 = EDGE_CURVE ( 'NONE', #4157, #3484, #8, .T. ) ;
#950 = CARTESIAN_POINT ( 'NONE',  ( -14.46500000000000696, 3.000000000000000000, -33.00000000000001421 ) ) ;
#951 = EDGE_CURVE ( 'NONE', #787, #1295, #1211, .T. ) ;
#952 = EDGE_LOOP ( 'NONE', ( #2444, #4454, #2298, #3300 ) ) ;
#953 = DIRECTION ( 'NONE',  ( -0.000000000000000000, 1.000000000000000000, -0.000000000000000000 ) ) ;
#954 = ORIENTED_EDGE ( 'NONE', *, *, #2175, .T. ) ;
#955 = DIRECTION ( 'NONE',  ( -1.826024711554533913E-16, 0.000000000000000000, -1.000000000000000000 ) ) ;
#956 = VERTEX_POINT ( 'NONE', #4057 ) ;
#957 = VERTEX_POINT ( 'NONE', #865 ) ;
#958 = DIRECTION ( 'NONE',  ( 1.000000000000000000, 0.000000000000000000, 0.000000000000000000 ) ) ;
#959 = CARTESIAN_POINT ( 'NONE',  ( -0.6500000000000000222, 0.7000004717071685034, 32.54064752519589376 ) ) ;
#960 = CARTESIAN_POINT ( 'NONE',  ( 0.6500000000000000222, 0.7000004686599590187, 31.78000000000000114 ) ) ;
#961 = ORIENTED_EDGE ( 'NONE', *, *, #3884, .T. ) ;
#962 = PRODUCT_DEFINITION_FORMATION_WITH_SPECIFIED_SOURCE ( 'ä»', '', #2414, .NOT_KNOWN. ) ;
#963 = PLANE ( 'NONE',  #3446 ) ;
#964 = LINE ( 'NONE', #2381, #2622 ) ;
#965 = FACE_BOUND ( 'NONE', #4111, .T. ) ;
#966 = DIRECTION ( 'NONE',  ( -0.000000000000000000, -0.000000000000000000, -1.000000000000000000 ) ) ;
#967 = ORIENTED_EDGE ( 'NONE', *, *, #4239, .F. ) ;
#968 = ORIENTED_EDGE ( 'NONE', *, *, #4250, .F. ) ;
#969 = FACE_OUTER_BOUND ( 'NONE', #1602, .T. ) ;
#970 = CARTESIAN_POINT ( 'NONE',  ( 10.00974632564748745, -39.65802106414908224, 15.97162887927170516 ) ) ;
#971 = AXIS2_PLACEMENT_3D ( 'NONE', #2734, #1989, #3413 ) ;
#972 = ADVANCED_FACE ( 'NONE', ( #1773 ), #1421, .F. ) ;
#973 = ORIENTED_EDGE ( 'NONE', *, *, #605, .F. ) ;
#974 = PLANE ( 'NONE',  #252 ) ;
#975 = ORIENTED_EDGE ( 'NONE', *, *, #57, .T. ) ;
#976 = CARTESIAN_POINT ( 'NONE',  ( 4.000000000000000000, 0.000000000000000000, -4.999999999999999112 ) ) ;
#977 = VECTOR ( 'NONE', #350, 1000.000000000000000 ) ;
#978 = ORIENTED_EDGE ( 'NONE', *, *, #4026, .F. ) ;
#979 = UNCERTAINTY_MEASURE_WITH_UNIT (LENGTH_MEASURE( 1.000000000000000082E-05 ), #1345, 'distance_accuracy_value', 'NONE');
#980 = ORIENTED_EDGE ( 'NONE', *, *, #1557, .T. ) ;
#981 = AXIS2_PLACEMENT_3D ( 'NONE', #146, #4474, #2288 ) ;
#982 = FACE_OUTER_BOUND ( 'NONE', #3706, .T. ) ;
#983 = CARTESIAN_POINT ( 'NONE',  ( 4.351076210195206961, 8.201425384514106298, -3.637152669473037836 ) ) ;
#984 = DIRECTION ( 'NONE',  ( 0.000000000000000000, 0.000000000000000000, 1.000000000000000000 ) ) ;
#985 = FACE_OUTER_BOUND ( 'NONE', #1987, .T. ) ;
#986 =( GEOMETRIC_REPRESENTATION_CONTEXT ( 3 ) GLOBAL_UNCERTAINTY_ASSIGNED_CONTEXT ( ( #740 ) ) GLOBAL_UNIT_ASSIGNED_CONTEXT ( ( #4514, #1973, #3465 ) ) REPRESENTATION_CONTEXT ( 'NONE', 'WORKASPACE' ) );
#987 = CIRCLE ( 'NONE', #4551, 2.000000000000000000 ) ;
#988 = CIRCLE ( 'NONE', #920, 3.100000000000000089 ) ;
#989 = AXIS2_PLACEMENT_3D ( 'NONE', #1015, #2077, #30 ) ;
#990 = CARTESIAN_POINT ( 'NONE',  ( -2.367841899883667001, 7.571286292197387802, -2.577464788732422907 ) ) ;
#991 = CARTESIAN_POINT ( 'NONE',  ( 12.46499999999999986, 5.500000000000000000, -16.60000000000000853 ) ) ;
#992 = CARTESIAN_POINT ( 'NONE',  ( 2.499999999999998224, 5.000000000000000000, -4.000000000000000888 ) ) ;
#993 = CARTESIAN_POINT ( 'NONE',  ( 0.000000000000000000, -5.000000000000000000, 1.100000000000000089 ) ) ;
#994 = CARTESIAN_POINT ( 'NONE',  ( -14.46500000000001052, 5.500000000000000000, -11.59999999999999964 ) ) ;
#995 = ORIENTED_EDGE ( 'NONE', *, *, #1667, .T. ) ;
#996 = CIRCLE ( 'NONE', #2027, 6.099999999999999645 ) ;
#997 = AXIS2_PLACEMENT_3D ( 'NONE', #1542, #165, #1595 ) ;
#998 = ORIENTED_EDGE ( 'NONE', *, *, #2457, .F. ) ;
#999 = CARTESIAN_POINT ( 'NONE',  ( 8.508367790880333459, -34.15802106414908224, -5.628371120728298926 ) ) ;
#1000 = VERTEX_POINT ( 'NONE', #1007 ) ;
#1001 = DIRECTION ( 'NONE',  ( 1.000000000000000000, 0.000000000000000000, 0.000000000000000000 ) ) ;
#1002 = VERTEX_POINT ( 'NONE', #3498 ) ;
#1003 = CARTESIAN_POINT ( 'NONE',  ( -2.499999999999998668, 6.664939782721536865, 3.000000000000008882 ) ) ;
#1004 = ADVANCED_FACE ( 'NONE', ( #4215 ), #3177, .F. ) ;
#1005 = PRODUCT_DEFINITION_SHAPE ( 'NONE', 'NONE',  #1437 ) ;
#1006 = ORIENTED_EDGE ( 'NONE', *, *, #665, .T. ) ;
#1007 = CARTESIAN_POINT ( 'NONE',  ( 1.347111479062088503E-16, 1.800000000000000488, -1.100000000000000089 ) ) ;
#1008 = CARTESIAN_POINT ( 'NONE',  ( 8.000000000000000000, 0.000000000000000000, 0.000000000000000000 ) ) ;
#1009 = DIRECTION ( 'NONE',  ( -1.000000000000000000, -0.000000000000000000, 4.336808689942018229E-16 ) ) ;
#1010 = CARTESIAN_POINT ( 'NONE',  ( 7.499999999999996447, 5.269048214598559099, 4.205979659355469025 ) ) ;
#1011 = EDGE_CURVE ( 'NONE', #3562, #572, #3850, .T. ) ;
#1012 = EDGE_CURVE ( 'NONE', #787, #2209, #2747, .T. ) ;
#1013 = CARTESIAN_POINT ( 'NONE',  ( -2.038695525793150942, 7.660952346355148990, -2.853414879926146952 ) ) ;
#1014 = DIRECTION ( 'NONE',  ( 1.000000000000000000, 0.000000000000000000, 5.117178395211820690E-17 ) ) ;
#1015 = CARTESIAN_POINT ( 'NONE',  ( 4.000000000000000000, 0.000000000000000000, -4.999999999999999112 ) ) ;
#1016 = DIRECTION ( 'NONE',  ( 1.000000000000000000, 0.000000000000000000, 3.469446951953611724E-16 ) ) ;
#1017 = DIRECTION ( 'NONE',  ( -1.000000000000000000, -0.000000000000000000, -0.000000000000000000 ) ) ;
#1018 =( BOUNDED_SURFACE ( )  B_SPLINE_SURFACE ( 3, 2, ( 
 ( #4266, #2023, #306 ),
 ( #2377, #2843, #2446 ),
 ( #4587, #2795, #3805 ),
 ( #608, #3454, #983 ),
 ( #1684, #654, #2748 ),
 ( #2401, #283, #3832 ),
 ( #633, #2049, #4236 ),
 ( #3474, #2071, #1729 ),
 ( #1755, #4569, #3127 ),
 ( #4542, #1357, #2774 ),
 ( #1398, #1381, #3872 ),
 ( #335, #3178, #2814 ),
 ( #1048, #2470, #701 ),
 ( #474, #2215, #794 ) ),
 .UNSPECIFIED., .F., .F., .F. ) 
 B_SPLINE_SURFACE_WITH_KNOTS ( ( 4, 2, 2, 2, 2, 2, 4 ),
 ( 3, 3 ),
 ( 0.003308053895359055595, 0.004180232081041974218, 0.004616321173883433313, 0.005052410266724893274, 0.005488499359566353236, 0.005924588452407812331, 0.006796766638090731387 ),
 ( 0.000000000000000000, 1.000000000000000000 ),
 .UNSPECIFIED. ) 
 GEOMETRIC_REPRESENTATION_ITEM ( )  RATIONAL_B_SPLINE_SURFACE ( (
 ( 1.000000000000000000, 0.7071067811865472397, 1.000000000000000000),
 ( 1.000000000000000000, 0.6809355930646738830, 1.000000000000000000),
 ( 1.000000000000000000, 0.6554766823960752609, 1.000000000000000000),
 ( 1.000000000000000000, 0.6208200125340421760, 1.000000000000000000),
 ( 1.000000000000000000, 0.6098951005805960390, 1.000000000000000000),
 ( 1.000000000000000000, 0.5904663916119389233, 1.000000000000000000),
 ( 1.000000000000000000, 0.5818412523513221135, 1.000000000000000000),
 ( 1.000000000000000000, 0.5669061002378628089, 1.000000000000000000),
 ( 1.000000000000000000, 0.5608735277531911034, 1.000000000000000000),
 ( 1.000000000000000000, 0.5511449629409559403, 1.000000000000000000),
 ( 1.000000000000000000, 0.5474118778970292754, 1.000000000000000000),
 ( 1.000000000000000000, 0.5392128925069532563, 1.000000000000000000),
 ( 1.000000000000000000, 0.5374368346225764093, 1.000000000000000000),
 ( 1.000000000000000000, 0.5373382494911348450, 1.000000000000000000) ) ) 
 REPRESENTATION_ITEM ( '' )  SURFACE ( )  );
#1019 = EDGE_LOOP ( 'NONE', ( #1788, #3549, #2271, #3730 ) ) ;
#1020 = ORIENTED_EDGE ( 'NONE', *, *, #4455, .F. ) ;
#1021 = SURFACE_STYLE_FILL_AREA ( #4534 ) ;
#1022 = APPLICATION_PROTOCOL_DEFINITION ( 'draft international standard', 'automotive_design', 1998, #4113 ) ;
#1023 = VERTEX_POINT ( 'NONE', #3152 ) ;
#1024 = CARTESIAN_POINT ( 'NONE',  ( 0.000000000000000000, 0.000000000000000000, 0.000000000000000000 ) ) ;
#1025 = DIRECTION ( 'NONE',  ( -0.000000000000000000, 1.000000000000000000, -0.000000000000000000 ) ) ;
#1026 = EDGE_LOOP ( 'NONE', ( #3033, #3668, #2908, #1949 ) ) ;
#1027 = CARTESIAN_POINT ( 'NONE',  ( 4.000000000000000000, 1.999999999999999556, -4.999999999999999112 ) ) ;
#1028 = FACE_OUTER_BOUND ( 'NONE', #1974, .T. ) ;
#1029 = CARTESIAN_POINT ( 'NONE',  ( 12.46499999999999986, 3.000000000000000000, -9.099999999999997868 ) ) ;
#1030 = CARTESIAN_POINT ( 'NONE',  ( 10.00000000000000355, 3.000000000000000000, -5.099999999999999645 ) ) ;
#1031 = ADVANCED_FACE ( 'NONE', ( #982 ), #3919, .F. ) ;
#1032 = PRODUCT_RELATED_PRODUCT_CATEGORY ( 'part', '', ( #2715 ) ) ;
#1033 = CARTESIAN_POINT ( 'NONE',  ( -0.8581383999941041285, 7.582504405023842153, -3.400062434974523207 ) ) ;
#1034 = CARTESIAN_POINT ( 'NONE',  ( -9.999999999999996447, 3.000000000000000000, -9.099999999999997868 ) ) ;
#1035 = ADVANCED_FACE ( 'NONE', ( #3194, #334 ), #2813, .F. ) ;
#1036 = DIRECTION ( 'NONE',  ( 0.000000000000000000, 1.000000000000000000, 0.000000000000000000 ) ) ;
#1037 = DIRECTION ( 'NONE',  ( 0.000000000000000000, 0.000000000000000000, 1.000000000000000000 ) ) ;
#1038 = DIRECTION ( 'NONE',  ( -4.275726877407623433E-16, 0.000000000000000000, -1.000000000000000000 ) ) ;
#1039 = ORIENTED_EDGE ( 'NONE', *, *, #2686, .F. ) ;
#1040 = VERTEX_POINT ( 'NONE', #4235 ) ;
#1041 = DIRECTION ( 'NONE',  ( 0.000000000000000000, 0.000000000000000000, 1.000000000000000000 ) ) ;
#1042 = ORIENTED_EDGE ( 'NONE', *, *, #155, .F. ) ;
#1043 = CARTESIAN_POINT ( 'NONE',  ( 30.41025971044413367, 13.10000000000000142, -1.318834785756477476E-14 ) ) ;
#1044 = DIRECTION ( 'NONE',  ( -8.881784197001254296E-16, 0.000000000000000000, 1.000000000000000000 ) ) ;
#1045 = ORIENTED_EDGE ( 'NONE', *, *, #4026, .T. ) ;
#1046 = VECTOR ( 'NONE', #1906, 1000.000000000000000 ) ;
#1047 = DIRECTION ( 'NONE',  ( 1.000000000000000000, 0.000000000000000000, 5.117178395211820690E-17 ) ) ;
#1048 = CARTESIAN_POINT ( 'NONE',  ( 2.648000039761295721, 6.664939783651314897, -4.000000000000000888 ) ) ;
#1049 = AXIS2_PLACEMENT_3D ( 'NONE', #371, #1985, #2342 ) ;
#1050 = DIRECTION ( 'NONE',  ( -2.168404344971005910E-16, 0.7940203406445285328, -0.6078911898051713170 ) ) ;
#1051 = CARTESIAN_POINT ( 'NONE',  ( 0.000000000000000000, 2.499999999999999556, 2.500000000000000444 ) ) ;
#1052 = CIRCLE ( 'NONE', #2693, 1.000000000000000000 ) ;
#1053 = FACE_OUTER_BOUND ( 'NONE', #1324, .T. ) ;
#1054 = DIRECTION ( 'NONE',  ( 1.000000000000000000, 0.000000000000000000, 0.000000000000000000 ) ) ;
#1055 = LINE ( 'NONE', #3582, #1659 ) ;
#1056 = CIRCLE ( 'NONE', #237, 3.500000000000000000 ) ;
#1057 = CARTESIAN_POINT ( 'NONE',  ( 4.000000000000000000, -2.500000000000000444, -4.999999999999999112 ) ) ;
#1058 = PLANE ( 'NONE',  #1143 ) ;
#1059 = STYLED_ITEM ( 'NONE', ( #900 ), #1935 ) ;
#1060 = ADVANCED_FACE ( 'NONE', ( #262, #2842 ), #2425, .T. ) ;
#1061 = ORIENTED_EDGE ( 'NONE', *, *, #385, .F. ) ;
#1062 = EDGE_CURVE ( 'NONE', #478, #4403, #4169, .T. ) ;
#1063 = VECTOR ( 'NONE', #3051, 1000.000000000000000 ) ;
#1064 = VECTOR ( 'NONE', #1577, 1000.000000000000000 ) ;
#1065 = CYLINDRICAL_SURFACE ( 'NONE', #1877, 1.100000000000000089 ) ;
#1066 = ORIENTED_EDGE ( 'NONE', *, *, #2565, .F. ) ;
#1067 = CARTESIAN_POINT ( 'NONE',  ( -9.465000000000006963, 3.000000000000000000, -43.00000000000000000 ) ) ;
#1068 = COLOUR_RGB ( '',0.7921568627450980005, 0.8196078431372548767, 0.9333333333333333481 ) ;
#1069 = ADVANCED_FACE ( 'NONE', ( #1331 ), #3552, .F. ) ;
#1070 = EDGE_CURVE ( 'NONE', #787, #115, #355, .T. ) ;
#1071 = DIRECTION ( 'NONE',  ( 1.000000000000000000, 0.000000000000000000, 0.000000000000000000 ) ) ;
#1072 = AXIS2_PLACEMENT_3D ( 'NONE', #1339, #4224, #1038 ) ;
#1073 = VECTOR ( 'NONE', #1327, 1000.000000000000000 ) ;
#1074 = ORIENTED_EDGE ( 'NONE', *, *, #2598, .T. ) ;
#1075 = DIRECTION ( 'NONE',  ( 0.000000000000000000, -0.6305317436603785630, 0.7761634623174442638 ) ) ;
#1076 = DIRECTION ( 'NONE',  ( 0.000000000000000000, 1.000000000000000000, 0.000000000000000000 ) ) ;
#1077 = AXIS2_PLACEMENT_3D ( 'NONE', #4431, #812, #3286 ) ;
#1078 = ORIENTED_EDGE ( 'NONE', *, *, #4429, .T. ) ;
#1079 = VERTEX_POINT ( 'NONE', #282 ) ;
#1080 = CARTESIAN_POINT ( 'NONE',  ( 2.367841899883655454, 7.571286292197377144, 2.577464788732401146 ) ) ;
#1081 = DIRECTION ( 'NONE',  ( 0.000000000000000000, -0.000000000000000000, 1.000000000000000000 ) ) ;
#1082 = FACE_BOUND ( 'NONE', #2392, .T. ) ;
#1083 = CARTESIAN_POINT ( 'NONE',  ( 0.6500000000000000222, -2.312900424511113773, 35.79729224967505274 ) ) ;
#1084 = EDGE_CURVE ( 'NONE', #2943, #416, #4545, .T. ) ;
#1085 = CARTESIAN_POINT ( 'NONE',  ( -1.665921372190488636, 7.668007236478770139, -3.085929666332646093 ) ) ;
#1086 = LINE ( 'NONE', #2499, #4495 ) ;
#1087 = SURFACE_SIDE_STYLE ('',( #4293 ) ) ;
#1088 = DIRECTION ( 'NONE',  ( 0.000000000000000000, 0.000000000000000000, 1.000000000000000000 ) ) ;
#1089 = DIRECTION ( 'NONE',  ( 0.000000000000000000, 0.000000000000000000, 1.000000000000000000 ) ) ;
#1090 = ORIENTED_EDGE ( 'NONE', *, *, #2290, .T. ) ;
#1091 = CARTESIAN_POINT ( 'NONE',  ( 0.000000000000000000, 1.800000000000000488, 0.000000000000000000 ) ) ;
#1092 = ORIENTED_EDGE ( 'NONE', *, *, #2567, .T. ) ;
#1093 = CARTESIAN_POINT ( 'NONE',  ( 0.000000000000000000, 3.000000000000000000, 0.000000000000000000 ) ) ;
#1094 = DIRECTION ( 'NONE',  ( -0.6103948327904875626, 0.000000000000000000, 0.7920973097433630095 ) ) ;
#1095 = EDGE_CURVE ( 'NONE', #782, #4247, #653, .T. ) ;
#1096 = ORIENTED_EDGE ( 'NONE', *, *, #1693, .F. ) ;
#1097 = DIRECTION ( 'NONE',  ( 5.687617954022318617E-16, 0.000000000000000000, 1.000000000000000000 ) ) ;
#1098 = EDGE_CURVE ( 'NONE', #2089, #3767, #4226, .T. ) ;
#1099 = CARTESIAN_POINT ( 'NONE',  ( 2.000000000000000000, 0.000000000000000000, 31.78000000000000114 ) ) ;
#1100 = ORIENTED_EDGE ( 'NONE', *, *, #1859, .T. ) ;
#1101 = CARTESIAN_POINT ( 'NONE',  ( -0.6500000000000000222, -0.02448351313884858035, 35.09712984753234366 ) ) ;
#1102 = DIRECTION ( 'NONE',  ( 0.000000000000000000, 0.000000000000000000, -1.000000000000000000 ) ) ;
#1103 = PLANE ( 'NONE',  #3901 ) ;
#1104 = CARTESIAN_POINT ( 'NONE',  ( 0.6499999999999999112, -2.720531380209329164, 34.27242137285491452 ) ) ;
#1105 = SURFACE_STYLE_USAGE ( .BOTH. , #1087 ) ;
#1106 = CARTESIAN_POINT ( 'NONE',  ( 0.000000000000000000, 0.000000000000000000, -43.00000000000000000 ) ) ;
#1107 = CARTESIAN_POINT ( 'NONE',  ( 0.6499999999999999112, -0.01653256877375881145, 37.07011037424604183 ) ) ;
#1108 = ORIENTED_EDGE ( 'NONE', *, *, #2822, .F. ) ;
#1109 = CARTESIAN_POINT ( 'NONE',  ( 3.437197380728531648, 7.425862621169117439, -4.637427164104019006 ) ) ;
#1110 = ORIENTED_EDGE ( 'NONE', *, *, #3516, .F. ) ;
#1111 = CARTESIAN_POINT ( 'NONE',  ( 4.000000000000000000, 2.499999999999999556, -4.999999999999999112 ) ) ;
#1112 = ITEM_DEFINED_TRANSFORMATION ( 'NONE', 'NONE', #3977,  #254 ) ;
#1113 = ORIENTED_EDGE ( 'NONE', *, *, #1465, .F. ) ;
#1114 = CARTESIAN_POINT ( 'NONE',  ( 10.00000000000000355, 0.000000000000000000, -5.099999999999999645 ) ) ;
#1115 = CARTESIAN_POINT ( 'NONE',  ( 2.977638708579192439, 7.285231262855162093, -1.854935786401432196 ) ) ;
#1116 = ORIENTED_EDGE ( 'NONE', *, *, #1288, .F. ) ;
#1117 = EDGE_CURVE ( 'NONE', #2784, #1538, #3954, .T. ) ;
#1118 = UNCERTAINTY_MEASURE_WITH_UNIT (LENGTH_MEASURE( 1.000000000000000082E-05 ), #2219, 'distance_accuracy_value', 'NONE');
#1119 = EDGE_CURVE ( 'NONE', #1538, #2784, #2388, .T. ) ;
#1120 = CARTESIAN_POINT ( 'NONE',  ( -9.999999999999996447, 3.000000000000000000, -3.499999999999995115 ) ) ;
#1121 = FACE_OUTER_BOUND ( 'NONE', #2901, .T. ) ;
#1122 = CARTESIAN_POINT ( 'NONE',  ( 4.000000000000000000, -2.500000000000000444, -3.599999999999999201 ) ) ;
#1123 = DIRECTION ( 'NONE',  ( 0.000000000000000000, 1.000000000000000000, 0.000000000000000000 ) ) ;
#1124 = CIRCLE ( 'NONE', #1499, 1.000000000000000888 ) ;
#1125 = CARTESIAN_POINT ( 'NONE',  ( 0.6500000000000000222, -1.004910539250555068, 33.08497086363783524 ) ) ;
#1126 = CYLINDRICAL_SURFACE ( 'NONE', #842, 1.000000000000000000 ) ;
#1127 = CARTESIAN_POINT ( 'NONE',  ( 30.41025971044413367, 5.000000000000000000, -4.000000000000009770 ) ) ;
#1128 = CARTESIAN_POINT ( 'NONE',  ( 0.6499999999999999112, 1.859702241619055174, 34.19928136739102342 ) ) ;
#1129 = CIRCLE ( 'NONE', #4476, 4.000000000000000000 ) ;
#1130 = VERTEX_POINT ( 'NONE', #2580 ) ;
#1131 = VECTOR ( 'NONE', #259, 1000.000000000000000 ) ;
#1132 = LINE ( 'NONE', #2979, #4039 ) ;
#1133 = LINE ( 'NONE', #1671, #4022 ) ;
#1134 = CARTESIAN_POINT ( 'NONE',  ( 0.000000000000000000, 1.800000000000000044, 0.000000000000000000 ) ) ;
#1135 = AXIS2_PLACEMENT_3D ( 'NONE', #1861, #2600, #3982 ) ;
#1136 = VECTOR ( 'NONE', #4570, 1000.000000000000000 ) ;
#1137 = ORIENTED_EDGE ( 'NONE', *, *, #255, .F. ) ;
#1138 = DIRECTION ( 'NONE',  ( -0.000000000000000000, -1.000000000000000000, -0.000000000000000000 ) ) ;
#1139 = VECTOR ( 'NONE', #2566, 1000.000000000000000 ) ;
#1140 = DIRECTION ( 'NONE',  ( 0.000000000000000000, 1.000000000000000000, 0.000000000000000000 ) ) ;
#1141 = ORIENTED_EDGE ( 'NONE', *, *, #2763, .T. ) ;
#1142 = LINE ( 'NONE', #792, #2187 ) ;
#1143 = AXIS2_PLACEMENT_3D ( 'NONE', #709, #1739, #2130 ) ;
#1144 = AXIS2_PLACEMENT_3D ( 'NONE', #1544, #3664, #2942 ) ;
#1145 = DIRECTION ( 'NONE',  ( -4.336808689942017736E-16, 0.000000000000000000, -1.000000000000000000 ) ) ;
#1146 = DIRECTION ( 'NONE',  ( -1.000000000000000000, -0.000000000000000000, -0.000000000000000000 ) ) ;
#1147 = ADVANCED_FACE ( 'NONE', ( #1892 ), #1866, .F. ) ;
#1148 = CARTESIAN_POINT ( 'NONE',  ( 0.000000000000000000, 0.000000000000000000, 0.000000000000000000 ) ) ;
#1149 = DIRECTION ( 'NONE',  ( -1.000000000000000000, 0.000000000000000000, 0.000000000000000000 ) ) ;
#1150 = ORIENTED_EDGE ( 'NONE', *, *, #3399, .T. ) ;
#1151 = EDGE_CURVE ( 'NONE', #768, #1350, #2165, .T. ) ;
#1152 = CARTESIAN_POINT ( 'NONE',  ( -14.46500000000001052, 5.500000000000000000, -10.59999999999999787 ) ) ;
#1153 =( NAMED_UNIT ( * ) SI_UNIT ( $, .STERADIAN. ) SOLID_ANGLE_UNIT ( ) );
#1154 = CARTESIAN_POINT ( 'NONE',  ( 2.367841899883655454, 7.571286292197377144, 2.577464788732401146 ) ) ;
#1155 = EDGE_CURVE ( 'NONE', #2350, #2737, #223, .T. ) ;
#1156 = CARTESIAN_POINT ( 'NONE',  ( -0.6500000000000000222, 0.7000004686599591297, 31.78000000000000114 ) ) ;
#1157 = EDGE_CURVE ( 'NONE', #572, #1810, #2913, .T. ) ;
#1158 = EDGE_LOOP ( 'NONE', ( #184, #192, #834, #1419 ) ) ;
#1159 = CARTESIAN_POINT ( 'NONE',  ( 0.000000000000000000, 2.500000000000000000, -29.79999999999999716 ) ) ;
#1160 = ORIENTED_EDGE ( 'NONE', *, *, #1466, .F. ) ;
#1161 = CARTESIAN_POINT ( 'NONE',  ( 3.500000000000003553, 13.10000000000000142, 8.099999999999997868 ) ) ;
#1162 = CONTEXT_DEPENDENT_SHAPE_REPRESENTATION ( #35, #4500 ) ;
#1163 = EDGE_LOOP ( 'NONE', ( #1996, #2966, #3027, #2508, #202 ) ) ;
#1164 = DIRECTION ( 'NONE',  ( -0.000000000000000000, 1.000000000000000000, -0.000000000000000000 ) ) ;
#1165 = CARTESIAN_POINT ( 'NONE',  ( 2.542207620573764704, 7.496608802789529236, 2.417280074994176520 ) ) ;
#1166 = ORIENTED_EDGE ( 'NONE', *, *, #4112, .T. ) ;
#1167 = CARTESIAN_POINT ( 'NONE',  ( 3.866703631320262513, 7.808151283907261764, -3.035819497486070162 ) ) ;
#1168 = CARTESIAN_POINT ( 'NONE',  ( 14.46500000000000341, 3.000000000000000000, -47.99999999999999289 ) ) ;
#1169 = CARTESIAN_POINT ( 'NONE',  ( 8.000000000000000000, -2.500000000000000444, 2.499999999999999556 ) ) ;
#1170 = CYLINDRICAL_SURFACE ( 'NONE', #771, 1.400000000000000133 ) ;
#1171 = CARTESIAN_POINT ( 'NONE',  ( -0.6500000000000000222, -1.501997685802621607, 34.82651745595467929 ) ) ;
#1172 = EDGE_LOOP ( 'NONE', ( #4538, #1061 ) ) ;
#1173 = B_SPLINE_CURVE_WITH_KNOTS ( 'NONE', 3,
 ( #4219, #4544, #3808, #4571, #1425, #703, #1359, #3501, #1383, #4600 ),
 .UNSPECIFIED., .F., .F.,
 ( 4, 2, 2, 2, 4 ),
 ( 0.000000000000000000, 0.2500000000000000000, 0.5000000000000000000, 0.7500000000000000000, 1.000000000000000000 ),
 .UNSPECIFIED. ) ;
#1174 = DIRECTION ( 'NONE',  ( 1.000000000000000000, -0.000000000000000000, 5.782411586589358625E-17 ) ) ;
#1175 = SURFACE_STYLE_USAGE ( .BOTH. , #1852 ) ;
#1176 = FACE_OUTER_BOUND ( 'NONE', #3040, .T. ) ;
#1177 = CARTESIAN_POINT ( 'NONE',  ( -0.6499999999999999112, -0.4909885032586616682, 37.65414973380643460 ) ) ;
#1178 = VERTEX_POINT ( 'NONE', #1825 ) ;
#1179 = EDGE_CURVE ( 'NONE', #2806, #2679, #2872, .T. ) ;
#1180 = ADVANCED_FACE ( 'NONE', ( #472 ), #120, .F. ) ;
#1181 = CARTESIAN_POINT ( 'NONE',  ( 9.465000000000003411, 8.000000000000000000, -14.10000000000000142 ) ) ;
#1182 = DIRECTION ( 'NONE',  ( -0.000000000000000000, 1.000000000000000000, -0.000000000000000000 ) ) ;
#1183 = FACE_OUTER_BOUND ( 'NONE', #486, .T. ) ;
#1184 = CONTEXT_DEPENDENT_SHAPE_REPRESENTATION ( #1402, #3049 ) ;
#1185 = ORIENTED_EDGE ( 'NONE', *, *, #2318, .T. ) ;
#1186 = CARTESIAN_POINT ( 'NONE',  ( -2.499999999999998668, 13.10000000000000142, 1.084202172485506012E-15 ) ) ;
#1187 = VERTEX_POINT ( 'NONE', #1543 ) ;
#1188 = DIRECTION ( 'NONE',  ( -1.000000000000000000, 0.000000000000000000, 0.000000000000000000 ) ) ;
#1189 = VERTEX_POINT ( 'NONE', #23 ) ;
#1190 = DIRECTION ( 'NONE',  ( 0.000000000000000000, 0.000000000000000000, -1.000000000000000000 ) ) ;
#1191 = DIRECTION ( 'NONE',  ( 0.000000000000000000, -1.000000000000000000, -0.000000000000000000 ) ) ;
#1192 = EDGE_LOOP ( 'NONE', ( #1886, #698, #3848, #4095 ) ) ;
#1193 = PLANE ( 'NONE',  #2999 ) ;
#1194 = CARTESIAN_POINT ( 'NONE',  ( 2.499999999999998224, 7.571286292197370926, -2.577464788732388712 ) ) ;
#1195 = CARTESIAN_POINT ( 'NONE',  ( -0.6500000000000000222, -2.720531380208930372, 34.27242137285491452 ) ) ;
#1196 = ORIENTED_EDGE ( 'NONE', *, *, #3115, .F. ) ;
#1197 = DIRECTION ( 'NONE',  ( 4.265713465516739209E-16, 0.000000000000000000, 1.000000000000000000 ) ) ;
#1198 = CARTESIAN_POINT ( 'NONE',  ( 0.6500000000000000222, -1.006391877150270675, 36.22684216904888643 ) ) ;
#1199 = DIRECTION ( 'NONE',  ( 0.000000000000000000, 0.000000000000000000, -1.000000000000000000 ) ) ;
#1200 = CARTESIAN_POINT ( 'NONE',  ( -0.6499999999999999112, 1.721940095348398536, 34.70050196407733978 ) ) ;
#1201 = EDGE_LOOP ( 'NONE', ( #3020, #4003, #2172, #4063 ) ) ;
#1202 = VECTOR ( 'NONE', #3537, 1000.000000000000000 ) ;
#1203 = LINE ( 'NONE', #1181, #2017 ) ;
#1204 = CYLINDRICAL_SURFACE ( 'NONE', #3806, 4.000000000000000888 ) ;
#1205 = CARTESIAN_POINT ( 'NONE',  ( 4.500000000000002665, 8.059166735548576099, 4.999999999999997335 ) ) ;
#1206 = ADVANCED_FACE ( 'NONE', ( #3247 ), #3962, .F. ) ;
#1207 = ADVANCED_FACE ( 'NONE', ( #843 ), #2514, .F. ) ;
#1208 = CONTEXT_DEPENDENT_SHAPE_REPRESENTATION ( #3732, #2074 ) ;
#1209 = VECTOR ( 'NONE', #938, 1000.000000000000000 ) ;
#1210 = ORIENTED_EDGE ( 'NONE', *, *, #1241, .F. ) ;
#1211 = LINE ( 'NONE', #494, #604 ) ;
#1212 = STYLED_ITEM ( 'NONE', ( #2984 ), #3478 ) ;
#1213 = EDGE_CURVE ( 'NONE', #2277, #2511, #4457, .T. ) ;
#1214 = VECTOR ( 'NONE', #3587, 1000.000000000000000 ) ;
#1215 = ADVANCED_FACE ( 'NONE', ( #1704 ), #1774, .F. ) ;
#1216 = ORIENTED_EDGE ( 'NONE', *, *, #1995, .F. ) ;
#1217 = CARTESIAN_POINT ( 'NONE',  ( 0.6499999999999999112, -2.308015080102794325, 33.03150561220349601 ) ) ;
#1218 = VECTOR ( 'NONE', #2010, 1000.000000000000000 ) ;
#1219 = STYLED_ITEM ( 'NONE', ( #3536 ), #2063 ) ;
#1220 = VERTEX_POINT ( 'NONE', #1332 ) ;
#1221 = CARTESIAN_POINT ( 'NONE',  ( 9.465000000000005187, 5.500000000000000000, -15.60000000000000675 ) ) ;
#1222 = LINE ( 'NONE', #2641, #2916 ) ;
#1223 = DIRECTION ( 'NONE',  ( -0.000000000000000000, 1.000000000000000000, -0.000000000000000000 ) ) ;
#1224 = VERTEX_POINT ( 'NONE', #4216 ) ;
#1225 = CIRCLE ( 'NONE', #2701, 0.6500000000000000222 ) ;
#1226 = CIRCLE ( 'NONE', #4419, 1.599999999999997202 ) ;
#1227 = AXIS2_PLACEMENT_3D ( 'NONE', #2432, #1405, #3858 ) ;
#1228 = CARTESIAN_POINT ( 'NONE',  ( 2.519971338278956807, 8.234466666125438650, 3.999999998365400433 ) ) ;
#1229 = CARTESIAN_POINT ( 'NONE',  ( 0.6500000000000000222, -0.6220872213875416890, 35.79729224967505274 ) ) ;
#1230 = CARTESIAN_POINT ( 'NONE',  ( 4.898587196589410857E-16, 8.000000000000000000, -37.79999999999999716 ) ) ;
#1231 = CARTESIAN_POINT ( 'NONE',  ( 0.6500000000000000222, -0.9908127344636131761, 31.78000000000000114 ) ) ;
#1232 = VERTEX_POINT ( 'NONE', #3195 ) ;
#1233 = ADVANCED_FACE ( 'NONE', ( #1028 ), #3899, .F. ) ;
#1234 = DIRECTION ( 'NONE',  ( -0.000000000000000000, 1.000000000000000000, -0.000000000000000000 ) ) ;
#1235 = CARTESIAN_POINT ( 'NONE',  ( 7.499999999999996447, 8.176081362578118572, 6.431564759220679939 ) ) ;
#1236 = FACE_OUTER_BOUND ( 'NONE', #2766, .T. ) ;
#1237 = EDGE_LOOP ( 'NONE', ( #1096, #667 ) ) ;
#1238 = DIRECTION ( 'NONE',  ( -1.000000000000000000, -0.000000000000000000, -0.000000000000000000 ) ) ;
#1239 = ORIENTED_EDGE ( 'NONE', *, *, #4305, .T. ) ;
#1240 = CARTESIAN_POINT ( 'NONE',  ( 8.000000000000000000, -2.500000000000000444, 2.499999999999999556 ) ) ;
#1241 = EDGE_CURVE ( 'NONE', #2835, #517, #1052, .T. ) ;
#1242 = ADVANCED_FACE ( 'NONE', ( #1422 ), #1018, .T. ) ;
#1243 = VERTEX_POINT ( 'NONE', #2944 ) ;
#1244 = DIRECTION ( 'NONE',  ( 0.000000000000000000, 1.734723475976807094E-16, -1.000000000000000000 ) ) ;
#1245 = CARTESIAN_POINT ( 'NONE',  ( 3.773889964347147075, 7.757553950890986982, 2.950818975914234255 ) ) ;
#1246 = EDGE_LOOP ( 'NONE', ( #4498, #3144, #911, #630 ) ) ;
#1247 = ORIENTED_EDGE ( 'NONE', *, *, #1970, .F. ) ;
#1248 = DIRECTION ( 'NONE',  ( 0.000000000000000000, -0.6305317436603785630, 0.7761634623174442638 ) ) ;
#1249 = CARTESIAN_POINT ( 'NONE',  ( 0.6500000000000000222, -1.006391877150270675, 36.22684216904888643 ) ) ;
#1250 = DIRECTION ( 'NONE',  ( 0.000000000000000000, 0.000000000000000000, 1.000000000000000000 ) ) ;
#1251 = DIRECTION ( 'NONE',  ( 0.000000000000000000, 1.000000000000000000, 0.000000000000000000 ) ) ;
#1252 = ORIENTED_EDGE ( 'NONE', *, *, #1348, .T. ) ;
#1253 = PLANE ( 'NONE',  #756 ) ;
#1254 = CYLINDRICAL_SURFACE ( 'NONE', #304, 3.500000000000000000 ) ;
#1255 = DIRECTION ( 'NONE',  ( -0.000000000000000000, 1.000000000000000000, -0.000000000000000000 ) ) ;
#1256 = EDGE_LOOP ( 'NONE', ( #4015, #4408, #3686, #1263 ) ) ;
#1257 = DIRECTION ( 'NONE',  ( -1.000000000000000000, 0.000000000000000000, 1.826024711554533913E-16 ) ) ;
#1258 = ORIENTED_EDGE ( 'NONE', *, *, #3399, .F. ) ;
#1259 = DIRECTION ( 'NONE',  ( 0.000000000000000000, 0.000000000000000000, 1.000000000000000000 ) ) ;
#1260 = ORIENTED_EDGE ( 'NONE', *, *, #3692, .T. ) ;
#1261 = CARTESIAN_POINT ( 'NONE',  ( 3.037171746823023710, 7.599134357979706600, 2.636504703513181891 ) ) ;
#1262 = EDGE_CURVE ( 'NONE', #2291, #3031, #4356, .T. ) ;
#1263 = ORIENTED_EDGE ( 'NONE', *, *, #3545, .T. ) ;
#1264 = EDGE_CURVE ( 'NONE', #4247, #3484, #815, .T. ) ;
#1265 = CARTESIAN_POINT ( 'NONE',  ( 3.219969081721304249, 7.623827283152057710, 2.687930456069945961 ) ) ;
#1266 = CARTESIAN_POINT ( 'NONE',  ( 0.6499999999999999112, -2.509013505284016787, 36.01476720028945522 ) ) ;
#1267 = DIRECTION ( 'NONE',  ( -0.000000000000000000, -1.000000000000000000, -0.000000000000000000 ) ) ;
#1268 = CARTESIAN_POINT ( 'NONE',  ( 0.000000000000000000, 0.000000000000000000, 31.78000000000000114 ) ) ;
#1269 = EDGE_CURVE ( 'NONE', #1187, #3864, #3623, .T. ) ;
#1270 = ORIENTED_EDGE ( 'NONE', *, *, #3346, .T. ) ;
#1271 = CARTESIAN_POINT ( 'NONE',  ( 8.000000000000000000, -2.500000000000000444, 2.499999999999999556 ) ) ;
#1272 = DIRECTION ( 'NONE',  ( 1.000000000000000000, 0.000000000000000000, 0.000000000000000000 ) ) ;
#1273 = AXIS2_PLACEMENT_3D ( 'NONE', #3628, #432, #6 ) ;
#1274 = AXIS2_PLACEMENT_3D ( 'NONE', #1418, #1076, #2492 ) ;
#1275 = ORIENTED_EDGE ( 'NONE', *, *, #2797, .F. ) ;
#1276 = CARTESIAN_POINT ( 'NONE',  ( 14.46500000000000341, 0.000000000000000000, -47.99999999999999289 ) ) ;
#1277 = VECTOR ( 'NONE', #3268, 1000.000000000000000 ) ;
#1278 = CARTESIAN_POINT ( 'NONE',  ( 0.000000000000000000, 0.000000000000000000, 0.000000000000000000 ) ) ;
#1279 = EDGE_CURVE ( 'NONE', #4280, #2357, #1495, .T. ) ;
#1280 = EDGE_LOOP ( 'NONE', ( #2620, #2413 ) ) ;
#1281 = CARTESIAN_POINT ( 'NONE',  ( 0.000000000000000000, 2.500000000000000000, -33.79999999999999716 ) ) ;
#1282 = ORIENTED_EDGE ( 'NONE', *, *, #2457, .T. ) ;
#1283 = CARTESIAN_POINT ( 'NONE',  ( 10.00000000000000355, 2.500000000000000000, -1.099999999999998535 ) ) ;
#1284 =( GEOMETRIC_REPRESENTATION_CONTEXT ( 3 ) GLOBAL_UNCERTAINTY_ASSIGNED_CONTEXT ( ( #2375 ) ) GLOBAL_UNIT_ASSIGNED_CONTEXT ( ( #2320, #591, #1318 ) ) REPRESENTATION_CONTEXT ( 'NONE', 'WORKASPACE' ) );
#1285 = VERTEX_POINT ( 'NONE', #123 ) ;
#1286 = AXIS2_PLACEMENT_3D ( 'NONE', #3731, #1257, #561 ) ;
#1287 = CIRCLE ( 'NONE', #916, 5.974999999999999645 ) ;
#1288 = EDGE_CURVE ( 'NONE', #3782, #4037, #4308, .T. ) ;
#1289 = CARTESIAN_POINT ( 'NONE',  ( -9.465000000000005187, 3.000000000000000000, -14.10000000000000142 ) ) ;
#1290 = CARTESIAN_POINT ( 'NONE',  ( -0.6499999999999999112, 1.859702241619055174, 34.19928136739102342 ) ) ;
#1291 = CIRCLE ( 'NONE', #477, 3.000000000000000444 ) ;
#1292 = LINE ( 'NONE', #649, #2317 ) ;
#1293 = CARTESIAN_POINT ( 'NONE',  ( 0.6500000000000000222, 0.4920113370456640212, 34.24703469474839324 ) ) ;
#1294 = AXIS2_PLACEMENT_3D ( 'NONE', #2289, #2992, #4067 ) ;
#1295 = VERTEX_POINT ( 'NONE', #3315 ) ;
#1296 = CIRCLE ( 'NONE', #693, 0.6500000000000000222 ) ;
#1297 = EDGE_CURVE ( 'NONE', #1779, #3895, #1129, .T. ) ;
#1298 = AXIS2_PLACEMENT_3D ( 'NONE', #4204, #2076, #3505 ) ;
#1299 = EDGE_CURVE ( 'NONE', #4126, #3122, #427, .T. ) ;
#1300 = CARTESIAN_POINT ( 'NONE',  ( -14.46500000000000696, 8.000000000000000000, -43.00000000000000000 ) ) ;
#1301 = DIRECTION ( 'NONE',  ( -1.000000000000000000, -0.000000000000000000, 4.336808689942018229E-16 ) ) ;
#1302 = FACE_OUTER_BOUND ( 'NONE', #885, .T. ) ;
#1303 = AXIS2_PLACEMENT_3D ( 'NONE', #1278, #3076, #253 ) ;
#1304 = PRODUCT ( '\X2\6fc051495934\X0\', '\X2\6fc051495934\X0\', '', ( #3517 ) ) ;
#1305 = VERTEX_POINT ( 'NONE', #2236 ) ;
#1306 = DIRECTION ( 'NONE',  ( 0.000000000000000000, 0.000000000000000000, -1.000000000000000000 ) ) ;
#1307 = ORIENTED_EDGE ( 'NONE', *, *, #351, .F. ) ;
#1308 = CARTESIAN_POINT ( 'NONE',  ( 0.000000000000000000, 2.500000000000000000, -33.79999999999999716 ) ) ;
#1309 = ORIENTED_EDGE ( 'NONE', *, *, #597, .F. ) ;
#1310 = FACE_OUTER_BOUND ( 'NONE', #2736, .T. ) ;
#1311 = VERTEX_POINT ( 'NONE', #2967 ) ;
#1312 = ORIENTED_EDGE ( 'NONE', *, *, #1778, .F. ) ;
#1313 = CARTESIAN_POINT ( 'NONE',  ( 2.859984541344833708, 6.726094048865589592, 4.064287396040786149 ) ) ;
#1314 = FACE_BOUND ( 'NONE', #434, .T. ) ;
#1315 = CARTESIAN_POINT ( 'NONE',  ( 0.6500000000000000222, 0.7000004717071683924, 32.54064752519589376 ) ) ;
#1316 = ORIENTED_EDGE ( 'NONE', *, *, #1297, .F. ) ;
#1317 =( REPRESENTATION_RELATIONSHIP ('NONE','NONE', #260, #2971 ) REPRESENTATION_RELATIONSHIP_WITH_TRANSFORMATION ( #440 )SHAPE_REPRESENTATION_RELATIONSHIP( ) );
#1318 =( NAMED_UNIT ( * ) SI_UNIT ( $, .STERADIAN. ) SOLID_ANGLE_UNIT ( ) );
#1319 = PLANE ( 'NONE',  #971 ) ;
#1320 = CARTESIAN_POINT ( 'NONE',  ( 4.898587196589410857E-16, 2.500000000000000000, -37.79999999999999716 ) ) ;
#1321 = ADVANCED_FACE ( 'NONE', ( #66 ), #3665, .F. ) ;
#1322 = ORIENTED_EDGE ( 'NONE', *, *, #2262, .T. ) ;
#1323 = ADVANCED_FACE ( 'NONE', ( #1121 ), #374, .F. ) ;
#1324 = EDGE_LOOP ( 'NONE', ( #2549, #1959, #1927, #3361 ) ) ;
#1325 = DIRECTION ( 'NONE',  ( 1.000000000000000000, 0.000000000000000000, 5.782411586589357392E-17 ) ) ;
#1326 = ORIENTED_EDGE ( 'NONE', *, *, #1062, .F. ) ;
#1327 = DIRECTION ( 'NONE',  ( -0.000000000000000000, -1.000000000000000000, -0.000000000000000000 ) ) ;
#1328 = ORIENTED_EDGE ( 'NONE', *, *, #3199, .T. ) ;
#1329 = CARTESIAN_POINT ( 'NONE',  ( 3.499999999999998224, 7.894580380375416873, -4.917034762596832920 ) ) ;
#1330 = ORIENTED_EDGE ( 'NONE', *, *, #3013, .F. ) ;
#1331 = FACE_OUTER_BOUND ( 'NONE', #4447, .T. ) ;
#1332 = CARTESIAN_POINT ( 'NONE',  ( -9.465000000000003411, 5.500000000000000000, -15.60000000000000320 ) ) ;
#1333 = DIRECTION ( 'NONE',  ( 0.000000000000000000, -0.000000000000000000, 1.000000000000000000 ) ) ;
#1334 = CARTESIAN_POINT ( 'NONE',  ( 0.000000000000000000, 3.000000000000000000, 0.000000000000000000 ) ) ;
#1335 = CARTESIAN_POINT ( 'NONE',  ( -0.6500000000000000222, -2.697205080273842981, 36.22684216904888643 ) ) ;
#1336 = CARTESIAN_POINT ( 'NONE',  ( -2.500000000000001776, 1.000000000000000000, 4.000000000000000000 ) ) ;
#1337 = DIRECTION ( 'NONE',  ( -1.000000000000000000, -0.000000000000000000, 4.336808689942018229E-16 ) ) ;
#1338 = FACE_OUTER_BOUND ( 'NONE', #4578, .T. ) ;
#1339 = CARTESIAN_POINT ( 'NONE',  ( 3.500000000000000000, 13.10000000000000142, -1.517883041479706010E-15 ) ) ;
#1340 = ORIENTED_EDGE ( 'NONE', *, *, #1262, .T. ) ;
#1341 = ADVANCED_FACE ( 'NONE', ( #1798 ), #1545, .T. ) ;
#1342 = EDGE_LOOP ( 'NONE', ( #3802, #1904 ) ) ;
#1343 = CARTESIAN_POINT ( 'NONE',  ( -14.46500000000001052, 5.500000000000000000, -11.59999999999999964 ) ) ;
#1344 = VECTOR ( 'NONE', #573, 1000.000000000000000 ) ;
#1345 =( LENGTH_UNIT ( ) NAMED_UNIT ( * ) SI_UNIT ( .MILLI., .METRE. ) );
#1346 = AXIS2_PLACEMENT_3D ( 'NONE', #2465, #697, #4261 ) ;
#1347 = VERTEX_POINT ( 'NONE', #3942 ) ;
#1348 = EDGE_CURVE ( 'NONE', #866, #1652, #3988, .T. ) ;
#1349 = CARTESIAN_POINT ( 'NONE',  ( -9.999999999999996447, 0.000000000000000000, -6.699999999999999289 ) ) ;
#1350 = VERTEX_POINT ( 'NONE', #743 ) ;
#1351 = ADVANCED_FACE ( 'NONE', ( #1474 ), #1522, .T. ) ;
#1352 = VECTOR ( 'NONE', #228, 1000.000000000000000 ) ;
#1353 = ORIENTED_EDGE ( 'NONE', *, *, #2310, .T. ) ;
#1354 = UNCERTAINTY_MEASURE_WITH_UNIT (LENGTH_MEASURE( 1.000000000000000082E-05 ), #4140, 'distance_accuracy_value', 'NONE');
#1355 = CIRCLE ( 'NONE', #542, 0.6500000000000000222 ) ;
#1356 = CARTESIAN_POINT ( 'NONE',  ( -9.465000000000005187, 8.000000000000000000, -19.09999999999999787 ) ) ;
#1357 = CARTESIAN_POINT ( 'NONE',  ( 2.693710805621471138, 8.280536788968374751, -3.931049897257663073 ) ) ;
#1358 = LINE ( 'NONE', #1775, #3521 ) ;
#1359 = CARTESIAN_POINT ( 'NONE',  ( 0.6500000000000000222, -0.02448351313884858035, 35.09712984753234366 ) ) ;
#1360 = AXIS2_PLACEMENT_3D ( 'NONE', #4139, #2326, #1306 ) ;
#1361 = CIRCLE ( 'NONE', #3226, 1.000000000000000000 ) ;
#1362 = AXIS2_PLACEMENT_3D ( 'NONE', #346, #713, #668 ) ;
#1363 = CARTESIAN_POINT ( 'NONE',  ( -0.6500000000000000222, -2.575790741841994524, 34.07463589522474479 ) ) ;
#1364 = CARTESIAN_POINT ( 'NONE',  ( 10.00000000000000355, 2.500000000000000000, -5.099999999999999645 ) ) ;
#1365 = LINE ( 'NONE', #2589, #2544 ) ;
#1366 = FACE_OUTER_BOUND ( 'NONE', #1767, .T. ) ;
#1367 = CARTESIAN_POINT ( 'NONE',  ( 4.000000000000000000, 0.9999999999999995559, -4.999999999999999112 ) ) ;
#1368 = EDGE_LOOP ( 'NONE', ( #3193, #954, #600, #3469 ) ) ;
#1369 = CIRCLE ( 'NONE', #3969, 1.000000000000000000 ) ;
#1370 = VECTOR ( 'NONE', #3923, 1000.000000000000000 ) ;
#1371 =( GEOMETRIC_REPRESENTATION_CONTEXT ( 3 ) GLOBAL_UNCERTAINTY_ASSIGNED_CONTEXT ( ( #280 ) ) GLOBAL_UNIT_ASSIGNED_CONTEXT ( ( #908, #1977, #2741 ) ) REPRESENTATION_CONTEXT ( 'NONE', 'WORKASPACE' ) );
#1372 = ORIENTED_EDGE ( 'NONE', *, *, #1995, .T. ) ;
#1373 = DIRECTION ( 'NONE',  ( 0.000000000000000000, 0.000000000000000000, 1.000000000000000000 ) ) ;
#1374 = ORIENTED_EDGE ( 'NONE', *, *, #778, .F. ) ;
#1375 = DIRECTION ( 'NONE',  ( 0.000000000000000000, -0.000000000000000000, 1.000000000000000000 ) ) ;
#1376 = CARTESIAN_POINT ( 'NONE',  ( 3.919183588453089673, 31.50000000000000711, -33.00000000000001421 ) ) ;
#1378 = EDGE_CURVE ( 'NONE', #4468, #1567, #3437, .T. ) ;
#1377 = ORIENTED_EDGE ( 'NONE', *, *, #1407, .T. ) ;
#1379 = EDGE_CURVE ( 'NONE', #4581, #631, #907, .T. ) ;
#1380 = CARTESIAN_POINT ( 'NONE',  ( -0.6500000000000000222, 0.7000004717071685034, 32.54064752519589376 ) ) ;
#1381 = CARTESIAN_POINT ( 'NONE',  ( 2.661321108913021760, 8.270849410099978982, -3.945494136972900190 ) ) ;
#1382 = CARTESIAN_POINT ( 'NONE',  ( 7.499999999999996447, 5.000000000000000000, -4.000000000000000000 ) ) ;
#1383 = CARTESIAN_POINT ( 'NONE',  ( 0.6500000000000000222, -1.006391877150270675, 36.22684216904888643 ) ) ;
#1384 = CARTESIAN_POINT ( 'NONE',  ( -0.4327747807789395496, 7.543401216040301449, -3.479875294373500960 ) ) ;
#1385 = CARTESIAN_POINT ( 'NONE',  ( 4.000000000000000000, 0.9999999999999995559, -1.499999999999999112 ) ) ;
#1386 = CARTESIAN_POINT ( 'NONE',  ( 8.000000000000000000, 0.000000000000000000, 0.000000000000000000 ) ) ;
#1387 = DIRECTION ( 'NONE',  ( 1.000000000000000000, 0.000000000000000000, -0.000000000000000000 ) ) ;
#1388 = CARTESIAN_POINT ( 'NONE',  ( -9.465000000000008740, 5.499999999999999112, -40.49999999999999289 ) ) ;
#1389 = ORIENTED_EDGE ( 'NONE', *, *, #293, .F. ) ;
#1390 = VERTEX_POINT ( 'NONE', #2166 ) ;
#1391 = DIRECTION ( 'NONE',  ( 0.000000000000000000, -1.000000000000000000, 0.000000000000000000 ) ) ;
#1392 = CARTESIAN_POINT ( 'NONE',  ( 8.337632819550551133, -31.15802106414908579, -29.52837112072838011 ) ) ;
#1393 = ORIENTED_EDGE ( 'NONE', *, *, #2202, .F. ) ;
#1394 = CARTESIAN_POINT ( 'NONE',  ( 3.107891189805204846, 5.269048214598563540, -4.205979659355472577 ) ) ;
#1395 = CARTESIAN_POINT ( 'NONE',  ( -14.46500000000001052, 5.500000000000000000, -11.59999999999999964 ) ) ;
#1396 = ORIENTED_EDGE ( 'NONE', *, *, #413, .T. ) ;
#1397 = DIRECTION ( 'NONE',  ( 0.000000000000000000, 0.000000000000000000, -1.000000000000000000 ) ) ;
#1398 = CARTESIAN_POINT ( 'NONE',  ( 2.990288457298431180, 6.787614018740374178, -4.125460828937158375 ) ) ;
#1399 = EDGE_CURVE ( 'NONE', #2943, #2603, #2515, .T. ) ;
#1400 = CARTESIAN_POINT ( 'NONE',  ( -2.500000000000001332, 1.800000000000000044, 1.833030277982334200 ) ) ;
#1401 = DIRECTION ( 'NONE',  ( -0.000000000000000000, 1.000000000000000000, -0.000000000000000000 ) ) ;
#1402 =( REPRESENTATION_RELATIONSHIP ('NONE','NONE', #260, #2435 ) REPRESENTATION_RELATIONSHIP_WITH_TRANSFORMATION ( #1537 )SHAPE_REPRESENTATION_RELATIONSHIP( ) );
#1403 = EDGE_CURVE ( 'NONE', #4037, #3038, #2267, .T. ) ;
#1404 = CARTESIAN_POINT ( 'NONE',  ( 0.6499999999999999112, 0.2981940016016835227, 33.13843611507216025 ) ) ;
#1405 = DIRECTION ( 'NONE',  ( 1.000000000000000000, 0.000000000000000000, -4.336808689942017736E-16 ) ) ;
#1406 = FACE_OUTER_BOUND ( 'NONE', #535, .T. ) ;
#1407 = EDGE_CURVE ( 'NONE', #187, #3790, #3813, .T. ) ;
#1408 = DIRECTION ( 'NONE',  ( 0.000000000000000000, -0.000000000000000000, 1.000000000000000000 ) ) ;
#1409 = EDGE_CURVE ( 'NONE', #2224, #1810, #4483, .T. ) ;
#1410 = EDGE_LOOP ( 'NONE', ( #1707, #1166, #2876, #3397 ) ) ;
#1411 = PLANE ( 'NONE',  #4410 ) ;
#1412 = ORIENTED_EDGE ( 'NONE', *, *, #2029, .F. ) ;
#1413 = LINE ( 'NONE', #296, #764 ) ;
#1414 = APPLICATION_PROTOCOL_DEFINITION ( 'draft international standard', 'automotive_design', 1998, #4349 ) ;
#1415 = CIRCLE ( 'NONE', #2005, 4.000000000000000888 ) ;
#1416 = ORIENTED_EDGE ( 'NONE', *, *, #1993, .F. ) ;
#1417 = DIRECTION ( 'NONE',  ( 1.000000000000000000, 0.000000000000000000, 0.000000000000000000 ) ) ;
#1418 = CARTESIAN_POINT ( 'NONE',  ( 10.00000000000000355, 3.000000000000000000, -5.099999999999999645 ) ) ;
#1419 = ORIENTED_EDGE ( 'NONE', *, *, #4020, .F. ) ;
#1420 = CIRCLE ( 'NONE', #1576, 5.974999999999999645 ) ;
#1421 = CYLINDRICAL_SURFACE ( 'NONE', #3809, 1.000000000000000000 ) ;
#1422 = FACE_OUTER_BOUND ( 'NONE', #3079, .T. ) ;
#1423 = AXIS2_PLACEMENT_3D ( 'NONE', #1027, #1754, #4586 ) ;
#1424 = LINE ( 'NONE', #3602, #3228 ) ;
#1425 = CARTESIAN_POINT ( 'NONE',  ( 0.6500000000000000222, 0.4920113370456640212, 34.24703469474839324 ) ) ;
#1426 = VECTOR ( 'NONE', #1728, 1000.000000000000000 ) ;
#1427 = ADVANCED_FACE ( 'NONE', ( #2334 ), #912, .F. ) ;
#1428 = CARTESIAN_POINT ( 'NONE',  ( 0.6499999999999999112, 0.3091872655363865907, 31.78000000000000469 ) ) ;
#1429 = FACE_OUTER_BOUND ( 'NONE', #2316, .T. ) ;
#1430 = DIRECTION ( 'NONE',  ( -4.336808689942017736E-16, -0.000000000000000000, -1.000000000000000000 ) ) ;
#1431 = CIRCLE ( 'NONE', #1298, 3.500000000000000000 ) ;
#1432 = DIRECTION ( 'NONE',  ( 1.000000000000000000, 0.000000000000000000, 0.000000000000000000 ) ) ;
#1433 = FACE_OUTER_BOUND ( 'NONE', #3983, .T. ) ;
#1434 = VECTOR ( 'NONE', #929, 1000.000000000000000 ) ;
#1435 = ORIENTED_EDGE ( 'NONE', *, *, #505, .T. ) ;
#1436 = ADVANCED_FACE ( 'NONE', ( #2705 ), #1600, .F. ) ;
#1437 = PRODUCT_DEFINITION ( 'æœ', '', #4466, #2423 ) ;
#1438 = AXIS2_PLACEMENT_3D ( 'NONE', #2471, #3854, #725 ) ;
#1439 = ADVANCED_FACE ( 'NONE', ( #4127 ), #1981, .F. ) ;
#1440 = LINE ( 'NONE', #3208, #2539 ) ;
#1441 = DIRECTION ( 'NONE',  ( 0.000000000000000000, 0.000000000000000000, -1.000000000000000000 ) ) ;
#1442 = CARTESIAN_POINT ( 'NONE',  ( 12.46500000000000163, 8.000000000000000000, -43.00000000000000000 ) ) ;
#1443 = AXIS2_PLACEMENT_3D ( 'NONE', #2958, #861, #2280 ) ;
#1444 = AXIS2_PLACEMENT_3D ( 'NONE', #125, #1868, #1546 ) ;
#1445 = DIRECTION ( 'NONE',  ( -0.7920973097433630095, 0.000000000000000000, -0.6103948327904875626 ) ) ;
#1446 = AXIS2_PLACEMENT_3D ( 'NONE', #610, #3554, #2776 ) ;
#1447 = AXIS2_PLACEMENT_3D ( 'NONE', #4593, #889, #728 ) ;
#1448 = EDGE_LOOP ( 'NONE', ( #4473, #1834, #3661, #2809, #1978, #2337 ) ) ;
#1449 = FACE_BOUND ( 'NONE', #2983, .T. ) ;
#1450 = DIRECTION ( 'NONE',  ( 0.000000000000000000, 0.000000000000000000, -1.000000000000000000 ) ) ;
#1451 = ORIENTED_EDGE ( 'NONE', *, *, #745, .F. ) ;
#1452 = CARTESIAN_POINT ( 'NONE',  ( -0.6500000000000000222, -1.006391877150270675, 36.22684216904888643 ) ) ;
#1453 = DIRECTION ( 'NONE',  ( -0.000000000000000000, -1.000000000000000000, -0.000000000000000000 ) ) ;
#1454 = CARTESIAN_POINT ( 'NONE',  ( 0.000000000000000000, 3.000000000000000000, -33.79999999999999716 ) ) ;
#1455 = CARTESIAN_POINT ( 'NONE',  ( 0.6500000000000000222, -0.9908127314164038024, 32.54064752519589376 ) ) ;
#1456 = CARTESIAN_POINT ( 'NONE',  ( 0.6500000000000000222, -0.9908127344636131761, 31.78000000000000114 ) ) ;
#1457 = FILL_AREA_STYLE ('',( #3905 ) ) ;
#1458 = DIRECTION ( 'NONE',  ( 0.000000000000000000, 0.000000000000000000, -1.000000000000000000 ) ) ;
#1459 = CARTESIAN_POINT ( 'NONE',  ( -0.6500000000000000222, -1.006391877150270675, 36.22684216904888643 ) ) ;
#1460 = ORIENTED_EDGE ( 'NONE', *, *, #2290, .F. ) ;
#1461 = EDGE_LOOP ( 'NONE', ( #2704, #4432, #1845, #1821 ) ) ;
#1462 = CARTESIAN_POINT ( 'NONE',  ( -2.500000000000001776, 0.000000000000000000, 4.000000000000000000 ) ) ;
#1463 = ORIENTED_EDGE ( 'NONE', *, *, #4267, .F. ) ;
#1464 = CARTESIAN_POINT ( 'NONE',  ( -2.456954796122877926, 7.532671643105877557, -2.493422570021937013 ) ) ;
#1465 = EDGE_CURVE ( 'NONE', #3264, #3760, #1222, .T. ) ;
#1466 = EDGE_CURVE ( 'NONE', #3233, #4581, #4066, .T. ) ;
#1467 = CONTEXT_DEPENDENT_SHAPE_REPRESENTATION ( #3165, #590 ) ;
#1468 = EDGE_LOOP ( 'NONE', ( #4327, #2702, #3356, #37 ) ) ;
#1469 = FACE_OUTER_BOUND ( 'NONE', #2586, .T. ) ;
#1470 = FACE_OUTER_BOUND ( 'NONE', #1581, .T. ) ;
#1471 = ORIENTED_EDGE ( 'NONE', *, *, #1179, .F. ) ;
#1472 = EDGE_LOOP ( 'NONE', ( #1635, #1247, #1066, #4262 ) ) ;
#1473 = CARTESIAN_POINT ( 'NONE',  ( -0.6500000000000000222, -1.500001004271340976, 36.83445846704794491 ) ) ;
#1474 = FACE_OUTER_BOUND ( 'NONE', #3786, .T. ) ;
#1475 = FACE_OUTER_BOUND ( 'NONE', #3052, .T. ) ;
#1476 = CARTESIAN_POINT ( 'NONE',  ( 0.6499999999999999112, -0.4282046297632469689, 35.57839901668460669 ) ) ;
#1477 = LINE ( 'NONE', #4040, #3970 ) ;
#1478 = DIRECTION ( 'NONE',  ( -0.000000000000000000, -0.000000000000000000, 1.000000000000000000 ) ) ;
#1479 = CARTESIAN_POINT ( 'NONE',  ( 1.224646799147353207E-16, 0.000000000000000000, 1.000000000000000000 ) ) ;
#1480 = LINE ( 'NONE', #4044, #3828 ) ;
#1481 = EDGE_LOOP ( 'NONE', ( #552, #34, #1389, #736 ) ) ;
#1482 = LINE ( 'NONE', #2900, #465 ) ;
#1483 = ORIENTED_EDGE ( 'NONE', *, *, #2855, .F. ) ;
#1484 = CYLINDRICAL_SURFACE ( 'NONE', #4556, 4.000000000000000888 ) ;
#1485 = EDGE_CURVE ( 'NONE', #3997, #455, #3405, .T. ) ;
#1486 = EDGE_LOOP ( 'NONE', ( #4377, #4301, #2283, #4515 ) ) ;
#1487 = PLANE ( 'NONE',  #2021 ) ;
#1488 = CARTESIAN_POINT ( 'NONE',  ( 3.294058235013969771, 7.116357902807777691, -1.207151207097530099 ) ) ;
#1489 = ORIENTED_EDGE ( 'NONE', *, *, #1070, .T. ) ;
#1490 =( BOUNDED_CURVE ( )  B_SPLINE_CURVE ( 3, ( #54, #882, #1534, #802 ),
 .UNSPECIFIED., .F., .T. ) 
 B_SPLINE_CURVE_WITH_KNOTS ( ( 4, 4 ),
 ( 1.570796326794896114, 2.488190635578794829 ),
 .UNSPECIFIED. ) 
 CURVE ( )  GEOMETRIC_REPRESENTATION_ITEM ( )  RATIONAL_B_SPLINE_CURVE ( ( 1.000000000000000000, 0.9310867551470797254, 0.9310867551470797254, 1.000000000000000000 ) ) 
 REPRESENTATION_ITEM ( '' )  );
#1491 = CARTESIAN_POINT ( 'NONE',  ( 0.6500000000000000222, -2.697205080273842981, 36.22684216904888643 ) ) ;
#1492 = ADVANCED_FACE ( 'NONE', ( #2356, #891 ), #1193, .F. ) ;
#1493 = EDGE_CURVE ( 'NONE', #1220, #1696, #3510, .T. ) ;
#1494 = CARTESIAN_POINT ( 'NONE',  ( 4.499999999999999112, 8.576947549308195917, -4.102009349938842142 ) ) ;
#1495 = LINE ( 'NONE', #2915, #679 ) ;
#1496 = CARTESIAN_POINT ( 'NONE',  ( 0.000000000000000000, 0.000000000000000000, 0.000000000000000000 ) ) ;
#1497 = DIRECTION ( 'NONE',  ( 0.000000000000000000, 1.000000000000000000, 0.000000000000000000 ) ) ;
#1498 = EDGE_CURVE ( 'NONE', #1598, #3066, #1957, .T. ) ;
#1499 = AXIS2_PLACEMENT_3D ( 'NONE', #2997, #1920, #1626 ) ;
#1500 = CARTESIAN_POINT ( 'NONE',  ( 0.6499999999999999112, -3.285267191802260456, 34.93407519899149349 ) ) ;
#1501 = FACE_OUTER_BOUND ( 'NONE', #2046, .T. ) ;
#1502 = DIRECTION ( 'NONE',  ( 0.000000000000000000, 0.000000000000000000, -1.000000000000000000 ) ) ;
#1503 = CARTESIAN_POINT ( 'NONE',  ( 0.6499999999999999112, -1.594453988678687706, 34.93407519899149349 ) ) ;
#1504 = VECTOR ( 'NONE', #3600, 1000.000000000000000 ) ;
#1505 = ORIENTED_EDGE ( 'NONE', *, *, #2373, .T. ) ;
#1506 = AXIS2_PLACEMENT_3D ( 'NONE', #3557, #1036, #707 ) ;
#1507 = CARTESIAN_POINT ( 'NONE',  ( 7.499999999999996447, 13.10000000000000142, -3.252606517456511724E-15 ) ) ;
#1508 = DIRECTION ( 'NONE',  ( 1.000000000000000000, 0.000000000000000000, 5.782411586589357392E-17 ) ) ;
#1509 = CARTESIAN_POINT ( 'NONE',  ( -2.367841899883655010, 7.571286292197376255, 2.577464788732402035 ) ) ;
#1510 = CIRCLE ( 'NONE', #544, 1.600000000000001643 ) ;
#1511 = AXIS2_PLACEMENT_3D ( 'NONE', #2749, #2496, #3921 ) ;
#1512 = AXIS2_PLACEMENT_3D ( 'NONE', #1838, #2574, #3257 ) ;
#1513 = VERTEX_POINT ( 'NONE', #1658 ) ;
#1514 = CARTESIAN_POINT ( 'NONE',  ( 0.000000000000000000, 2.500000000000000000, -35.39999999999999147 ) ) ;
#1515 = VECTOR ( 'NONE', #706, 1000.000000000000000 ) ;
#1516 = CYLINDRICAL_SURFACE ( 'NONE', #4029, 3.100000000000000089 ) ;
#1517 = VERTEX_POINT ( 'NONE', #3717 ) ;
#1518 = CARTESIAN_POINT ( 'NONE',  ( 3.500000000000002220, 4.661157024793387116, 3.999999999999999112 ) ) ;
#1519 = CIRCLE ( 'NONE', #3009, 1.000000000000000888 ) ;
#1520 = CARTESIAN_POINT ( 'NONE',  ( 3.420536325377077080, 7.662810314383108334, -2.765804781046249161 ) ) ;
#1521 = CARTESIAN_POINT ( 'NONE',  ( 0.000000000000000000, 0.000000000000000000, 0.000000000000000000 ) ) ;
#1522 = PLANE ( 'NONE',  #2323 ) ;
#1523 = DIRECTION ( 'NONE',  ( 1.826024711554533913E-16, -0.000000000000000000, -1.000000000000000000 ) ) ;
#1524 = AXIS2_PLACEMENT_3D ( 'NONE', #2158, #2808, #4257 ) ;
#1525 = ADVANCED_FACE ( 'NONE', ( #3386 ), #4382, .F. ) ;
#1526 = CARTESIAN_POINT ( 'NONE',  ( -0.6500000000000000222, -2.312900424511113773, 35.79729224967505274 ) ) ;
#1527 = PRODUCT_RELATED_PRODUCT_CATEGORY ( 'part', '', ( #3166 ) ) ;
#1528 = ADVANCED_FACE ( 'NONE', ( #4405 ), #3950, .F. ) ;
#1529 = CARTESIAN_POINT ( 'NONE',  ( -14.46500000000000696, 3.000000000000000000, -43.00000000000000000 ) ) ;
#1530 = CARTESIAN_POINT ( 'NONE',  ( 30.41025971044413367, 7.571286292197369150, -2.577464788732401590 ) ) ;
#1531 = FACE_OUTER_BOUND ( 'NONE', #1722, .T. ) ;
#1532 = CARTESIAN_POINT ( 'NONE',  ( -0.6499999999999999112, 1.262608573360325392, 35.57839901668460669 ) ) ;
#1533 = ORIENTED_EDGE ( 'NONE', *, *, #2367, .F. ) ;
#1534 = CARTESIAN_POINT ( 'NONE',  ( 3.359623245622312293, 5.520780270415711399, 4.398702302705608247 ) ) ;
#1535 = DIRECTION ( 'NONE',  ( 1.000000000000000000, 0.000000000000000000, 0.000000000000000000 ) ) ;
#1536 = CARTESIAN_POINT ( 'NONE',  ( -14.46500000000000696, 0.000000000000000000, -47.99999999999999289 ) ) ;
#1537 = ITEM_DEFINED_TRANSFORMATION ( 'NONE', 'NONE', #3533,  #254 ) ;
#1538 = VERTEX_POINT ( 'NONE', #2155 ) ;
#1539 = CARTESIAN_POINT ( 'NONE',  ( 10.00000000000000355, 0.000000000000000000, -6.700000000000001066 ) ) ;
#1540 = CARTESIAN_POINT ( 'NONE',  ( 3.673940397442060361E-16, 0.000000000000000000, 3.000000000000000444 ) ) ;
#1541 = ORIENTED_EDGE ( 'NONE', *, *, #4584, .F. ) ;
#1542 = CARTESIAN_POINT ( 'NONE',  ( 0.000000000000000000, 8.000000000000000000, 0.000000000000000000 ) ) ;
#1543 = CARTESIAN_POINT ( 'NONE',  ( -2.000000000000000000, 2.449293598294706414E-16, 29.00000000000000355 ) ) ;
#1544 = CARTESIAN_POINT ( 'NONE',  ( 7.499999999999996447, 13.10000000000000142, -3.252606517456511724E-15 ) ) ;
#1545 = PLANE ( 'NONE',  #4322 ) ;
#1546 = DIRECTION ( 'NONE',  ( 0.000000000000000000, 0.000000000000000000, 1.000000000000000000 ) ) ;
#1547 = CARTESIAN_POINT ( 'NONE',  ( -0.6500000000000000222, -1.108905118725955985, 33.93816449873333596 ) ) ;
#1548 = EDGE_LOOP ( 'NONE', ( #3777, #4128, #2639, #968 ) ) ;
#1549 = EDGE_CURVE ( 'NONE', #2277, #643, #11, .T. ) ;
#1550 = CARTESIAN_POINT ( 'NONE',  ( 0.6499999999999999112, -2.290812734463612887, 31.78000000000000469 ) ) ;
#1551 = ADVANCED_FACE ( 'NONE', ( #2727 ), #1065, .F. ) ;
#1552 = CARTESIAN_POINT ( 'NONE',  ( -0.6500000000000000222, 0.7000004686599591297, 31.78000000000000114 ) ) ;
#1553 = CARTESIAN_POINT ( 'NONE',  ( -14.46500000000000696, 8.000000000000000000, -43.00000000000000000 ) ) ;
#1554 = CARTESIAN_POINT ( 'NONE',  ( 0.6500000000000000222, 0.6859026638730170156, 33.08497086363783524 ) ) ;
#1555 = ORIENTED_EDGE ( 'NONE', *, *, #3964, .T. ) ;
#1556 = PRODUCT_RELATED_PRODUCT_CATEGORY ( 'part', '', ( #2414 ) ) ;
#1557 = EDGE_CURVE ( 'NONE', #2350, #4435, #1440, .T. ) ;
#1558 = DIRECTION ( 'NONE',  ( 0.000000000000000000, 1.000000000000000000, 0.000000000000000000 ) ) ;
#1559 = FACE_BOUND ( 'NONE', #1172, .T. ) ;
#1560 = DIRECTION ( 'NONE',  ( 0.000000000000000000, 1.000000000000000000, 0.000000000000000000 ) ) ;
#1561 = ITEM_DEFINED_TRANSFORMATION ( 'NONE', 'NONE', #1524,  #254 ) ;
#1562 = ORIENTED_EDGE ( 'NONE', *, *, #232, .T. ) ;
#1563 = CARTESIAN_POINT ( 'NONE',  ( -14.46500000000000874, 5.499999999999999112, -41.49999999999999289 ) ) ;
#1564 = DIRECTION ( 'NONE',  ( 0.000000000000000000, 0.000000000000000000, 1.000000000000000000 ) ) ;
#1565 = ORIENTED_EDGE ( 'NONE', *, *, #3516, .T. ) ;
#1566 = LINE ( 'NONE', #1240, #3613 ) ;
#1567 = VERTEX_POINT ( 'NONE', #4598 ) ;
#1568 = CARTESIAN_POINT ( 'NONE',  ( -9.999999999999996447, 2.500000000000000000, -5.099999999999996980 ) ) ;
#1569 = ORIENTED_EDGE ( 'NONE', *, *, #3882, .F. ) ;
#1570 = DIRECTION ( 'NONE',  ( -4.283267841918042495E-16, 0.000000000000000000, -1.000000000000000000 ) ) ;
#1571 = DIRECTION ( 'NONE',  ( -0.000000000000000000, 1.000000000000000000, -0.000000000000000000 ) ) ;
#1572 = CARTESIAN_POINT ( 'NONE',  ( -0.6500000000000000222, -3.190814207394912838, 36.83445846704794491 ) ) ;
#1573 = ORIENTED_EDGE ( 'NONE', *, *, #232, .F. ) ;
#1574 = VECTOR ( 'NONE', #4393, 1000.000000000000000 ) ;
#1575 = CARTESIAN_POINT ( 'NONE',  ( 2.648745924446987310, 7.571286295017832124, 2.577464794782334145 ) ) ;
#1576 = AXIS2_PLACEMENT_3D ( 'NONE', #729, #1037, #1432 ) ;
#1577 = DIRECTION ( 'NONE',  ( -0.000000000000000000, -1.000000000000000000, -0.000000000000000000 ) ) ;
#1578 = DIRECTION ( 'NONE',  ( 0.000000000000000000, 0.000000000000000000, -1.000000000000000000 ) ) ;
#1579 = CARTESIAN_POINT ( 'NONE',  ( 30.41025971044413367, 13.10000000000000142, -1.318834785756477476E-14 ) ) ;
#1580 = ORIENTED_EDGE ( 'NONE', *, *, #1378, .F. ) ;
#1581 = EDGE_LOOP ( 'NONE', ( #3814, #354, #4099, #436 ) ) ;
#1582 = CIRCLE ( 'NONE', #4317, 1.000000000000000888 ) ;
#1583 = DIRECTION ( 'NONE',  ( -1.000000000000000000, -0.000000000000000000, 4.336808689942017736E-16 ) ) ;
#1584 = DIRECTION ( 'NONE',  ( 1.000000000000000000, 0.000000000000000000, -0.000000000000000000 ) ) ;
#1585 = DIRECTION ( 'NONE',  ( 0.000000000000000000, 0.7099765161199200758, -0.7042253521126747851 ) ) ;
#1586 = CIRCLE ( 'NONE', #4174, 3.100000000000000089 ) ;
#1587 = EDGE_CURVE ( 'NONE', #3767, #108, #1355, .T. ) ;
#1588 = EDGE_CURVE ( 'NONE', #4229, #3379, #3598, .T. ) ;
#1589 = AXIS2_PLACEMENT_3D ( 'NONE', #813, #3987, #4307 ) ;
#1590 = VERTEX_POINT ( 'NONE', #2523 ) ;
#1591 = CARTESIAN_POINT ( 'NONE',  ( 2.499999999999998224, 6.664939782721529760, -4.000000000000000888 ) ) ;
#1592 = CIRCLE ( 'NONE', #4182, 1.000000000000000888 ) ;
#1593 = AXIS2_PLACEMENT_3D ( 'NONE', #3371, #180, #199 ) ;
#1594 = ORIENTED_EDGE ( 'NONE', *, *, #3859, .F. ) ;
#1595 = DIRECTION ( 'NONE',  ( 0.000000000000000000, 0.000000000000000000, 1.000000000000000000 ) ) ;
#1596 = AXIS2_PLACEMENT_3D ( 'NONE', #4490, #1255, #3048 ) ;
#1597 =( GEOMETRIC_REPRESENTATION_CONTEXT ( 3 ) GLOBAL_UNCERTAINTY_ASSIGNED_CONTEXT ( ( #1118 ) ) GLOBAL_UNIT_ASSIGNED_CONTEXT ( ( #2219, #1830, #1153 ) ) REPRESENTATION_CONTEXT ( 'NONE', 'WORKASPACE' ) );
#1598 = VERTEX_POINT ( 'NONE', #757 ) ;
#1599 = CARTESIAN_POINT ( 'NONE',  ( 8.000000000000000000, 2.499999999999999556, 2.500000000000000444 ) ) ;
#1600 = PLANE ( 'NONE',  #310 ) ;
#1601 = CIRCLE ( 'NONE', #325, 1.000000000000000888 ) ;
#1602 = EDGE_LOOP ( 'NONE', ( #3585, #348, #3267, #3846 ) ) ;
#1603 = AXIS2_PLACEMENT_3D ( 'NONE', #614, #4222, #3132 ) ;
#1604 = AXIS2_PLACEMENT_3D ( 'NONE', #1818, #3933, #2088 ) ;
#1605 = CARTESIAN_POINT ( 'NONE',  ( 3.162653153101416148, 6.919369385571195075, 4.247799917295125738 ) ) ;
#1606 = CARTESIAN_POINT ( 'NONE',  ( -0.6500000000000000222, -1.500001004271340976, 36.83445846704794491 ) ) ;
#1607 = CARTESIAN_POINT ( 'NONE',  ( 0.000000000000000000, 3.000000000000000000, -29.79999999999999716 ) ) ;
#1608 = DIRECTION ( 'NONE',  ( -0.000000000000000000, -1.000000000000000000, -0.000000000000000000 ) ) ;
#1609 = ORIENTED_EDGE ( 'NONE', *, *, #3799, .F. ) ;
#1610 = LINE ( 'NONE', #1300, #3439 ) ;
#1611 = PLANE ( 'NONE',  #4098 ) ;
#1612 = DIRECTION ( 'NONE',  ( 1.826024711554533913E-16, 0.000000000000000000, 1.000000000000000000 ) ) ;
#1613 = EDGE_CURVE ( 'NONE', #1079, #2575, #3561, .T. ) ;
#1614 = ORIENTED_EDGE ( 'NONE', *, *, #4085, .T. ) ;
#1615 = SURFACE_STYLE_FILL_AREA ( #577 ) ;
#1616 = EDGE_CURVE ( 'NONE', #352, #1000, #1948, .T. ) ;
#1617 = ORIENTED_EDGE ( 'NONE', *, *, #951, .F. ) ;
#1618 =( NAMED_UNIT ( * ) PLANE_ANGLE_UNIT ( ) SI_UNIT ( $, .RADIAN. ) );
#1619 = ORIENTED_EDGE ( 'NONE', *, *, #1922, .T. ) ;
#1620 = LINE ( 'NONE', #2391, #1073 ) ;
#1621 = ORIENTED_EDGE ( 'NONE', *, *, #3544, .F. ) ;
#1622 = DIRECTION ( 'NONE',  ( -1.000000000000000000, 0.000000000000000000, -2.398511546459462900E-16 ) ) ;
#1623 = ORIENTED_EDGE ( 'NONE', *, *, #4305, .F. ) ;
#1624 = CARTESIAN_POINT ( 'NONE',  ( 2.582409040337701356, 8.246964417101994016, 3.981611807024464600 ) ) ;
#1625 = CARTESIAN_POINT ( 'NONE',  ( -0.6499999999999999112, -0.4909885032586616682, 37.65414973380643460 ) ) ;
#1626 = DIRECTION ( 'NONE',  ( 0.000000000000000000, 0.000000000000000000, -1.000000000000000000 ) ) ;
#1627 = CARTESIAN_POINT ( 'NONE',  ( 0.6499999999999999112, -2.509013505284016787, 36.01476720028945522 ) ) ;
#1628 = ORIENTED_EDGE ( 'NONE', *, *, #387, .T. ) ;
#1629 = CARTESIAN_POINT ( 'NONE',  ( -2.500000000000000888, 0.000000000000000000, -4.000000000000000000 ) ) ;
#1630 = CARTESIAN_POINT ( 'NONE',  ( 0.000000000000000000, 2.499999999999999556, -7.500000000000000000 ) ) ;
#1631 = CYLINDRICAL_SURFACE ( 'NONE', #1596, 3.500000000000000000 ) ;
#1632 = ORIENTED_EDGE ( 'NONE', *, *, #3320, .F. ) ;
#1633 = CARTESIAN_POINT ( 'NONE',  ( -14.46500000000000696, 3.000000000000000000, -38.00000000000000711 ) ) ;
#1634 = ADVANCED_FACE ( 'NONE', ( #2504, #2745, #3082, #1310 ), #1787, .F. ) ;
#1635 = ORIENTED_EDGE ( 'NONE', *, *, #438, .T. ) ;
#1636 = DIRECTION ( 'NONE',  ( 0.000000000000000000, 0.000000000000000000, 1.000000000000000000 ) ) ;
#1637 = ORIENTED_EDGE ( 'NONE', *, *, #1833, .T. ) ;
#1638 = CARTESIAN_POINT ( 'NONE',  ( 3.544195850462384279, 7.685642353834901463, 2.811674340922853954 ) ) ;
#1640 = VERTEX_POINT ( 'NONE', #1462 ) ;
#1639 = ADVANCED_FACE ( 'NONE', ( #3238 ), #1411, .T. ) ;
#1641 = EDGE_CURVE ( 'NONE', #1677, #1079, #3803, .T. ) ;
#1642 = CARTESIAN_POINT ( 'NONE',  ( 3.319809722181203959, 8.542682346068611210, 4.057643155047953698 ) ) ;
#1643 = CARTESIAN_POINT ( 'NONE',  ( 0.6500000000000000222, 0.1888155173209505600, 34.82651745595467929 ) ) ;
#1644 = CARTESIAN_POINT ( 'NONE',  ( -14.46500000000000696, 8.000000000000000000, -33.00000000000001421 ) ) ;
#1645 = CARTESIAN_POINT ( 'NONE',  ( 0.6500000000000000222, -2.697205080273842981, 36.22684216904888643 ) ) ;
#1646 = ORIENTED_EDGE ( 'NONE', *, *, #240, .F. ) ;
#1647 = DIRECTION ( 'NONE',  ( 0.000000000000000000, 1.734723475976807094E-15, -1.000000000000000000 ) ) ;
#1648 = CARTESIAN_POINT ( 'NONE',  ( 0.000000000000000000, 0.000000000000000000, 31.78000000000000114 ) ) ;
#1649 = CARTESIAN_POINT ( 'NONE',  ( -1.668367738538701683, 7.668036304288797567, 3.084490999141758838 ) ) ;
#1650 = VECTOR ( 'NONE', #1807, 1000.000000000000000 ) ;
#1651 = CIRCLE ( 'NONE', #3592, 1.000000000000000888 ) ;
#1652 = VERTEX_POINT ( 'NONE', #3470 ) ;
#1653 = DIRECTION ( 'NONE',  ( 0.000000000000000000, -1.000000000000000000, -1.734723475976807094E-16 ) ) ;
#1654 = VECTOR ( 'NONE', #3291, 1000.000000000000000 ) ;
#1655 = EDGE_LOOP ( 'NONE', ( #589, #369, #789, #3929 ) ) ;
#1656 = FACE_OUTER_BOUND ( 'NONE', #720, .T. ) ;
#1657 = VERTEX_POINT ( 'NONE', #1680 ) ;
#1658 = CARTESIAN_POINT ( 'NONE',  ( 0.000000000000000000, 3.000000000000000000, -3.000000000000000444 ) ) ;
#1659 = VECTOR ( 'NONE', #1430, 1000.000000000000000 ) ;
#1660 = VERTEX_POINT ( 'NONE', #4518 ) ;
#1661 = MECHANICAL_DESIGN_GEOMETRIC_PRESENTATION_REPRESENTATION (  '', ( #612 ), #986 ) ;
#1662 = EDGE_CURVE ( 'NONE', #1189, #2395, #2769, .T. ) ;
#1663 = CARTESIAN_POINT ( 'NONE',  ( 3.343871851721193611, 7.158281399859903082, 4.446943516897464477 ) ) ;
#1664 = DIRECTION ( 'NONE',  ( 0.000000000000000000, 0.000000000000000000, 1.000000000000000000 ) ) ;
#1665 = AXIS2_PLACEMENT_3D ( 'NONE', #2062, #2506, #3998 ) ;
#1666 = DIRECTION ( 'NONE',  ( 0.000000000000000000, 0.000000000000000000, 1.000000000000000000 ) ) ;
#1667 = EDGE_CURVE ( 'NONE', #2914, #2806, #2694, .T. ) ;
#1668 = VERTEX_POINT ( 'NONE', #4370 ) ;
#1669 = VECTOR ( 'NONE', #215, 1000.000000000000000 ) ;
#1670 = SURFACE_STYLE_FILL_AREA ( #2345 ) ;
#1671 = CARTESIAN_POINT ( 'NONE',  ( 14.46500000000000696, 0.000000000000000000, -38.00000000000000000 ) ) ;
#1672 = CARTESIAN_POINT ( 'NONE',  ( -2.038270758063799537, 7.660884606171863176, 2.853592113741080905 ) ) ;
#1673 = ORIENTED_EDGE ( 'NONE', *, *, #2175, .F. ) ;
#1674 = DIRECTION ( 'NONE',  ( -0.000000000000000000, 1.000000000000000000, -0.000000000000000000 ) ) ;
#1675 = EDGE_LOOP ( 'NONE', ( #4449, #1150, #3741, #2117 ) ) ;
#1676 = ADVANCED_BREP_SHAPE_REPRESENTATION ( '', ( #2047, #3488, #2063, #254 ), #1371 ) ;
#1677 = VERTEX_POINT ( 'NONE', #3707 ) ;
#1678 = LINE ( 'NONE', #4162, #624 ) ;
#1679 = ORIENTED_EDGE ( 'NONE', *, *, #3514, .F. ) ;
#1680 = CARTESIAN_POINT ( 'NONE',  ( -2.367841899883655010, 7.571286292197376255, 2.577464788732402035 ) ) ;
#1681 = ORIENTED_EDGE ( 'NONE', *, *, #3278, .T. ) ;
#1682 = UNCERTAINTY_MEASURE_WITH_UNIT (LENGTH_MEASURE( 1.000000000000000082E-05 ), #3839, 'distance_accuracy_value', 'NONE');
#1683 = DIRECTION ( 'NONE',  ( 4.336808689942017736E-16, 0.000000000000000000, 1.000000000000000000 ) ) ;
#1684 = CARTESIAN_POINT ( 'NONE',  ( 3.400132793349341043, 7.315890129192929692, -4.559837960024282211 ) ) ;
#1685 = CARTESIAN_POINT ( 'NONE',  ( 0.6500000000000000222, 0.7000004686599590187, 31.78000000000000114 ) ) ;
#1686 = CARTESIAN_POINT ( 'NONE',  ( 0.4365449101582147273, 7.543676751707899975, -3.479385040139010510 ) ) ;
#1687 = EDGE_CURVE ( 'NONE', #2963, #957, #1132, .T. ) ;
#1688 = CARTESIAN_POINT ( 'NONE',  ( 0.6499999999999999112, -2.181801706382234141, 37.65414973380643460 ) ) ;
#1689 = DIRECTION ( 'NONE',  ( 0.000000000000000000, 1.000000000000000000, 0.000000000000000000 ) ) ;
#1690 = LINE ( 'NONE', #4178, #2904 ) ;
#1691 = CYLINDRICAL_SURFACE ( 'NONE', #3683, 1.000000000000000888 ) ;
#1692 = VERTEX_POINT ( 'NONE', #2548 ) ;
#1693 = EDGE_CURVE ( 'NONE', #416, #2943, #1809, .T. ) ;
#1694 = ADVANCED_FACE ( 'NONE', ( #4346 ), #2594, .F. ) ;
#1695 = VERTEX_POINT ( 'NONE', #2649 ) ;
#1696 = VERTEX_POINT ( 'NONE', #488 ) ;
#1697 = DIRECTION ( 'NONE',  ( 0.000000000000000000, 1.000000000000000000, 0.000000000000000000 ) ) ;
#1698 = ORIENTED_EDGE ( 'NONE', *, *, #2567, .F. ) ;
#1699 = CARTESIAN_POINT ( 'NONE',  ( 3.393929035086745483, 7.276500068546234878, -4.534541195954211013 ) ) ;
#1700 = VERTEX_POINT ( 'NONE', #4017 ) ;
#1701 = ORIENTED_EDGE ( 'NONE', *, *, #3776, .T. ) ;
#1702 = ORIENTED_EDGE ( 'NONE', *, *, #2799, .F. ) ;
#1703 = CARTESIAN_POINT ( 'NONE',  ( 10.00000000000000355, 2.500000000000000000, -5.099999999999999645 ) ) ;
#1704 = FACE_OUTER_BOUND ( 'NONE', #140, .T. ) ;
#1705 = CARTESIAN_POINT ( 'NONE',  ( 9.465000000000003411, 5.500000000000000000, -10.59999999999999609 ) ) ;
#1706 = CARTESIAN_POINT ( 'NONE',  ( -3.919183588453089673, 31.50000000000000711, -33.00000000000001421 ) ) ;
#1707 = ORIENTED_EDGE ( 'NONE', *, *, #128, .F. ) ;
#1708 = PRODUCT ( '\X2\76f8673a8fde63a5\X0\', '\X2\76f8673a8fde63a5\X0\', '', ( #2628 ) ) ;
#1709 = CARTESIAN_POINT ( 'NONE',  ( -1.472271353981532638, 7.651478117025156678, -3.182633412611171941 ) ) ;
#1710 = DIRECTION ( 'NONE',  ( 0.000000000000000000, -0.000000000000000000, 1.000000000000000000 ) ) ;
#1711 = DIRECTION ( 'NONE',  ( -5.311058880651918365E-32, 1.000000000000000000, -1.224646799147353207E-16 ) ) ;
#1712 = LINE ( 'NONE', #3481, #2 ) ;
#1713 = PLANE ( 'NONE',  #2185 ) ;
#1714 = ORIENTED_EDGE ( 'NONE', *, *, #4116, .F. ) ;
#1715 = VERTEX_POINT ( 'NONE', #827 ) ;
#1716 = EDGE_CURVE ( 'NONE', #1187, #3836, #987, .T. ) ;
#1717 = CARTESIAN_POINT ( 'NONE',  ( 14.46500000000001052, 5.500000000000000000, -16.60000000000000853 ) ) ;
#1718 = AXIS2_PLACEMENT_3D ( 'NONE', #2980, #458, #159 ) ;
#1719 = EDGE_CURVE ( 'NONE', #3447, #909, #2394, .T. ) ;
#1720 = DIRECTION ( 'NONE',  ( -0.1102903019039115223, 0.000000000000000000, -0.9938994160909566666 ) ) ;
#1721 = CIRCLE ( 'NONE', #1941, 7.099999999999999645 ) ;
#1722 = EDGE_LOOP ( 'NONE', ( #3883, #3869, #3596, #933 ) ) ;
#1723 = CARTESIAN_POINT ( 'NONE',  ( 0.000000000000000000, 1.800000000000000044, 3.100000000000000089 ) ) ;
#1724 = DIRECTION ( 'NONE',  ( 1.000000000000000000, -3.398813180103719256E-16, -1.734723475976808574E-16 ) ) ;
#1725 = ADVANCED_BREP_SHAPE_REPRESENTATION ( '', ( #3478, #254 ), #2269 ) ;
#1726 = ORIENTED_EDGE ( 'NONE', *, *, #3258, .T. ) ;
#1727 = PRESENTATION_LAYER_ASSIGNMENT (  '', '', ( #1059 ) ) ;
#1728 = DIRECTION ( 'NONE',  ( -1.000000000000000000, 0.000000000000000000, 0.000000000000000000 ) ) ;
#1729 = CARTESIAN_POINT ( 'NONE',  ( 3.923951471797415547, 7.835777339217158577, -3.083591332491278258 ) ) ;
#1730 = CARTESIAN_POINT ( 'NONE',  ( 3.500000000000000000, 13.10000000000000142, -1.517883041479706208E-15 ) ) ;
#1731 = DIRECTION ( 'NONE',  ( -0.000000000000000000, -1.000000000000000000, -0.000000000000000000 ) ) ;
#1732 =( GEOMETRIC_REPRESENTATION_CONTEXT ( 3 ) GLOBAL_UNCERTAINTY_ASSIGNED_CONTEXT ( ( #2839 ) ) GLOBAL_UNIT_ASSIGNED_CONTEXT ( ( #2937, #864, #421 ) ) REPRESENTATION_CONTEXT ( 'NONE', 'WORKASPACE' ) );
#1733 = VECTOR ( 'NONE', #1612, 1000.000000000000000 ) ;
#1734 = CIRCLE ( 'NONE', #1294, 2.000000000000000000 ) ;
#1735 = CARTESIAN_POINT ( 'NONE',  ( 0.6500000000000000222, -1.108905118725955985, 33.93816449873333596 ) ) ;
#1736 = DIRECTION ( 'NONE',  ( 0.000000000000000000, 0.000000000000000000, 1.000000000000000000 ) ) ;
#1737 = SURFACE_SIDE_STYLE ('',( #2781 ) ) ;
#1738 = CARTESIAN_POINT ( 'NONE',  ( -14.46500000000001052, 5.500000000000000000, -12.59999999999999964 ) ) ;
#1739 = DIRECTION ( 'NONE',  ( -1.000000000000000000, 0.000000000000000000, -3.469446951953620105E-16 ) ) ;
#1740 = ORIENTED_EDGE ( 'NONE', *, *, #1213, .T. ) ;
#1741 = AXIS2_PLACEMENT_3D ( 'NONE', #2360, #3789, #1666 ) ;
#1742 = AXIS2_PLACEMENT_3D ( 'NONE', #991, #1014, #2409 ) ;
#1743 = ORIENTED_EDGE ( 'NONE', *, *, #255, .T. ) ;
#1744 = FILL_AREA_STYLE_COLOUR ( '', #1068 ) ;
#1745 = DIRECTION ( 'NONE',  ( 0.007143540374779230526, 1.105905175882472960E-32, 0.9999744845899390944 ) ) ;
#1746 = ADVANCED_FACE ( 'NONE', ( #511, #3978 ), #2250, .F. ) ;
#1747 = EDGE_CURVE ( 'NONE', #3174, #4581, #2920, .T. ) ;
#1748 = ORIENTED_EDGE ( 'NONE', *, *, #1776, .T. ) ;
#1749 = DIRECTION ( 'NONE',  ( 0.000000000000000000, 1.000000000000000000, 0.000000000000000000 ) ) ;
#1750 = DIRECTION ( 'NONE',  ( 1.000000000000000000, 0.000000000000000000, 2.398511546459462900E-16 ) ) ;
#1751 = ORIENTED_EDGE ( 'NONE', *, *, #1833, .F. ) ;
#1752 = ORIENTED_EDGE ( 'NONE', *, *, #1155, .F. ) ;
#1753 = ORIENTED_EDGE ( 'NONE', *, *, #4198, .T. ) ;
#1754 = DIRECTION ( 'NONE',  ( -0.000000000000000000, 1.000000000000000000, -0.000000000000000000 ) ) ;
#1755 = CARTESIAN_POINT ( 'NONE',  ( 3.162373733597218628, 6.919174611937970454, -4.247615604206914419 ) ) ;
#1756 = CARTESIAN_POINT ( 'NONE',  ( 4.286263797015736595E-16, -9.899494936611665352, -3.500000000000000000 ) ) ;
#1757 = DIRECTION ( 'NONE',  ( 0.000000000000000000, 0.000000000000000000, -1.000000000000000000 ) ) ;
#1758 = CARTESIAN_POINT ( 'NONE',  ( -2.212298548786561625, 7.637902522199722100, -2.720357939236757616 ) ) ;
#1759 = FACE_OUTER_BOUND ( 'NONE', #3463, .T. ) ;
#1760 = CARTESIAN_POINT ( 'NONE',  ( 4.500000000000003553, 13.10000000000000142, 7.099999999999997868 ) ) ;
#1761 = CARTESIAN_POINT ( 'NONE',  ( 4.286263797015736595E-16, 2.800000000000000266, -3.500000000000000000 ) ) ;
#1762 = FACE_OUTER_BOUND ( 'NONE', #122, .T. ) ;
#1763 = ORIENTED_EDGE ( 'NONE', *, *, #1011, .F. ) ;
#1764 = ORIENTED_EDGE ( 'NONE', *, *, #2056, .F. ) ;
#1765 = DIRECTION ( 'NONE',  ( 0.000000000000000000, 1.000000000000000000, 0.000000000000000000 ) ) ;
#1766 = SHAPE_DEFINITION_REPRESENTATION ( #2870, #3894 ) ;
#1767 = EDGE_LOOP ( 'NONE', ( #2695, #579 ) ) ;
#1768 = DIRECTION ( 'NONE',  ( -1.000000000000000000, -0.000000000000000000, 4.336808689942018229E-16 ) ) ;
#1769 = CARTESIAN_POINT ( 'NONE',  ( 0.000000000000000000, 8.000000000000000000, 0.000000000000000000 ) ) ;
#1770 = EDGE_CURVE ( 'NONE', #2131, #478, #1490, .T. ) ;
#1771 = ORIENTED_EDGE ( 'NONE', *, *, #375, .T. ) ;
#1772 = ORIENTED_EDGE ( 'NONE', *, *, #3396, .F. ) ;
#1773 = FACE_OUTER_BOUND ( 'NONE', #4366, .T. ) ;
#1774 = CYLINDRICAL_SURFACE ( 'NONE', #1947, 1.000000000000000000 ) ;
#1775 = CARTESIAN_POINT ( 'NONE',  ( -14.46500000000000519, 3.000000000000000000, -9.099999999999997868 ) ) ;
#1776 = EDGE_CURVE ( 'NONE', #495, #888, #1203, .T. ) ;
#1777 = CARTESIAN_POINT ( 'NONE',  ( 4.286213174372938515E-16, 7.530965186505963693, -3.500000000000000000 ) ) ;
#1778 = EDGE_CURVE ( 'NONE', #3890, #1657, #2926, .T. ) ;
#1779 = VERTEX_POINT ( 'NONE', #1159 ) ;
#1780 = CARTESIAN_POINT ( 'NONE',  ( -0.6500000000000000222, -1.501997685802621607, 34.82651745595467929 ) ) ;
#1781 = LINE ( 'NONE', #660, #1953 ) ;
#1782 = CARTESIAN_POINT ( 'NONE',  ( 14.46499999999999986, 0.000000000000000000, 0.000000000000000000 ) ) ;
#1783 = DIRECTION ( 'NONE',  ( -0.000000000000000000, -0.000000000000000000, -1.000000000000000000 ) ) ;
#1784 = PLANE ( 'NONE',  #2551 ) ;
#1785 = ORIENTED_EDGE ( 'NONE', *, *, #2020, .F. ) ;
#1786 = PRODUCT_DEFINITION_SHAPE ( 'NONE', 'NONE',  #4603 ) ;
#1787 = PLANE ( 'NONE',  #4256 ) ;
#1788 = ORIENTED_EDGE ( 'NONE', *, *, #1, .F. ) ;
#1789 = SURFACE_STYLE_USAGE ( .BOTH. , #3141 ) ;
#1790 = DIRECTION ( 'NONE',  ( 1.000000000000000000, 0.000000000000000000, 0.000000000000000000 ) ) ;
#1791 = VERTEX_POINT ( 'NONE', #1924 ) ;
#1792 = FACE_OUTER_BOUND ( 'NONE', #4530, .T. ) ;
#1793 = LINE ( 'NONE', #3215, #388 ) ;
#1794 = ORIENTED_EDGE ( 'NONE', *, *, #949, .F. ) ;
#1795 = AXIS2_PLACEMENT_3D ( 'NONE', #1106, #2542, #2480 ) ;
#1796 = ORIENTED_EDGE ( 'NONE', *, *, #471, .T. ) ;
#1797 = CARTESIAN_POINT ( 'NONE',  ( -0.6500000000000000222, -0.6220872213875416890, 35.79729224967505274 ) ) ;
#1798 = FACE_OUTER_BOUND ( 'NONE', #1342, .T. ) ;
#1799 = AXIS2_PLACEMENT_3D ( 'NONE', #723, #4541, #1683 ) ;
#1800 = PLANE ( 'NONE',  #1511 ) ;
#1801 = DIRECTION ( 'NONE',  ( 0.000000000000000000, -0.000000000000000000, 1.000000000000000000 ) ) ;
#1802 = AXIS2_PLACEMENT_3D ( 'NONE', #3335, #3422, #1570 ) ;
#1803 = DIRECTION ( 'NONE',  ( -4.275726877407623433E-16, 0.000000000000000000, -1.000000000000000000 ) ) ;
#1804 = CARTESIAN_POINT ( 'NONE',  ( -2.500000000000001776, 0.000000000000000000, 4.000000000000000000 ) ) ;
#1805 = ADVANCED_FACE ( 'NONE', ( #3652, #1905 ), #3326, .T. ) ;
#1806 = DIRECTION ( 'NONE',  ( 1.000000000000000000, -0.000000000000000000, 5.782411586589358625E-17 ) ) ;
#1807 = DIRECTION ( 'NONE',  ( -0.000000000000000000, -1.000000000000000000, -0.000000000000000000 ) ) ;
#1808 = CARTESIAN_POINT ( 'NONE',  ( 0.6499999999999999112, -0.5999995313400405816, 31.78000000000000469 ) ) ;
#1809 = CIRCLE ( 'NONE', #2249, 1.600000000000001643 ) ;
#1810 = VERTEX_POINT ( 'NONE', #2623 ) ;
#1811 = CIRCLE ( 'NONE', #2329, 1.600000000000001643 ) ;
#1812 = PRESENTATION_LAYER_ASSIGNMENT (  '', '', ( #3752 ) ) ;
#1813 = DIRECTION ( 'NONE',  ( -1.000000000000000000, -0.000000000000000000, 1.826024711554533667E-16 ) ) ;
#1814 = ORIENTED_EDGE ( 'NONE', *, *, #3486, .F. ) ;
#1815 = DIRECTION ( 'NONE',  ( -4.265713465516739209E-16, 0.000000000000000000, -1.000000000000000000 ) ) ;
#1816 = AXIS2_PLACEMENT_3D ( 'NONE', #251, #1674, #3099 ) ;
#1817 = VECTOR ( 'NONE', #2878, 1000.000000000000000 ) ;
#1818 = CARTESIAN_POINT ( 'NONE',  ( 8.337632819550325536, -34.15802106414908224, -29.52837112072829839 ) ) ;
#1819 = AXIS2_PLACEMENT_3D ( 'NONE', #1030, #1731, #4590 ) ;
#1820 = VECTOR ( 'NONE', #4433, 1000.000000000000000 ) ;
#1821 = ORIENTED_EDGE ( 'NONE', *, *, #456, .F. ) ;
#1822 = DIRECTION ( 'NONE',  ( 0.000000000000000000, 0.000000000000000000, 1.000000000000000000 ) ) ;
#1823 = CARTESIAN_POINT ( 'NONE',  ( 9.465000000000003411, 8.000000000000000000, -19.09999999999999787 ) ) ;
#1824 = EDGE_LOOP ( 'NONE', ( #2424, #3213, #2121, #2593, #733, #3392, #3492, #227, #2038, #1460 ) ) ;
#1825 = CARTESIAN_POINT ( 'NONE',  ( 7.499999999999993783, 8.176081362578118572, -6.431564759220687932 ) ) ;
#1826 = DIRECTION ( 'NONE',  ( -0.000000000000000000, 1.000000000000000000, -0.000000000000000000 ) ) ;
#1827 = CARTESIAN_POINT ( 'NONE',  ( 9.464999999999998082, 5.499999999999999112, -41.49999999999999289 ) ) ;
#1828 = FACE_OUTER_BOUND ( 'NONE', #3186, .T. ) ;
#1829 = DIRECTION ( 'NONE',  ( 1.000000000000000000, 0.000000000000000000, 0.000000000000000000 ) ) ;
#1830 =( NAMED_UNIT ( * ) PLANE_ANGLE_UNIT ( ) SI_UNIT ( $, .RADIAN. ) );
#1831 = CARTESIAN_POINT ( 'NONE',  ( 10.00000000000000355, 2.500000000000000000, -6.700000000000001066 ) ) ;
#1832 = DIRECTION ( 'NONE',  ( -1.000000000000000000, 0.000000000000000000, 0.000000000000000000 ) ) ;
#1833 = EDGE_CURVE ( 'NONE', #647, #782, #3748, .T. ) ;
#1834 = ORIENTED_EDGE ( 'NONE', *, *, #2178, .T. ) ;
#1835 = ORIENTED_EDGE ( 'NONE', *, *, #1119, .T. ) ;
#1836 = DIRECTION ( 'NONE',  ( -0.000000000000000000, -0.000000000000000000, 1.000000000000000000 ) ) ;
#1837 = ORIENTED_EDGE ( 'NONE', *, *, #2020, .T. ) ;
#1838 = CARTESIAN_POINT ( 'NONE',  ( 7.499999999999999112, 4.661157024793388892, 4.999999999999998224 ) ) ;
#1839 = EDGE_CURVE ( 'NONE', #3836, #818, #2278, .T. ) ;
#1840 = EDGE_CURVE ( 'NONE', #88, #4208, #1482, .T. ) ;
#1841 =( BOUNDED_SURFACE ( )  B_SPLINE_SURFACE ( 3, 3, ( 
 ( #3224, #1455, #68, #2969, #377, #3625, #429, #1083, #3318, #2918 ),
 ( #3293, #2564, #1896, #2875, #49, #1476, #2238, #2537, #2894, #3603 ),
 ( #2196, #3990, #1850, #3270, #126, #796, #4310, #98, #2217, #746 ),
 ( #450, #775, #1869, #1547, #4291, #1171, #2170, #1526, #2497, #1572 ),
 ( #2270, #3698, #3337, #148, #4384, #2611, #1195, #503, #4036, #1916 ),
 ( #847, #2260, #1217, #467, #3691, #2559, #3986, #3016, #425, #3621 ),
 ( #1930, #89, #3354, #1846, #4329, #3265, #2233, #4004, #1491, #1888 ) ),
 .UNSPECIFIED., .T., .F., .F. ) 
 B_SPLINE_SURFACE_WITH_KNOTS ( ( 4, 3, 4 ),
 ( 4, 2, 2, 2, 4 ),
 ( 0.000000000000000000, 0.5000000000000000000, 1.000000000000000000 ),
 ( 0.000000000000000000, 0.2500000000000000000, 0.5000000000000000000, 0.7500000000000000000, 1.000000000000000000 ),
 .UNSPECIFIED. ) 
 GEOMETRIC_REPRESENTATION_ITEM ( )  RATIONAL_B_SPLINE_SURFACE ( (
 ( 1.000000000000000000, 1.000000000000000000, 1.000000000000000000, 1.000000000000000000, 1.000000000000000000, 1.000000000000000000, 1.000000000000000000, 1.000000000000000000, 1.000000000000000000, 1.000000000000000000),
 ( 0.3333333333333333703, 0.3333333333333333703, 0.3333333333333333703, 0.3333333333333333703, 0.3333333333333333703, 0.3333333333333333703, 0.3333333333333333703, 0.3333333333333333703, 0.3333333333333333703, 0.3333333333333333703),
 ( 0.3333333333333333703, 0.3333333333333333703, 0.3333333333333333703, 0.3333333333333333703, 0.3333333333333333703, 0.3333333333333333703, 0.3333333333333333703, 0.3333333333333333703, 0.3333333333333333703, 0.3333333333333333703),
 ( 1.000000000000000000, 1.000000000000000000, 1.000000000000000000, 1.000000000000000000, 1.000000000000000000, 1.000000000000000000, 1.000000000000000000, 1.000000000000000000, 1.000000000000000000, 1.000000000000000000),
 ( 0.3333333333333333703, 0.3333333333333333703, 0.3333333333333333703, 0.3333333333333333703, 0.3333333333333333703, 0.3333333333333333703, 0.3333333333333333703, 0.3333333333333333703, 0.3333333333333333703, 0.3333333333333333703),
 ( 0.3333333333333333703, 0.3333333333333333703, 0.3333333333333333703, 0.3333333333333333703, 0.3333333333333333703, 0.3333333333333333703, 0.3333333333333333703, 0.3333333333333333703, 0.3333333333333333703, 0.3333333333333333703),
 ( 1.000000000000000000, 1.000000000000000000, 1.000000000000000000, 1.000000000000000000, 1.000000000000000000, 1.000000000000000000, 1.000000000000000000, 1.000000000000000000, 1.000000000000000000, 1.000000000000000000) ) ) 
 REPRESENTATION_ITEM ( '' )  SURFACE ( )  );
#1842 = ORIENTED_EDGE ( 'NONE', *, *, #4448, .T. ) ;
#1843 = DIRECTION ( 'NONE',  ( 0.000000000000000000, 0.000000000000000000, -1.000000000000000000 ) ) ;
#1844 = DIRECTION ( 'NONE',  ( -1.000000000000000000, 0.000000000000000000, 0.000000000000000000 ) ) ;
#1845 = ORIENTED_EDGE ( 'NONE', *, *, #2140, .T. ) ;
#1846 = CARTESIAN_POINT ( 'NONE',  ( 0.6500000000000000222, -1.108905118725955985, 33.93816449873333596 ) ) ;
#1847 = CARTESIAN_POINT ( 'NONE',  ( 2.773790718837496172, 7.571286292197370926, -2.577464788732388268 ) ) ;
#1848 = CARTESIAN_POINT ( 'NONE',  ( -14.46500000000001052, 5.500000000000000000, -12.59999999999999964 ) ) ;
#1849 = CARTESIAN_POINT ( 'NONE',  ( 7.499999999999998224, 0.000000000000000000, 3.999999999999998224 ) ) ;
#1850 = CARTESIAN_POINT ( 'NONE',  ( -0.6499999999999999112, 0.2981940016016835227, 33.13843611507216025 ) ) ;
#1851 = CARTESIAN_POINT ( 'NONE',  ( 0.6499999999999999112, -2.428730624380641245, 33.79356742541944669 ) ) ;
#1852 = SURFACE_SIDE_STYLE ('',( #2243 ) ) ;
#1853 = PLANE ( 'NONE',  #3949 ) ;
#1854 = CARTESIAN_POINT ( 'NONE',  ( 0.6499999999999999112, -0.7379174212570688285, 33.79356742541944669 ) ) ;
#1855 = ORIENTED_EDGE ( 'NONE', *, *, #2111, .F. ) ;
#1856 = CARTESIAN_POINT ( 'NONE',  ( -2.412850772676130351, 7.552009856393845588, 2.536116447008994967 ) ) ;
#1857 = ORIENTED_EDGE ( 'NONE', *, *, #3939, .F. ) ;
#1858 = CYLINDRICAL_SURFACE ( 'NONE', #619, 1.599999999999997202 ) ;
#1859 = EDGE_CURVE ( 'NONE', #606, #2210, #3067, .T. ) ;
#1860 = ORIENTED_EDGE ( 'NONE', *, *, #4085, .F. ) ;
#1861 = CARTESIAN_POINT ( 'NONE',  ( -2.500000000000000888, 1.000000000000000000, -4.000000000000000000 ) ) ;
#1862 = EDGE_CURVE ( 'NONE', #3895, #1779, #3370, .T. ) ;
#1863 = CARTESIAN_POINT ( 'NONE',  ( 2.367841899883668777, 7.571286292197370926, -2.577464788732389156 ) ) ;
#1864 = ORIENTED_EDGE ( 'NONE', *, *, #800, .T. ) ;
#1865 = CLOSED_SHELL ( 'NONE', ( #2538, #4512, #3059, #3913 ) ) ;
#1866 = CYLINDRICAL_SURFACE ( 'NONE', #3070, 1.000000000000000888 ) ;
#1867 = DIRECTION ( 'NONE',  ( 0.000000000000000000, -0.6305317436603785630, 0.7761634623174442638 ) ) ;
#1868 = DIRECTION ( 'NONE',  ( -0.000000000000000000, 1.000000000000000000, -0.000000000000000000 ) ) ;
#1869 = CARTESIAN_POINT ( 'NONE',  ( -0.6500000000000000222, -1.004910539250555068, 33.08497086363783524 ) ) ;
#1870 = VECTOR ( 'NONE', #1182, 1000.000000000000000 ) ;
#1871 = AXIS2_PLACEMENT_3D ( 'NONE', #117, #2510, #4285 ) ;
#1872 = CARTESIAN_POINT ( 'NONE',  ( 0.6500000000000000222, -1.198801866077908063, 34.24703469474839324 ) ) ;
#1873 = DIRECTION ( 'NONE',  ( 0.000000000000000000, 1.000000000000000000, 0.000000000000000000 ) ) ;
#1874 = DIRECTION ( 'NONE',  ( 3.469446951953611724E-16, 0.000000000000000000, -1.000000000000000000 ) ) ;
#1875 = FACE_OUTER_BOUND ( 'NONE', #3427, .T. ) ;
#1876 = ORIENTED_EDGE ( 'NONE', *, *, #1485, .T. ) ;
#1877 = AXIS2_PLACEMENT_3D ( 'NONE', #3910, #2016, #711 ) ;
#1878 = DIRECTION ( 'NONE',  ( 0.000000000000000000, 0.000000000000000000, 1.000000000000000000 ) ) ;
#1879 = CARTESIAN_POINT ( 'NONE',  ( -2.499999999999997780, 7.513408910614632674, -2.449489742783176549 ) ) ;
#1880 = DIRECTION ( 'NONE',  ( 0.000000000000000000, 1.000000000000000000, 0.000000000000000000 ) ) ;
#1881 = VECTOR ( 'NONE', #1138, 1000.000000000000000 ) ;
#1882 = MECHANICAL_DESIGN_GEOMETRIC_PRESENTATION_REPRESENTATION (  '', ( #92 ), #2772 ) ;
#1883 = ORIENTED_EDGE ( 'NONE', *, *, #3396, .T. ) ;
#1884 = ORIENTED_EDGE ( 'NONE', *, *, #1117, .T. ) ;
#1885 = DIRECTION ( 'NONE',  ( 0.000000000000000000, 0.000000000000000000, 1.000000000000000000 ) ) ;
#1886 = ORIENTED_EDGE ( 'NONE', *, *, #2654, .F. ) ;
#1887 = EDGE_CURVE ( 'NONE', #3790, #4208, #4183, .T. ) ;
#1888 = CARTESIAN_POINT ( 'NONE',  ( 0.6500000000000000222, -3.190814207394912838, 36.83445846704794491 ) ) ;
#1889 = AXIS2_PLACEMENT_3D ( 'NONE', #4465, #3729, #1272 ) ;
#1890 = AXIS2_PLACEMENT_3D ( 'NONE', #3357, #3737, #3384 ) ;
#1891 = EDGE_CURVE ( 'NONE', #1023, #606, #1994, .T. ) ;
#1892 = FACE_OUTER_BOUND ( 'NONE', #3464, .T. ) ;
#1893 = FACE_OUTER_BOUND ( 'NONE', #801, .T. ) ;
#1894 = CARTESIAN_POINT ( 'NONE',  ( 0.000000000000000000, -1.500001004271340976, 36.83445846704794491 ) ) ;
#1895 = CYLINDRICAL_SURFACE ( 'NONE', #2330, 1.599999999999997202 ) ;
#1896 = CARTESIAN_POINT ( 'NONE',  ( 0.6499999999999999112, 0.2981940016016835227, 33.13843611507216025 ) ) ;
#1897 = ORIENTED_EDGE ( 'NONE', *, *, #4426, .F. ) ;
#1898 = ADVANCED_FACE ( 'NONE', ( #1967 ), #1253, .F. ) ;
#1899 = EDGE_CURVE ( 'NONE', #4065, #2555, #3773, .T. ) ;
#1900 = DIRECTION ( 'NONE',  ( -1.000000000000000000, 0.000000000000000000, 4.336808689942017736E-16 ) ) ;
#1901 = CARTESIAN_POINT ( 'NONE',  ( 0.6500000000000000222, -0.02448351313884858035, 35.09712984753234366 ) ) ;
#1902 = CARTESIAN_POINT ( 'NONE',  ( -0.6500000000000000222, -2.697205080273842981, 36.22684216904888643 ) ) ;
#1903 = CARTESIAN_POINT ( 'NONE',  ( -0.6500000000000000222, -1.029718177085357844, 34.27242137285491452 ) ) ;
#1904 = ORIENTED_EDGE ( 'NONE', *, *, #1587, .T. ) ;
#1905 = FACE_BOUND ( 'NONE', #3764, .T. ) ;
#1906 = DIRECTION ( 'NONE',  ( -1.000000000000000000, -0.000000000000000000, 1.826024711554533667E-16 ) ) ;
#1907 = DIRECTION ( 'NONE',  ( 1.000000000000000000, -0.000000000000000000, 0.000000000000000000 ) ) ;
#1908 = ORIENTED_EDGE ( 'NONE', *, *, #1378, .T. ) ;
#1909 = DIRECTION ( 'NONE',  ( -0.000000000000000000, -1.000000000000000000, -0.000000000000000000 ) ) ;
#1910 = CARTESIAN_POINT ( 'NONE',  ( 0.000000000000000000, 2.500000000000000000, -33.79999999999999716 ) ) ;
#1911 = ORIENTED_EDGE ( 'NONE', *, *, #444, .T. ) ;
#1912 = EDGE_LOOP ( 'NONE', ( #4138, #1911, #1917, #2886 ) ) ;
#1913 = DIRECTION ( 'NONE',  ( 1.000000000000000000, 0.000000000000000000, -1.734723475976807094E-16 ) ) ;
#1914 = DIRECTION ( 'NONE',  ( -0.000000000000000000, -1.000000000000000000, -0.000000000000000000 ) ) ;
#1915 = CARTESIAN_POINT ( 'NONE',  ( 4.000000000000000000, 0.9999999999999995559, -4.999999999999999112 ) ) ;
#1916 = CARTESIAN_POINT ( 'NONE',  ( -0.6500000000000000222, -4.199826708407588427, 36.01476720028945522 ) ) ;
#1917 = ORIENTED_EDGE ( 'NONE', *, *, #4467, .F. ) ;
#1918 = EDGE_CURVE ( 'NONE', #3122, #3804, #530, .T. ) ;
#1919 = FACE_BOUND ( 'NONE', #3743, .T. ) ;
#1920 = DIRECTION ( 'NONE',  ( 1.000000000000000000, 0.000000000000000000, -0.000000000000000000 ) ) ;
#1921 = CARTESIAN_POINT ( 'NONE',  ( 0.6500000000000000222, -1.198801866077908063, 34.24703469474839324 ) ) ;
#1922 = EDGE_CURVE ( 'NONE', #567, #2963, #1610, .T. ) ;
#1923 = ORIENTED_EDGE ( 'NONE', *, *, #1716, .T. ) ;
#1924 = CARTESIAN_POINT ( 'NONE',  ( 3.499999999999997780, 6.306188268494257620, -5.000000000000001776 ) ) ;
#1925 = LINE ( 'NONE', #2279, #2605 ) ;
#1926 = CARTESIAN_POINT ( 'NONE',  ( -9.999999999999996447, 2.500000000000000000, -5.099999999999996980 ) ) ;
#1927 = ORIENTED_EDGE ( 'NONE', *, *, #3288, .F. ) ;
#1928 = DIRECTION ( 'NONE',  ( -1.000000000000000000, 0.000000000000000000, -2.398511546459462900E-16 ) ) ;
#1929 = ORIENTED_EDGE ( 'NONE', *, *, #4027, .F. ) ;
#1930 = CARTESIAN_POINT ( 'NONE',  ( 0.6500000000000000222, -0.9908127344636131761, 31.78000000000000114 ) ) ;
#1931 = ORIENTED_EDGE ( 'NONE', *, *, #2659, .F. ) ;
#1932 = FACE_OUTER_BOUND ( 'NONE', #4381, .T. ) ;
#1933 = DIRECTION ( 'NONE',  ( 0.000000000000000000, 0.000000000000000000, -1.000000000000000000 ) ) ;
#1934 = EDGE_LOOP ( 'NONE', ( #2188, #4104, #3010, #1956 ) ) ;
#1935 = MANIFOLD_SOLID_BREP ( 'Ô²½', #156 ) ;
#1936 = DIRECTION ( 'NONE',  ( 1.000000000000000000, 0.000000000000000000, -0.000000000000000000 ) ) ;
#1937 = CARTESIAN_POINT ( 'NONE',  ( -0.6499999999999999112, 2.000000472030881493, 32.55671028469031114 ) ) ;
#1938 = DIRECTION ( 'NONE',  ( -4.275726877407623433E-16, 0.000000000000000000, -1.000000000000000000 ) ) ;
#1939 = CARTESIAN_POINT ( 'NONE',  ( -9.465000000000005187, 3.000000000000000000, -14.10000000000000142 ) ) ;
#1940 = EDGE_LOOP ( 'NONE', ( #2503, #871, #1374, #4195, #2582, #3875 ) ) ;
#1941 = AXIS2_PLACEMENT_3D ( 'NONE', #525, #3723, #1938 ) ;
#1942 = EDGE_CURVE ( 'NONE', #1660, #2013, #3434, .T. ) ;
#1943 = EDGE_CURVE ( 'NONE', #2350, #3379, #2324, .T. ) ;
#1944 = CARTESIAN_POINT ( 'NONE',  ( 3.107891189805204846, 5.269048214598563540, -4.205979659355472577 ) ) ;
#1945 = DIRECTION ( 'NONE',  ( 0.000000000000000000, 0.000000000000000000, 1.000000000000000000 ) ) ;
#1946 = CARTESIAN_POINT ( 'NONE',  ( -14.46500000000000519, 8.000000000000000000, -9.099999999999997868 ) ) ;
#1947 = AXIS2_PLACEMENT_3D ( 'NONE', #3528, #2096, #4200 ) ;
#1948 = CIRCLE ( 'NONE', #3816, 1.100000000000000089 ) ;
#1949 = ORIENTED_EDGE ( 'NONE', *, *, #1641, .T. ) ;
#1950 = CIRCLE ( 'NONE', #3001, 6.099999999999999645 ) ;
#1951 = ORIENTED_EDGE ( 'NONE', *, *, #4267, .T. ) ;
#1952 = VECTOR ( 'NONE', #966, 1000.000000000000000 ) ;
#1953 = VECTOR ( 'NONE', #2032, 1000.000000000000000 ) ;
#1954 = ORIENTED_EDGE ( 'NONE', *, *, #876, .T. ) ;
#1955 = DIRECTION ( 'NONE',  ( 0.000000000000000000, 0.000000000000000000, 1.000000000000000000 ) ) ;
#1956 = ORIENTED_EDGE ( 'NONE', *, *, #3575, .F. ) ;
#1957 = LINE ( 'NONE', #1283, #1352 ) ;
#1958 = VECTOR ( 'NONE', #1017, 1000.000000000000000 ) ;
#1959 = ORIENTED_EDGE ( 'NONE', *, *, #529, .T. ) ;
#1960 = VECTOR ( 'NONE', #3480, 1000.000000000000000 ) ;
#1961 = ORIENTED_EDGE ( 'NONE', *, *, #3057, .T. ) ;
#1962 = FACE_OUTER_BOUND ( 'NONE', #935, .T. ) ;
#1963 = CARTESIAN_POINT ( 'NONE',  ( 0.6499999999999999112, 1.859702241619055174, 34.19928136739102342 ) ) ;
#1964 = DIRECTION ( 'NONE',  ( -0.000000000000000000, -1.000000000000000000, -0.000000000000000000 ) ) ;
#1965 = DIRECTION ( 'NONE',  ( 0.000000000000000000, 0.000000000000000000, -1.000000000000000000 ) ) ;
#1966 = ORIENTED_EDGE ( 'NONE', *, *, #3359, .F. ) ;
#1967 = FACE_OUTER_BOUND ( 'NONE', #1368, .T. ) ;
#1968 = CARTESIAN_POINT ( 'NONE',  ( 0.6500000000000000222, -1.500001004271340976, 36.83445846704794491 ) ) ;
#1969 = CARTESIAN_POINT ( 'NONE',  ( 0.000000000000000000, 0.000000000000000000, -35.39999999999999147 ) ) ;
#1970 = EDGE_CURVE ( 'NONE', #3693, #2044, #964, .T. ) ;
#1971 = ORIENTED_EDGE ( 'NONE', *, *, #1269, .T. ) ;
#1972 = ADVANCED_FACE ( 'NONE', ( #3460 ), #3112, .T. ) ;
#1973 =( NAMED_UNIT ( * ) PLANE_ANGLE_UNIT ( ) SI_UNIT ( $, .RADIAN. ) );
#1974 = EDGE_LOOP ( 'NONE', ( #4124, #1837, #2093, #2156 ) ) ;
#1975 = EDGE_CURVE ( 'NONE', #3379, #606, #4177, .T. ) ;
#1976 = ADVANCED_FACE ( 'NONE', ( #4243 ), #341, .F. ) ;
#1977 =( NAMED_UNIT ( * ) PLANE_ANGLE_UNIT ( ) SI_UNIT ( $, .RADIAN. ) );
#1978 = ORIENTED_EDGE ( 'NONE', *, *, #415, .F. ) ;
#1979 = DIRECTION ( 'NONE',  ( 0.000000000000000000, -1.000000000000000000, 0.000000000000000000 ) ) ;
#1980 = ORIENTED_EDGE ( 'NONE', *, *, #1241, .T. ) ;
#1981 = PLANE ( 'NONE',  #3362 ) ;
#1982 = EDGE_LOOP ( 'NONE', ( #2882, #3565 ) ) ;
#1983 = CARTESIAN_POINT ( 'NONE',  ( 3.500000000000014211, 7.850548387030237940, 4.894838970310845028 ) ) ;
#1984 = CARTESIAN_POINT ( 'NONE',  ( 0.6499999999999999112, -0.7379174212570688285, 33.79356742541944669 ) ) ;
#1985 = DIRECTION ( 'NONE',  ( -0.000000000000000000, 1.000000000000000000, -0.000000000000000000 ) ) ;
#1986 = CARTESIAN_POINT ( 'NONE',  ( 0.6500000000000000222, -1.501997685802621607, 34.82651745595467929 ) ) ;
#1987 = EDGE_LOOP ( 'NONE', ( #1416, #890, #4554, #4058 ) ) ;
#1988 = CARTESIAN_POINT ( 'NONE',  ( 2.499999999999998224, 6.664939782721529760, -3.000000000000000888 ) ) ;
#1989 = DIRECTION ( 'NONE',  ( -0.000000000000000000, 1.000000000000000000, 0.000000000000000000 ) ) ;
#1990 = DIRECTION ( 'NONE',  ( 0.000000000000000000, 0.000000000000000000, 1.000000000000000000 ) ) ;
#1991 = EDGE_LOOP ( 'NONE', ( #3908, #948, #3620, #1621 ) ) ;
#1992 = CARTESIAN_POINT ( 'NONE',  ( 5.062265579209793421E-21, 7.530965186505979680, 3.500000000000000000 ) ) ;
#1993 = EDGE_CURVE ( 'NONE', #1130, #4295, #2879, .T. ) ;
#1994 =( BOUNDED_CURVE ( )  B_SPLINE_CURVE ( 3, ( #1944, #270, #3046, #4152 ),
 .UNSPECIFIED., .F., .F. ) 
 B_SPLINE_CURVE_WITH_KNOTS ( ( 4, 4 ),
 ( 0.9173943087839121491, 1.570796326794898334 ),
 .UNSPECIFIED. ) 
 CURVE ( )  GEOMETRIC_REPRESENTATION_ITEM ( )  RATIONAL_B_SPLINE_CURVE ( ( 1.000000000000000000, 0.9647374723836670274, 0.9647374723836670274, 1.000000000000000000 ) ) 
 REPRESENTATION_ITEM ( '' )  );
#1995 = EDGE_CURVE ( 'NONE', #2420, #4065, #1055, .T. ) ;
#1996 = ORIENTED_EDGE ( 'NONE', *, *, #1770, .F. ) ;
#1997 = CARTESIAN_POINT ( 'NONE',  ( 4.500000000000003553, 13.10000000000000142, 6.099999999999998757 ) ) ;
#1998 = EDGE_LOOP ( 'NONE', ( #3560, #3825, #3612, #4158 ) ) ;
#1999 = CARTESIAN_POINT ( 'NONE',  ( 4.329625012497454684, 8.168950633152638474, 3.593232715118841902 ) ) ;
#2000 = VERTEX_POINT ( 'NONE', #383 ) ;
#2001 = CARTESIAN_POINT ( 'NONE',  ( 2.770460020767875786, 8.302278576306328262, 3.907054532721611295 ) ) ;
#2002 = CARTESIAN_POINT ( 'NONE',  ( 0.6499999999999999112, -1.594453988678687706, 34.93407519899149349 ) ) ;
#2003 = LINE ( 'NONE', #1706, #852 ) ;
#2004 = ORIENTED_EDGE ( 'NONE', *, *, #1943, .T. ) ;
#2005 = AXIS2_PLACEMENT_3D ( 'NONE', #3394, #2300, #1945 ) ;
#2006 = DIRECTION ( 'NONE',  ( 1.000000000000000000, -0.000000000000000000, 5.782411586589358625E-17 ) ) ;
#2007 = DIRECTION ( 'NONE',  ( -2.001324082139926266E-16, 0.000000000000000000, 1.000000000000000000 ) ) ;
#2008 = VECTOR ( 'NONE', #3861, 1000.000000000000000 ) ;
#2009 = ORIENTED_EDGE ( 'NONE', *, *, #1403, .F. ) ;
#2010 = DIRECTION ( 'NONE',  ( 1.000000000000000000, -0.000000000000000000, 5.782411586589358625E-17 ) ) ;
#2011 = AXIS2_PLACEMENT_3D ( 'NONE', #4289, #773, #1102 ) ;
#2012 = CIRCLE ( 'NONE', #2263, 1.599999999999997202 ) ;
#2013 = VERTEX_POINT ( 'NONE', #3160 ) ;
#2014 = PLANE ( 'NONE',  #3452 ) ;
#2015 = ORIENTED_EDGE ( 'NONE', *, *, #4589, .F. ) ;
#2016 = DIRECTION ( 'NONE',  ( -0.000000000000000000, 1.000000000000000000, -0.000000000000000000 ) ) ;
#2017 = VECTOR ( 'NONE', #2205, 1000.000000000000000 ) ;
#2018 = ADVANCED_FACE ( 'NONE', ( #313, #2057 ), #361, .T. ) ;
#2019 = VERTEX_POINT ( 'NONE', #4574 ) ;
#2020 = EDGE_CURVE ( 'NONE', #1700, #3642, #4045, .T. ) ;
#2021 = AXIS2_PLACEMENT_3D ( 'NONE', #4351, #3352, #1928 ) ;
#2022 = COLOUR_RGB ( '',0.7921568627450980005, 0.8196078431372548767, 0.9333333333333333481 ) ;
#2023 = CARTESIAN_POINT ( 'NONE',  ( 3.499999999999999556, 8.769143251668495509, -4.295774647887323994 ) ) ;
#2024 = CARTESIAN_POINT ( 'NONE',  ( -0.6500000000000000222, -0.6220872213875416890, 35.79729224967505274 ) ) ;
#2025 = CIRCLE ( 'NONE', #1362, 6.099999999999999645 ) ;
#2026 = FACE_OUTER_BOUND ( 'NONE', #4227, .T. ) ;
#2027 = AXIS2_PLACEMENT_3D ( 'NONE', #4386, #1900, #1197 ) ;
#2028 = EDGE_CURVE ( 'NONE', #2395, #1189, #4187, .T. ) ;
#2029 = EDGE_CURVE ( 'NONE', #1652, #3066, #3146, .T. ) ;
#2030 = CIRCLE ( 'NONE', #103, 1.000000000000000888 ) ;
#2031 = VECTOR ( 'NONE', #1913, 1000.000000000000000 ) ;
#2032 = DIRECTION ( 'NONE',  ( -1.000000000000000000, -0.000000000000000000, 4.336808689942018229E-16 ) ) ;
#2033 = DIRECTION ( 'NONE',  ( 0.000000000000000000, 0.000000000000000000, 1.000000000000000000 ) ) ;
#2034 = DIRECTION ( 'NONE',  ( -0.000000000000000000, -1.000000000000000000, -0.000000000000000000 ) ) ;
#2035 = DIRECTION ( 'NONE',  ( -0.000000000000000000, 1.000000000000000000, -0.000000000000000000 ) ) ;
#2036 = VERTEX_POINT ( 'NONE', #661 ) ;
#2037 = PRODUCT ( '\X2\5708\X0\', '\X2\5708\X0\', '', ( #3188 ) ) ;
#2038 = ORIENTED_EDGE ( 'NONE', *, *, #1407, .F. ) ;
#2039 = ORIENTED_EDGE ( 'NONE', *, *, #928, .T. ) ;
#2040 = ORIENTED_EDGE ( 'NONE', *, *, #96, .T. ) ;
#2041 = CARTESIAN_POINT ( 'NONE',  ( -14.46500000000000519, 3.000000000000000000, -9.099999999999997868 ) ) ;
#2042 = EDGE_LOOP ( 'NONE', ( #4385, #2746 ) ) ;
#2043 = DIRECTION ( 'NONE',  ( -0.000000000000000000, -1.000000000000000000, -0.000000000000000000 ) ) ;
#2044 = VERTEX_POINT ( 'NONE', #1782 ) ;
#2045 = UNCERTAINTY_MEASURE_WITH_UNIT (LENGTH_MEASURE( 1.000000000000000082E-05 ), #645, 'distance_accuracy_value', 'NONE');
#2046 = EDGE_LOOP ( 'NONE', ( #3511, #1876, #1533, #2101 ) ) ;
#2047 = MANIFOLD_SOLID_BREP ( 'ÇÐ³ý-À', #71 ) ;
#2048 = CARTESIAN_POINT ( 'NONE',  ( -2.500000000000003109, 4.661157024793385339, 5.000000000000000000 ) ) ;
#2049 = CARTESIAN_POINT ( 'NONE',  ( 2.916891170613241879, 8.344757081612177885, -3.892741795221715595 ) ) ;
#2050 = LINE ( 'NONE', #3128, #2398 ) ;
#2051 = DIRECTION ( 'NONE',  ( 1.000000000000000000, -0.000000000000000000, 5.782411586589358625E-17 ) ) ;
#2052 = ORIENTED_EDGE ( 'NONE', *, *, #2949, .F. ) ;
#2053 = EDGE_CURVE ( 'NONE', #1692, #2247, #640, .T. ) ;
#2054 = CARTESIAN_POINT ( 'NONE',  ( -0.6500000000000000222, -2.308015080102792993, 33.03150561220349601 ) ) ;
#2055 = CARTESIAN_POINT ( 'NONE',  ( 0.000000000000000000, 0.000000000000000000, 31.78000000000000114 ) ) ;
#2056 = EDGE_CURVE ( 'NONE', #3174, #3784, #1361, .T. ) ;
#2057 = FACE_BOUND ( 'NONE', #602, .T. ) ;
#2058 = CARTESIAN_POINT ( 'NONE',  ( 12.46499999999999808, 5.500000000000000000, -10.59999999999999609 ) ) ;
#2059 = CARTESIAN_POINT ( 'NONE',  ( 30.41025971044413367, 13.10000000000000142, -1.318834785756477476E-14 ) ) ;
#2060 = EDGE_LOOP ( 'NONE', ( #1309, #1980, #4344, #1435, #3149, #712, #3677, #1954, #3137, #4566, #83, #3105, #4391, #3383 ) ) ;
#2061 = ORIENTED_EDGE ( 'NONE', *, *, #1117, .F. ) ;
#2062 = CARTESIAN_POINT ( 'NONE',  ( -9.465000000000008740, 5.499999999999999112, -40.49999999999999289 ) ) ;
#2063 = MANIFOLD_SOLID_BREP ( 'ÊµÌå-ÒÆ¶¯', #1865 ) ;
#2064 =( LENGTH_UNIT ( ) NAMED_UNIT ( * ) SI_UNIT ( .MILLI., .METRE. ) );
#2065 = ORIENTED_EDGE ( 'NONE', *, *, #898, .T. ) ;
#2066 = DIRECTION ( 'NONE',  ( 0.000000000000000000, -1.000000000000000000, -1.734723475976807094E-16 ) ) ;
#2067 = LINE ( 'NONE', #2091, #3953 ) ;
#2068 = ORIENTED_EDGE ( 'NONE', *, *, #2489, .F. ) ;
#2069 = MANIFOLD_SOLID_BREP ( 'ÇÐ³ý-À', #222 ) ;
#2070 = CARTESIAN_POINT ( 'NONE',  ( 0.000000000000000000, 0.000000000000000000, 0.000000000000000000 ) ) ;
#2071 = CARTESIAN_POINT ( 'NONE',  ( 2.814413690436338378, 8.314185388644393271, -3.897459333354369448 ) ) ;
#2072 = DIRECTION ( 'NONE',  ( -0.000000000000000000, 1.000000000000000000, -0.000000000000000000 ) ) ;
#2073 = CARTESIAN_POINT ( 'NONE',  ( -9.999999999999996447, 2.500000000000000000, -1.099999999999995870 ) ) ;
#2074 = PRODUCT_DEFINITION_SHAPE ( 'NONE', 'NONE',  #4609 ) ;
#2075 = CARTESIAN_POINT ( 'NONE',  ( 0.6500000000000000222, -1.501997685802621607, 34.82651745595467929 ) ) ;
#2076 = DIRECTION ( 'NONE',  ( 0.000000000000000000, 1.000000000000000000, 0.000000000000000000 ) ) ;
#2077 = DIRECTION ( 'NONE',  ( -0.000000000000000000, -1.000000000000000000, -0.000000000000000000 ) ) ;
#2078 = DIRECTION ( 'NONE',  ( 0.000000000000000000, 0.000000000000000000, 1.000000000000000000 ) ) ;
#2079 = CARTESIAN_POINT ( 'NONE',  ( 9.464999999999999858, 3.000000000000000000, -43.00000000000000000 ) ) ;
#2080 = EDGE_CURVE ( 'NONE', #754, #317, #1365, .T. ) ;
#2081 = ORIENTED_EDGE ( 'NONE', *, *, #3034, .F. ) ;
#2082 = AXIS2_PLACEMENT_3D ( 'NONE', #1271, #3348, #2691 ) ;
#2083 = EDGE_CURVE ( 'NONE', #1285, #2528, #545, .T. ) ;
#2084 = VERTEX_POINT ( 'NONE', #151 ) ;
#2085 = CARTESIAN_POINT ( 'NONE',  ( 5.833030277982336642, 0.9999999999999995559, -7.500000000000000000 ) ) ;
#2086 = VECTOR ( 'NONE', #1783, 1000.000000000000000 ) ;
#2087 = EDGE_CURVE ( 'NONE', #2939, #3164, #105, .T. ) ;
#2088 = DIRECTION ( 'NONE',  ( -0.9991741763532405729, 0.000000000000000000, 0.04063207241605434894 ) ) ;
#2089 = VERTEX_POINT ( 'NONE', #1552 ) ;
#2090 = DIRECTION ( 'NONE',  ( 0.000000000000000000, 1.000000000000000000, 0.000000000000000000 ) ) ;
#2091 = CARTESIAN_POINT ( 'NONE',  ( 9.465000000000001634, 27.57919559123919484, -14.10000000000000142 ) ) ;
#2092 = AXIS2_PLACEMENT_3D ( 'NONE', #3663, #2193, #1145 ) ;
#2093 = ORIENTED_EDGE ( 'NONE', *, *, #4027, .T. ) ;
#2094 = VECTOR ( 'NONE', #1836, 1000.000000000000000 ) ;
#2095 = CARTESIAN_POINT ( 'NONE',  ( 1.472271353981535746, 7.651478117025167336, 3.182633412611170165 ) ) ;
#2096 = DIRECTION ( 'NONE',  ( 0.000000000000000000, 1.000000000000000000, 0.000000000000000000 ) ) ;
#2097 = FACE_OUTER_BOUND ( 'NONE', #2287, .T. ) ;
#2098 = DIRECTION ( 'NONE',  ( -0.000000000000000000, -1.000000000000000000, -0.000000000000000000 ) ) ;
#2099 = PRESENTATION_LAYER_ASSIGNMENT (  '', '', ( #1212 ) ) ;
#2100 = VECTOR ( 'NONE', #3574, 1000.000000000000000 ) ;
#2101 = ORIENTED_EDGE ( 'NONE', *, *, #4429, .F. ) ;
#2102 = AXIS2_PLACEMENT_3D ( 'NONE', #3991, #3648, #2972 ) ;
#2103 = CARTESIAN_POINT ( 'NONE',  ( 4.499999999999999112, 8.059166735548576099, -5.000000000000000888 ) ) ;
#2104 = LINE ( 'NONE', #1336, #2840 ) ;
#2105 = SURFACE_STYLE_USAGE ( .BOTH. , #1737 ) ;
#2106 = DIRECTION ( 'NONE',  ( -0.000000000000000000, -0.000000000000000000, -1.000000000000000000 ) ) ;
#2107 = DIRECTION ( 'NONE',  ( -0.000000000000000000, 1.000000000000000000, -0.000000000000000000 ) ) ;
#2108 = ORIENTED_EDGE ( 'NONE', *, *, #3701, .F. ) ;
#2109 = CIRCLE ( 'NONE', #926, 5.974999999999999645 ) ;
#2110 = VECTOR ( 'NONE', #4, 1000.000000000000000 ) ;
#2111 = EDGE_CURVE ( 'NONE', #3772, #2089, #3376, .T. ) ;
#2112 = ORIENTED_EDGE ( 'NONE', *, *, #4300, .F. ) ;
#2113 = DIRECTION ( 'NONE',  ( -1.000000000000000000, -0.000000000000000000, 1.826024711554533667E-16 ) ) ;
#2114 = ADVANCED_FACE ( 'NONE', ( #1501 ), #1126, .F. ) ;
#2115 = EDGE_CURVE ( 'NONE', #2302, #2835, #2922, .T. ) ;
#2116 = APPLICATION_CONTEXT ( 'automotive_design' ) ;
#2117 = ORIENTED_EDGE ( 'NONE', *, *, #291, .F. ) ;
#2118 = CARTESIAN_POINT ( 'NONE',  ( 3.359623245622308740, 5.520780270415716728, -4.398702302705610911 ) ) ;
#2119 = ADVANCED_FACE ( 'NONE', ( #4341 ), #4097, .T. ) ;
#2120 = FACE_OUTER_BOUND ( 'NONE', #4210, .T. ) ;
#2121 = ORIENTED_EDGE ( 'NONE', *, *, #634, .T. ) ;
#2122 = DIRECTION ( 'NONE',  ( 1.000000000000000000, 3.398813180103727638E-16, -1.734723475976807587E-16 ) ) ;
#2123 = CARTESIAN_POINT ( 'NONE',  ( 3.242150115126333887, 7.010101684070447980, 4.325939354254948022 ) ) ;
#2124 = CYLINDRICAL_SURFACE ( 'NONE', #2254, 1.400000000000000133 ) ;
#2125 = CARTESIAN_POINT ( 'NONE',  ( 0.000000000000000000, 1.714505518806294638E-16, -1.400000000000000133 ) ) ;
#2126 = CARTESIAN_POINT ( 'NONE',  ( 0.6499999999999999112, -1.707345771897331055, 37.07011037424604183 ) ) ;
#2127 = CARTESIAN_POINT ( 'NONE',  ( 0.000000000000000000, 0.000000000000000000, 31.78000000000000114 ) ) ;
#2128 = B_SPLINE_CURVE_WITH_KNOTS ( 'NONE', 3,
 ( #4203, #705, #1384, #1033, #4175, #1709, #1085, #1013, #1758, #990 ),
 .UNSPECIFIED., .F., .F.,
 ( 4, 2, 2, 2, 4 ),
 ( 0.002616959824227925793, 0.003273369811913658632, 0.003929779799599391471, 0.004586189787285123443, 0.005242599774970857149 ),
 .UNSPECIFIED. ) ;
#2129 = CARTESIAN_POINT ( 'NONE',  ( 9.465000000000001634, 8.000000000000000000, -14.10000000000000142 ) ) ;
#2130 = DIRECTION ( 'NONE',  ( -3.469446951953620105E-16, 0.000000000000000000, 1.000000000000000000 ) ) ;
#2131 = VERTEX_POINT ( 'NONE', #3042 ) ;
#2132 = DIRECTION ( 'NONE',  ( -1.000000000000000000, -0.000000000000000000, 4.336808689942018229E-16 ) ) ;
#2133 = LINE ( 'NONE', #78, #3580 ) ;
#2134 = SHAPE_REPRESENTATION ( 'F2-6M\X2\8f74627f\X0\', ( #254 ), #4345 ) ;
#2135 = CARTESIAN_POINT ( 'NONE',  ( 8.000000000000000000, 0.000000000000000000, 1.400000000000000133 ) ) ;
#2136 = APPLICATION_PROTOCOL_DEFINITION ( 'draft international standard', 'automotive_design', 1998, #3485 ) ;
#2137 = EDGE_LOOP ( 'NONE', ( #2505, #4278, #2285, #1565 ) ) ;
#2138 = DIRECTION ( 'NONE',  ( -0.000000000000000000, -1.000000000000000000, -0.000000000000000000 ) ) ;
#2139 = CARTESIAN_POINT ( 'NONE',  ( -14.46500000000001052, 5.500000000000000000, -10.59999999999999787 ) ) ;
#2141 = VERTEX_POINT ( 'NONE', #4503 ) ;
#2140 = EDGE_CURVE ( 'NONE', #3736, #3209, #1287, .T. ) ;
#2142 = PRODUCT_DEFINITION_CONTEXT ( 'detailed design', #452, 'design' ) ;
#2143 = ADVANCED_FACE ( 'NONE', ( #1314, #2645 ), #2447, .T. ) ;
#2144 = CARTESIAN_POINT ( 'NONE',  ( 0.8581383999941060159, 7.582504405023852811, 3.400062434974521874 ) ) ;
#2145 = DIRECTION ( 'NONE',  ( 0.000000000000000000, -1.000000000000000000, 0.000000000000000000 ) ) ;
#2146 = LINE ( 'NONE', #4201, #18 ) ;
#2147 = FACE_OUTER_BOUND ( 'NONE', #1158, .T. ) ;
#2148 = CARTESIAN_POINT ( 'NONE',  ( -0.6499999999999999112, -0.7100620523159114628, 35.92183832220976569 ) ) ;
#2149 = CARTESIAN_POINT ( 'NONE',  ( 0.000000000000000000, 3.000000000000000000, 0.000000000000000000 ) ) ;
#2150 = CARTESIAN_POINT ( 'NONE',  ( -14.46500000000000874, 5.499999999999999112, -39.49999999999999289 ) ) ;
#2151 = PLANE ( 'NONE',  #1795 ) ;
#2152 = DIRECTION ( 'NONE',  ( 0.000000000000000000, 0.000000000000000000, -1.000000000000000000 ) ) ;
#2153 = ORIENTED_EDGE ( 'NONE', *, *, #3545, .F. ) ;
#2154 = DIRECTION ( 'NONE',  ( -1.000000000000000000, 0.000000000000000000, -2.001324082139926266E-16 ) ) ;
#2155 = CARTESIAN_POINT ( 'NONE',  ( -9.999999999999996447, 3.000000000000000000, -1.099999999999995870 ) ) ;
#2156 = ORIENTED_EDGE ( 'NONE', *, *, #3477, .F. ) ;
#2157 = CIRCLE ( 'NONE', #2903, 6.099999999999999645 ) ;
#2158 = CARTESIAN_POINT ( 'NONE',  ( 8.508367790880333459, -29.35802106414908152, -5.628371120728301591 ) ) ;
#2159 = VECTOR ( 'NONE', #4089, 1000.000000000000000 ) ;
#2160 = ORIENTED_EDGE ( 'NONE', *, *, #2763, .F. ) ;
#2161 = CARTESIAN_POINT ( 'NONE',  ( 3.499999999999997780, 6.306188268494257620, -5.000000000000001776 ) ) ;
#2162 = CARTESIAN_POINT ( 'NONE',  ( 2.975813695043176832, 7.286132925038825370, 1.857466954895104605 ) ) ;
#2163 = ORIENTED_EDGE ( 'NONE', *, *, #637, .T. ) ;
#2164 = VECTOR ( 'NONE', #2122, 1000.000000000000000 ) ;
#2165 = LINE ( 'NONE', #1120, #2246 ) ;
#2166 = CARTESIAN_POINT ( 'NONE',  ( 12.46500000000000163, 8.000000000000000000, -33.00000000000000711 ) ) ;
#2167 = AXIS2_PLACEMENT_3D ( 'NONE', #2986, #4399, #1564 ) ;
#2168 = EDGE_CURVE ( 'NONE', #4208, #2131, #3475, .T. ) ;
#2169 = CARTESIAN_POINT ( 'NONE',  ( 0.000000000000000000, -2.500000000000000444, -7.500000000000000000 ) ) ;
#2170 = CARTESIAN_POINT ( 'NONE',  ( -0.6500000000000000222, -1.715296716262420640, 35.09712984753234366 ) ) ;
#2171 = AXIS2_PLACEMENT_3D ( 'NONE', #1703, #2773, #4199 ) ;
#2172 = ORIENTED_EDGE ( 'NONE', *, *, #1498, .T. ) ;
#2173 = FACE_OUTER_BOUND ( 'NONE', #2467, .T. ) ;
#2174 = DIRECTION ( 'NONE',  ( 1.000000000000000000, 0.000000000000000000, 0.000000000000000000 ) ) ;
#2175 = EDGE_CURVE ( 'NONE', #2209, #1590, #635, .T. ) ;
#2176 = CARTESIAN_POINT ( 'NONE',  ( -0.6500000000000000222, -0.5999995313400405816, 31.78000000000000469 ) ) ;
#2177 = AXIS2_PLACEMENT_3D ( 'NONE', #217, #4488, #3028 ) ;
#2178 = EDGE_CURVE ( 'NONE', #2784, #1652, #1358, .T. ) ;
#2179 = ORIENTED_EDGE ( 'NONE', *, *, #1859, .F. ) ;
#2180 = AXIS2_PLACEMENT_3D ( 'NONE', #1205, #160, #1585 ) ;
#2181 = MECHANICAL_DESIGN_GEOMETRIC_PRESENTATION_REPRESENTATION (  '', ( #3752 ), #3676 ) ;
#2182 = CARTESIAN_POINT ( 'NONE',  ( 0.000000000000000000, -1.500001004271340976, 36.83445846704794491 ) ) ;
#2183 = VERTEX_POINT ( 'NONE', #4237 ) ;
#2184 = CARTESIAN_POINT ( 'NONE',  ( 12.46499999999999986, 8.000000000000000000, -9.099999999999997868 ) ) ;
#2185 = AXIS2_PLACEMENT_3D ( 'NONE', #3907, #3508, #1408 ) ;
#2186 = AXIS2_PLACEMENT_3D ( 'NONE', #405, #2563, #3989 ) ;
#2187 = VECTOR ( 'NONE', #2604, 1000.000000000000000 ) ;
#2188 = ORIENTED_EDGE ( 'NONE', *, *, #4395, .F. ) ;
#2189 = CARTESIAN_POINT ( 'NONE',  ( 9.465000000000003411, 3.000000000000000000, -14.10000000000000142 ) ) ;
#2190 = FACE_OUTER_BOUND ( 'NONE', #2792, .T. ) ;
#2191 = ORIENTED_EDGE ( 'NONE', *, *, #4248, .F. ) ;
#2192 = DIRECTION ( 'NONE',  ( -1.000000000000000000, -0.000000000000000000, 4.336808689942018229E-16 ) ) ;
#2193 = DIRECTION ( 'NONE',  ( 1.000000000000000000, 0.000000000000000000, -4.336808689942017736E-16 ) ) ;
#2194 = DIRECTION ( 'NONE',  ( -0.000000000000000000, -1.000000000000000000, -0.000000000000000000 ) ) ;
#2195 = LINE ( 'NONE', #3624, #3525 ) ;
#2196 = CARTESIAN_POINT ( 'NONE',  ( -0.6499999999999999112, 0.3091872655363865907, 31.78000000000000469 ) ) ;
#2197 = LINE ( 'NONE', #1529, #1817 ) ;
#2198 =( NAMED_UNIT ( * ) SI_UNIT ( $, .STERADIAN. ) SOLID_ANGLE_UNIT ( ) );
#2199 = FACE_OUTER_BOUND ( 'NONE', #3440, .T. ) ;
#2200 = CARTESIAN_POINT ( 'NONE',  ( 0.6499999999999999112, -0.5999995286165449304, 32.52458476570146217 ) ) ;
#2201 = ORIENTED_EDGE ( 'NONE', *, *, #3512, .F. ) ;
#2202 = EDGE_CURVE ( 'NONE', #1178, #2019, #4172, .T. ) ;
#2203 = EDGE_CURVE ( 'NONE', #1791, #627, #2146, .T. ) ;
#2204 = EDGE_LOOP ( 'NONE', ( #4599, #1785 ) ) ;
#2205 = DIRECTION ( 'NONE',  ( 3.469446951953611231E-16, -0.000000000000000000, -1.000000000000000000 ) ) ;
#2206 = CARTESIAN_POINT ( 'NONE',  ( -14.46500000000000874, 5.499999999999999112, -40.49999999999999289 ) ) ;
#2207 = CARTESIAN_POINT ( 'NONE',  ( 0.000000000000000000, 0.000000000000000000, 31.78000000000000114 ) ) ;
#2208 =( REPRESENTATION_RELATIONSHIP ('NONE','NONE', #260, #2134 ) REPRESENTATION_RELATIONSHIP_WITH_TRANSFORMATION ( #3260 )SHAPE_REPRESENTATION_RELATIONSHIP( ) );
#2209 = VERTEX_POINT ( 'NONE', #2402 ) ;
#2210 = VERTEX_POINT ( 'NONE', #702 ) ;
#2211 = CARTESIAN_POINT ( 'NONE',  ( 2.500000000000002220, 6.664939782721536865, 3.000000000000007105 ) ) ;
#2212 = VERTEX_POINT ( 'NONE', #677 ) ;
#2213 = DIRECTION ( 'NONE',  ( -1.000000000000000000, -0.000000000000000000, -0.000000000000000000 ) ) ;
#2214 = CARTESIAN_POINT ( 'NONE',  ( 3.076616371178336973, 6.843553900424032221, 4.178950446618346248 ) ) ;
#2215 = CARTESIAN_POINT ( 'NONE',  ( 2.499999999999999112, 8.234466664984575246, -4.000000000000000888 ) ) ;
#2216 = CARTESIAN_POINT ( 'NONE',  ( 14.46500000000000696, 3.000000000000000000, -38.00000000000000000 ) ) ;
#2217 = CARTESIAN_POINT ( 'NONE',  ( -0.6499999999999999112, -1.707345771897330611, 37.07011037424604183 ) ) ;
#2218 = CARTESIAN_POINT ( 'NONE',  ( -0.6500000000000000222, -3.687064388650352242, 35.38357396385173814 ) ) ;
#2219 =( LENGTH_UNIT ( ) NAMED_UNIT ( * ) SI_UNIT ( .MILLI., .METRE. ) );
#2220 = DIRECTION ( 'NONE',  ( 0.000000000000000000, 0.000000000000000000, 1.000000000000000000 ) ) ;
#2221 = CARTESIAN_POINT ( 'NONE',  ( -0.6500000000000000222, -0.8849775387184225517, 34.07463589522474479 ) ) ;
#2222 = ORIENTED_EDGE ( 'NONE', *, *, #3637, .T. ) ;
#2223 = DIRECTION ( 'NONE',  ( -1.000000000000000000, 0.000000000000000000, 4.336808689942017736E-16 ) ) ;
#2224 = VERTEX_POINT ( 'NONE', #4268 ) ;
#2225 = FACE_OUTER_BOUND ( 'NONE', #4319, .T. ) ;
#2226 = EDGE_CURVE ( 'NONE', #2036, #3419, #3833, .T. ) ;
#2227 = EDGE_CURVE ( 'NONE', #909, #187, #2050, .T. ) ;
#2228 = ORIENTED_EDGE ( 'NONE', *, *, #3780, .F. ) ;
#2229 = CARTESIAN_POINT ( 'NONE',  ( 3.919183588453088785, 2.999999999999999112, -33.00000000000001421 ) ) ;
#2230 = PRODUCT_DEFINITION ( 'æœ', '', #3350, #3959 ) ;
#2231 = ADVANCED_FACE ( 'NONE', ( #1082, #284 ), #1800, .F. ) ;
#2232 = ORIENTED_EDGE ( 'NONE', *, *, #2227, .T. ) ;
#2233 = CARTESIAN_POINT ( 'NONE',  ( 0.6500000000000000222, -1.715296716262420640, 35.09712984753234366 ) ) ;
#2234 = DIRECTION ( 'NONE',  ( -0.000000000000000000, 1.000000000000000000, -0.000000000000000000 ) ) ;
#2235 = CARTESIAN_POINT ( 'NONE',  ( 3.499999999999997780, 8.494568424132209472, -5.000000000000000888 ) ) ;
#2236 = CARTESIAN_POINT ( 'NONE',  ( 12.46500000000000341, 5.499999999999999112, -41.49999999999999289 ) ) ;
#2237 = DIRECTION ( 'NONE',  ( 0.000000000000000000, 1.000000000000000000, 0.000000000000000000 ) ) ;
#2238 = CARTESIAN_POINT ( 'NONE',  ( 0.6499999999999999112, -0.7100620523155122266, 35.92183832220976569 ) ) ;
#2239 = ORIENTED_EDGE ( 'NONE', *, *, #1379, .F. ) ;
#2240 = ORIENTED_EDGE ( 'NONE', *, *, #867, .F. ) ;
#2241 = AXIS2_PLACEMENT_3D ( 'NONE', #3263, #3619, #2907 ) ;
#2242 = CARTESIAN_POINT ( 'NONE',  ( 0.6500000000000000222, -2.697205080273842981, 36.22684216904888643 ) ) ;
#2243 = SURFACE_STYLE_FILL_AREA ( #4012 ) ;
#2244 = CARTESIAN_POINT ( 'NONE',  ( 30.41025971044413367, 7.571286292197375367, 2.577464788732388712 ) ) ;
#2245 = CARTESIAN_POINT ( 'NONE',  ( 0.6500000000000000222, -1.006391877150270675, 36.22684216904888643 ) ) ;
#2246 = VECTOR ( 'NONE', #426, 1000.000000000000000 ) ;
#2247 = VERTEX_POINT ( 'NONE', #1400 ) ;
#2248 = CIRCLE ( 'NONE', #927, 1.600000000000001643 ) ;
#2249 = AXIS2_PLACEMENT_3D ( 'NONE', #111, #4421, #4318 ) ;
#2250 = PLANE ( 'NONE',  #4484 ) ;
#2251 = DIRECTION ( 'NONE',  ( 0.000000000000000000, -1.000000000000000000, 0.000000000000000000 ) ) ;
#2252 = CARTESIAN_POINT ( 'NONE',  ( 3.500000000000003553, 13.10000000000000142, 7.099999999999998757 ) ) ;
#2253 = AXIS2_PLACEMENT_3D ( 'NONE', #1343, #1325, #2672 ) ;
#2254 = AXIS2_PLACEMENT_3D ( 'NONE', #4543, #4522, #984 ) ;
#2255 = EDGE_CURVE ( 'NONE', #518, #1311, #2428, .T. ) ;
#2256 = ORIENTED_EDGE ( 'NONE', *, *, #3605, .F. ) ;
#2257 = CARTESIAN_POINT ( 'NONE',  ( 0.6500000000000000222, -3.190814207394912838, 36.83445846704794491 ) ) ;
#2258 = LINE ( 'NONE', #85, #534 ) ;
#2259 = ORIENTED_EDGE ( 'NONE', *, *, #3514, .T. ) ;
#2260 = CARTESIAN_POINT ( 'NONE',  ( 0.6499999999999999112, -2.290812731740117236, 32.52458476570146217 ) ) ;
#2261 = VECTOR ( 'NONE', #3538, 1000.000000000000000 ) ;
#2262 = EDGE_CURVE ( 'NONE', #563, #917, #4487, .T. ) ;
#2263 = AXIS2_PLACEMENT_3D ( 'NONE', #3111, #4525, #682 ) ;
#2264 = ADVANCED_FACE ( 'NONE', ( #2097 ), #399, .T. ) ;
#2265 = ORIENTED_EDGE ( 'NONE', *, *, #2349, .T. ) ;
#2266 = PLANE ( 'NONE',  #4053 ) ;
#2267 = LINE ( 'NONE', #520, #1209 ) ;
#2268 = CARTESIAN_POINT ( 'NONE',  ( -14.46500000000000874, 5.499999999999999112, -40.49999999999999289 ) ) ;
#2269 =( GEOMETRIC_REPRESENTATION_CONTEXT ( 3 ) GLOBAL_UNCERTAINTY_ASSIGNED_CONTEXT ( ( #4287 ) ) GLOBAL_UNIT_ASSIGNED_CONTEXT ( ( #2636, #4378, #2579 ) ) REPRESENTATION_CONTEXT ( 'NONE', 'WORKASPACE' ) );
#2270 = CARTESIAN_POINT ( 'NONE',  ( -0.6500000000000000222, -2.290812734463611999, 31.78000000000000469 ) ) ;
#2271 = ORIENTED_EDGE ( 'NONE', *, *, #230, .F. ) ;
#2272 = DIRECTION ( 'NONE',  ( 0.000000000000000000, -1.000000000000000000, 0.000000000000000000 ) ) ;
#2273 = APPLICATION_CONTEXT ( 'automotive_design' ) ;
#2274 = CARTESIAN_POINT ( 'NONE',  ( 0.6500000000000000222, 0.4920113370456640212, 34.24703469474839324 ) ) ;
#2275 = CARTESIAN_POINT ( 'NONE',  ( -2.499999999999998668, 13.10000000000000142, 1.084202172485506012E-15 ) ) ;
#2276 = CARTESIAN_POINT ( 'NONE',  ( -0.6500000000000000222, -1.996251185526779937, 35.38357396385173814 ) ) ;
#2277 = VERTEX_POINT ( 'NONE', #308 ) ;
#2278 = LINE ( 'NONE', #3727, #2094 ) ;
#2279 = CARTESIAN_POINT ( 'NONE',  ( 3.500000000000002220, 5.000000000000000888, 4.999999999999999112 ) ) ;
#2280 = DIRECTION ( 'NONE',  ( 0.000000000000000000, 0.000000000000000000, 1.000000000000000000 ) ) ;
#2281 = VERTEX_POINT ( 'NONE', #1705 ) ;
#2282 = DIRECTION ( 'NONE',  ( 0.000000000000000000, 0.000000000000000000, 1.000000000000000000 ) ) ;
#2283 = ORIENTED_EDGE ( 'NONE', *, *, #940, .T. ) ;
#2284 = DIRECTION ( 'NONE',  ( 1.000000000000000000, 0.000000000000000000, 0.000000000000000000 ) ) ;
#2285 = ORIENTED_EDGE ( 'NONE', *, *, #692, .F. ) ;
#2286 = DIRECTION ( 'NONE',  ( 1.000000000000000000, 0.000000000000000000, 0.000000000000000000 ) ) ;
#2287 = EDGE_LOOP ( 'NONE', ( #225, #2856, #2728, #2239 ) ) ;
#2288 = DIRECTION ( 'NONE',  ( 0.000000000000000000, 0.000000000000000000, 1.000000000000000000 ) ) ;
#2289 = CARTESIAN_POINT ( 'NONE',  ( 0.000000000000000000, 0.000000000000000000, 29.00000000000000355 ) ) ;
#2290 = EDGE_CURVE ( 'NONE', #627, #187, #3008, .T. ) ;
#2291 = VERTEX_POINT ( 'NONE', #4588 ) ;
#2292 = ADVANCED_FACE ( 'NONE', ( #819 ), #2124, .F. ) ;
#2293 = ORIENTED_EDGE ( 'NONE', *, *, #3690, .T. ) ;
#2294 = CARTESIAN_POINT ( 'NONE',  ( 4.187743706280717682, 7.995143170575695457, 3.345452240596807236 ) ) ;
#2295 = CARTESIAN_POINT ( 'NONE',  ( -0.6499999999999999112, 1.989007204725256051, 33.13843611507216025 ) ) ;
#2296 = CARTESIAN_POINT ( 'NONE',  ( 3.499999999999996891, 13.10000000000000142, -7.100000000000000533 ) ) ;
#2297 = CARTESIAN_POINT ( 'NONE',  ( -14.46500000000000341, 5.500000000000000000, -16.60000000000000142 ) ) ;
#2298 = ORIENTED_EDGE ( 'NONE', *, *, #39, .F. ) ;
#2299 = DIRECTION ( 'NONE',  ( 0.000000000000000000, 0.000000000000000000, 1.000000000000000000 ) ) ;
#2300 = DIRECTION ( 'NONE',  ( 0.000000000000000000, 1.000000000000000000, 0.000000000000000000 ) ) ;
#2301 = DIRECTION ( 'NONE',  ( 0.000000000000000000, 0.000000000000000000, 1.000000000000000000 ) ) ;
#2302 = VERTEX_POINT ( 'NONE', #2796 ) ;
#2303 = ORIENTED_EDGE ( 'NONE', *, *, #1297, .T. ) ;
#2304 = ORIENTED_EDGE ( 'NONE', *, *, #1922, .F. ) ;
#2305 = PRODUCT_DEFINITION_FORMATION_WITH_SPECIFIED_SOURCE ( 'ä»', '', #1708, .NOT_KNOWN. ) ;
#2306 = ORIENTED_EDGE ( 'NONE', *, *, #2818, .T. ) ;
#2307 = DIRECTION ( 'NONE',  ( -0.000000000000000000, -1.000000000000000000, -0.000000000000000000 ) ) ;
#2308 = CARTESIAN_POINT ( 'NONE',  ( 4.134523434085255467, 7.967809479345090651, 3.299108600481832188 ) ) ;
#2309 = ORIENTED_EDGE ( 'NONE', *, *, #2255, .T. ) ;
#2310 = EDGE_CURVE ( 'NONE', #190, #863, #3075, .T. ) ;
#2311 = CARTESIAN_POINT ( 'NONE',  ( 3.212194330323804969, 6.973128008464279937, 4.294821278141558452 ) ) ;
#2312 = AXIS2_PLACEMENT_3D ( 'NONE', #3507, #2034, #218 ) ;
#2313 = CARTESIAN_POINT ( 'NONE',  ( -0.6500000000000000222, -1.029718177085357844, 34.27242137285491452 ) ) ;
#2314 = CARTESIAN_POINT ( 'NONE',  ( -9.999999999999996447, 2.500000000000000000, -9.099999999999997868 ) ) ;
#2315 = LINE ( 'NONE', #176, #3306 ) ;
#2316 = EDGE_LOOP ( 'NONE', ( #4539, #3651 ) ) ;
#2317 = VECTOR ( 'NONE', #570, 1000.000000000000000 ) ;
#2318 = EDGE_CURVE ( 'NONE', #3264, #888, #1424, .T. ) ;
#2319 = ADVANCED_FACE ( 'NONE', ( #1475 ), #744, .F. ) ;
#2320 =( LENGTH_UNIT ( ) NAMED_UNIT ( * ) SI_UNIT ( .MILLI., .METRE. ) );
#2321 = CARTESIAN_POINT ( 'NONE',  ( 0.000000000000000000, 2.800000000000000266, 0.000000000000000000 ) ) ;
#2322 = PLANE ( 'NONE',  #3604 ) ;
#2323 = AXIS2_PLACEMENT_3D ( 'NONE', #2583, #3963, #1081 ) ;
#2324 = CIRCLE ( 'NONE', #3670, 1.000000000000000000 ) ;
#2325 = ORIENTED_EDGE ( 'NONE', *, *, #3550, .F. ) ;
#2326 = DIRECTION ( 'NONE',  ( -0.000000000000000000, -1.000000000000000000, -0.000000000000000000 ) ) ;
#2327 = VECTOR ( 'NONE', #2723, 1000.000000000000000 ) ;
#2328 = AXIS2_PLACEMENT_3D ( 'NONE', #2896, #1873, #4413 ) ;
#2329 = AXIS2_PLACEMENT_3D ( 'NONE', #138, #1560, #4394 ) ;
#2330 = AXIS2_PLACEMENT_3D ( 'NONE', #1454, #2874, #4290 ) ;
#2331 = EDGE_LOOP ( 'NONE', ( #208, #1632 ) ) ;
#2332 = DIRECTION ( 'NONE',  ( 0.000000000000000000, 0.000000000000000000, 1.000000000000000000 ) ) ;
#2333 = ORIENTED_EDGE ( 'NONE', *, *, #951, .T. ) ;
#2334 = FACE_OUTER_BOUND ( 'NONE', #1448, .T. ) ;
#2335 = EDGE_CURVE ( 'NONE', #3693, #2970, #4008, .T. ) ;
#2336 = AXIS2_PLACEMENT_3D ( 'NONE', #265, #2798, #3129 ) ;
#2337 = ORIENTED_EDGE ( 'NONE', *, *, #4306, .T. ) ;
#2338 = CIRCLE ( 'NONE', #1890, 1.000000000000000888 ) ;
#2339 =( GEOMETRIC_REPRESENTATION_CONTEXT ( 3 ) GLOBAL_UNCERTAINTY_ASSIGNED_CONTEXT ( ( #979 ) ) GLOBAL_UNIT_ASSIGNED_CONTEXT ( ( #1345, #3418, #3100 ) ) REPRESENTATION_CONTEXT ( 'NONE', 'WORKASPACE' ) );
#2340 = CARTESIAN_POINT ( 'NONE',  ( 2.605978224952455236, 8.254087440908625339, 3.970678250852742508 ) ) ;
#2341 = CARTESIAN_POINT ( 'NONE',  ( 0.6499999999999999112, 1.721940095348398536, 34.70050196407733978 ) ) ;
#2342 = DIRECTION ( 'NONE',  ( 0.000000000000000000, 0.000000000000000000, 1.000000000000000000 ) ) ;
#2343 = LINE ( 'NONE', #588, #1669 ) ;
#2344 = VERTEX_POINT ( 'NONE', #1122 ) ;
#2345 = FILL_AREA_STYLE ('',( #4133 ) ) ;
#2346 = LINE ( 'NONE', #3774, #1344 ) ;
#2347 = CARTESIAN_POINT ( 'NONE',  ( 0.000000000000000000, 2.799999999999999822, 0.000000000000000000 ) ) ;
#2348 = EDGE_CURVE ( 'NONE', #622, #273, #2777, .T. ) ;
#2349 = EDGE_CURVE ( 'NONE', #2212, #4037, #48, .T. ) ;
#2350 = VERTEX_POINT ( 'NONE', #1194 ) ;
#2351 = CARTESIAN_POINT ( 'NONE',  ( -14.46500000000000696, 3.000000000000000000, -47.99999999999999289 ) ) ;
#2352 = ORIENTED_EDGE ( 'NONE', *, *, #3692, .F. ) ;
#2353 = ORIENTED_EDGE ( 'NONE', *, *, #4589, .T. ) ;
#2354 = CARTESIAN_POINT ( 'NONE',  ( 9.465000000000001634, 27.57919559123919484, -14.10000000000000142 ) ) ;
#2355 = ORIENTED_EDGE ( 'NONE', *, *, #3636, .F. ) ;
#2356 = FACE_OUTER_BOUND ( 'NONE', #2331, .T. ) ;
#2357 = VERTEX_POINT ( 'NONE', #3292 ) ;
#2358 = PLANE ( 'NONE',  #2476 ) ;
#2359 = CARTESIAN_POINT ( 'NONE',  ( -0.6500000000000000222, -0.8849775387184225517, 34.07463589522474479 ) ) ;
#2360 = CARTESIAN_POINT ( 'NONE',  ( 0.000000000000000000, 2.800000000000000266, 0.000000000000000000 ) ) ;
#2361 = ORIENTED_EDGE ( 'NONE', *, *, #2513, .F. ) ;
#2362 = DIRECTION ( 'NONE',  ( 0.000000000000000000, 1.000000000000000000, 0.000000000000000000 ) ) ;
#2363 = CARTESIAN_POINT ( 'NONE',  ( -14.46500000000000696, 8.000000000000000000, -43.00000000000000000 ) ) ;
#2364 = EDGE_CURVE ( 'NONE', #1232, #3796, #4048, .T. ) ;
#2365 = VERTEX_POINT ( 'NONE', #1827 ) ;
#2366 = SURFACE_STYLE_USAGE ( .BOTH. , #934 ) ;
#2367 = EDGE_CURVE ( 'NONE', #2422, #455, #4264, .T. ) ;
#2368 = ORIENTED_EDGE ( 'NONE', *, *, #4396, .T. ) ;
#2369 = EDGE_CURVE ( 'NONE', #2540, #478, #3466, .T. ) ;
#2370 = LINE ( 'NONE', #4142, #853 ) ;
#2371 = ORIENTED_EDGE ( 'NONE', *, *, #722, .T. ) ;
#2372 = DIRECTION ( 'NONE',  ( -1.000000000000000000, 0.000000000000000000, -0.000000000000000000 ) ) ;
#2373 = EDGE_CURVE ( 'NONE', #162, #2365, #4336, .T. ) ;
#2374 = ORIENTED_EDGE ( 'NONE', *, *, #2255, .F. ) ;
#2375 = UNCERTAINTY_MEASURE_WITH_UNIT (LENGTH_MEASURE( 1.000000000000000082E-05 ), #2320, 'distance_accuracy_value', 'NONE');
#2376 = ORIENTED_EDGE ( 'NONE', *, *, #3417, .T. ) ;
#2377 = CARTESIAN_POINT ( 'NONE',  ( 3.499999999999999556, 7.850566686068675359, -4.894848191746729249 ) ) ;
#2378 = CARTESIAN_POINT ( 'NONE',  ( -0.6500000000000000222, 0.6859026638730170156, 33.08497086363783524 ) ) ;
#2379 = CARTESIAN_POINT ( 'NONE',  ( 14.46500000000001052, 5.500000000000000000, -17.60000000000000853 ) ) ;
#2380 = DIRECTION ( 'NONE',  ( 0.000000000000000000, -0.000000000000000000, 1.000000000000000000 ) ) ;
#2381 = CARTESIAN_POINT ( 'NONE',  ( 14.46499999999999986, 3.000000000000000000, 0.000000000000000000 ) ) ;
#2382 = DIRECTION ( 'NONE',  ( 0.000000000000000000, 0.000000000000000000, -1.000000000000000000 ) ) ;
#2383 = LINE ( 'NONE', #201, #1733 ) ;
#2384 = VERTEX_POINT ( 'NONE', #795 ) ;
#2385 = B_SPLINE_CURVE_WITH_KNOTS ( 'NONE', 3,
 ( #678, #2429, #3456, #358, #3855, #4202, #3180, #1686, #3156, #1777 ),
 .UNSPECIFIED., .F., .F.,
 ( 4, 2, 2, 2, 4 ),
 ( 6.133173666733496745E-19, 0.0006542399560569819904, 0.001308479912113963330, 0.001962719868170944345, 0.002616959824227925793 ),
 .UNSPECIFIED. ) ;
#2386 = ORIENTED_EDGE ( 'NONE', *, *, #205, .T. ) ;
#2387 = DIRECTION ( 'NONE',  ( 0.000000000000000000, 1.000000000000000000, 0.000000000000000000 ) ) ;
#2388 = CIRCLE ( 'NONE', #4180, 4.000000000000000888 ) ;
#2389 = AXIS2_PLACEMENT_3D ( 'NONE', #2652, #1909, #2556 ) ;
#2390 = ORIENTED_EDGE ( 'NONE', *, *, #385, .T. ) ;
#2391 = CARTESIAN_POINT ( 'NONE',  ( -14.46499999999999986, 3.000000000000000000, 0.000000000000000000 ) ) ;
#2392 = EDGE_LOOP ( 'NONE', ( #3519, #4143 ) ) ;
#2393 = CARTESIAN_POINT ( 'NONE',  ( -14.46500000000000696, 3.000000000000000000, -38.00000000000000000 ) ) ;
#2394 = CIRCLE ( 'NONE', #395, 8.099999999999999645 ) ;
#2396 = EDGE_CURVE ( 'NONE', #3451, #1130, #179, .T. ) ;
#2395 = VERTEX_POINT ( 'NONE', #4309 ) ;
#2397 = CIRCLE ( 'NONE', #1512, 1.000000000000000000 ) ;
#2398 = VECTOR ( 'NONE', #1009, 1000.000000000000000 ) ;
#2399 = EDGE_CURVE ( 'NONE', #3526, #2970, #2195, .T. ) ;
#2400 = DIRECTION ( 'NONE',  ( 0.000000000000000000, 0.000000000000000000, 1.000000000000000000 ) ) ;
#2401 = CARTESIAN_POINT ( 'NONE',  ( 3.337664614844151778, 7.165792814412571765, -4.450182157313468778 ) ) ;
#2402 = CARTESIAN_POINT ( 'NONE',  ( -9.465000000000005187, 3.000000000000000000, -19.09999999999999787 ) ) ;
#2403 = VECTOR ( 'NONE', #363, 1000.000000000000000 ) ;
#2404 = CYLINDRICAL_SURFACE ( 'NONE', #4424, 1.000000000000000888 ) ;
#2405 = AXIS2_PLACEMENT_3D ( 'NONE', #97, #2893, #2968 ) ;
#2406 = CIRCLE ( 'NONE', #1072, 7.099999999999999645 ) ;
#2407 = VECTOR ( 'NONE', #1697, 1000.000000000000000 ) ;
#2408 = CARTESIAN_POINT ( 'NONE',  ( -9.999999999999996447, 2.500000000000000000, -1.099999999999995870 ) ) ;
#2409 = DIRECTION ( 'NONE',  ( 0.000000000000000000, 0.000000000000000000, -1.000000000000000000 ) ) ;
#2410 = DIRECTION ( 'NONE',  ( 0.000000000000000000, -1.000000000000000000, 0.000000000000000000 ) ) ;
#2411 = CARTESIAN_POINT ( 'NONE',  ( 8.000000000000000000, 2.499999999999999556, 2.500000000000000444 ) ) ;
#2412 = CARTESIAN_POINT ( 'NONE',  ( 8.000000000000000000, -2.500000000000000444, -7.500000000000000000 ) ) ;
#2413 = ORIENTED_EDGE ( 'NONE', *, *, #3544, .T. ) ;
#2414 = PRODUCT ( '\X2\603b88c5\X0\1', '\X2\603b88c5\X0\1', '', ( #3912 ) ) ;
#2415 = ORIENTED_EDGE ( 'NONE', *, *, #2661, .F. ) ;
#2416 = DIRECTION ( 'NONE',  ( 0.000000000000000000, 0.000000000000000000, 1.000000000000000000 ) ) ;
#2417 = DIRECTION ( 'NONE',  ( 1.000000000000000000, 0.000000000000000000, 0.000000000000000000 ) ) ;
#2418 = ORIENTED_EDGE ( 'NONE', *, *, #502, .F. ) ;
#2419 = CARTESIAN_POINT ( 'NONE',  ( 3.796405077356794918E-16, 1.800000000000000044, -3.100000000000000089 ) ) ;
#2420 = VERTEX_POINT ( 'NONE', #1849 ) ;
#2421 = DIRECTION ( 'NONE',  ( 0.000000000000000000, 0.000000000000000000, -1.000000000000000000 ) ) ;
#2422 = VERTEX_POINT ( 'NONE', #3697 ) ;
#2423 = PRODUCT_DEFINITION_CONTEXT ( 'detailed design', #3458, 'design' ) ;
#2424 = ORIENTED_EDGE ( 'NONE', *, *, #2203, .F. ) ;
#2425 = PLANE ( 'NONE',  #4171 ) ;
#2426 = CARTESIAN_POINT ( 'NONE',  ( 3.500000000000007550, 7.894347447503191617, 4.916917345019741425 ) ) ;
#2427 = EDGE_CURVE ( 'NONE', #2141, #3699, #1225, .T. ) ;
#2428 = LINE ( 'NONE', #1756, #2698 ) ;
#2429 = CARTESIAN_POINT ( 'NONE',  ( 2.212965174251857903, 7.637617019315728228, -2.719745529819893370 ) ) ;
#2430 = ADVANCED_FACE ( 'NONE', ( #4332 ), #1170, .F. ) ;
#2431 = CARTESIAN_POINT ( 'NONE',  ( 0.6500000000000000222, -0.9908127314164038024, 32.54064752519589376 ) ) ;
#2432 = CARTESIAN_POINT ( 'NONE',  ( 4.500000000000000888, 13.10000000000000142, -1.951563910473907981E-15 ) ) ;
#2433 = LINE ( 'NONE', #3794, #2008 ) ;
#2434 = CARTESIAN_POINT ( 'NONE',  ( -2.500000000000000444, 2.800000000000000266, -2.449489742783177881 ) ) ;
#2435 = SHAPE_REPRESENTATION ( '\X2\5708\X0\', ( #254 ), #3307 ) ;
#2436 = ORIENTED_EDGE ( 'NONE', *, *, #3346, .F. ) ;
#2437 = ORIENTED_EDGE ( 'NONE', *, *, #3605, .T. ) ;
#2438 = LINE ( 'NONE', #2085, #3678 ) ;
#2439 = APPLICATION_PROTOCOL_DEFINITION ( 'draft international standard', 'automotive_design', 1998, #2588 ) ;
#2440 = ORIENTED_EDGE ( 'NONE', *, *, #1687, .T. ) ;
#2441 = CARTESIAN_POINT ( 'NONE',  ( 9.465000000000003411, 5.500000000000000000, -11.59999999999999787 ) ) ;
#2442 = CYLINDRICAL_SURFACE ( 'NONE', #4103, 1.000000000000000888 ) ;
#2443 = ORIENTED_EDGE ( 'NONE', *, *, #597, .T. ) ;
#2444 = ORIENTED_EDGE ( 'NONE', *, *, #3374, .F. ) ;
#2445 = CARTESIAN_POINT ( 'NONE',  ( 0.4327747807789408263, 7.543401216040316548, 3.479875294373500960 ) ) ;
#2446 = CARTESIAN_POINT ( 'NONE',  ( 4.500000006868885016, 8.589925601694174517, -4.115093389573850402 ) ) ;
#2447 = PLANE ( 'NONE',  #3892 ) ;
#2448 = LINE ( 'NONE', #2379, #26 ) ;
#2449 = EDGE_CURVE ( 'NONE', #1779, #563, #3223, .T. ) ;
#2450 = CARTESIAN_POINT ( 'NONE',  ( -0.6499999999999999112, 0.2981940016016835227, 33.13843611507216025 ) ) ;
#2451 =( GEOMETRIC_REPRESENTATION_CONTEXT ( 3 ) GLOBAL_UNCERTAINTY_ASSIGNED_CONTEXT ( ( #4197 ) ) GLOBAL_UNIT_ASSIGNED_CONTEXT ( ( #2064, #41, #298 ) ) REPRESENTATION_CONTEXT ( 'NONE', 'WORKASPACE' ) );
#2452 = DIRECTION ( 'NONE',  ( 0.000000000000000000, 0.000000000000000000, -1.000000000000000000 ) ) ;
#2453 = CARTESIAN_POINT ( 'NONE',  ( 30.41025971044413367, 13.10000000000000142, -1.318834785756477476E-14 ) ) ;
#2454 = DIRECTION ( 'NONE',  ( 3.443514313297913115E-16, 0.6078911898051713170, 0.7940203406445285328 ) ) ;
#2455 = FACE_OUTER_BOUND ( 'NONE', #3192, .T. ) ;
#2456 = ORIENTED_EDGE ( 'NONE', *, *, #2335, .T. ) ;
#2457 = EDGE_CURVE ( 'NONE', #455, #2422, #3151, .T. ) ;
#2458 = ADVANCED_FACE ( 'NONE', ( #3666 ), #1895, .F. ) ;
#2459 = ORIENTED_EDGE ( 'NONE', *, *, #456, .T. ) ;
#2460 = AXIS2_PLACEMENT_3D ( 'NONE', #4153, #4527, #2382 ) ;
#2461 = DIRECTION ( 'NONE',  ( 0.000000000000000000, 0.000000000000000000, 1.000000000000000000 ) ) ;
#2462 = AXIS2_PLACEMENT_3D ( 'NONE', #2211, #2557, #1450 ) ;
#2463 = ORIENTED_EDGE ( 'NONE', *, *, #3778, .F. ) ;
#2464 = CARTESIAN_POINT ( 'NONE',  ( 10.00000000000000355, 2.500000000000000000, -5.099999999999999645 ) ) ;
#2465 = CARTESIAN_POINT ( 'NONE',  ( 4.000000000000000000, -4.336808689942017736E-16, -4.999999999999999112 ) ) ;
#2466 = AXIS2_PLACEMENT_3D ( 'NONE', #2070, #2400, #3831 ) ;
#2467 = EDGE_LOOP ( 'NONE', ( #584, #110, #3817, #504 ) ) ;
#2468 = VECTOR ( 'NONE', #417, 1000.000000000000000 ) ;
#2469 = CARTESIAN_POINT ( 'NONE',  ( 2.038695525793154939, 7.660952346355154319, 2.853414879926144287 ) ) ;
#2470 = CARTESIAN_POINT ( 'NONE',  ( 2.540016812277483549, 8.234466665321194867, -3.999999999525859273 ) ) ;
#2471 = CARTESIAN_POINT ( 'NONE',  ( 0.000000000000000000, 3.000000000000000000, -33.79999999999999716 ) ) ;
#2472 = DIRECTION ( 'NONE',  ( 0.000000000000000000, 0.000000000000000000, 1.000000000000000000 ) ) ;
#2473 = VECTOR ( 'NONE', #3818, 1000.000000000000000 ) ;
#2474 = AXIS2_PLACEMENT_3D ( 'NONE', #336, #3500, #3179 ) ;
#2475 = CIRCLE ( 'NONE', #2848, 1.000000000000000000 ) ;
#2476 = AXIS2_PLACEMENT_3D ( 'NONE', #523, #3787, #1936 ) ;
#2477 = CARTESIAN_POINT ( 'NONE',  ( -0.6500000000000000222, -1.198801866077908063, 34.24703469474839324 ) ) ;
#2478 = CARTESIAN_POINT ( 'NONE',  ( -14.46500000000000696, 8.000000000000000000, -33.00000000000001421 ) ) ;
#2479 = DIRECTION ( 'NONE',  ( 5.687617954022318617E-16, 0.000000000000000000, 1.000000000000000000 ) ) ;
#2480 = DIRECTION ( 'NONE',  ( -1.000000000000000000, 0.000000000000000000, 0.000000000000000000 ) ) ;
#2481 = CARTESIAN_POINT ( 'NONE',  ( 9.464999999999999858, 3.000000000000000000, -38.00000000000000711 ) ) ;
#2482 = ORIENTED_EDGE ( 'NONE', *, *, #800, .F. ) ;
#2483 = TOROIDAL_SURFACE ( 'NONE', #480, 7.099999999999999645, 1.000000000000000000 ) ;
#2484 = VECTOR ( 'NONE', #2307, 1000.000000000000000 ) ;
#2485 = CARTESIAN_POINT ( 'NONE',  ( 4.000000000000000000, 0.9999999999999995559, -4.999999999999999112 ) ) ;
#2486 = ORIENTED_EDGE ( 'NONE', *, *, #2764, .F. ) ;
#2487 = ADVANCED_FACE ( 'NONE', ( #3943 ), #3336, .F. ) ;
#2488 = DIRECTION ( 'NONE',  ( 0.000000000000000000, 0.000000000000000000, 1.000000000000000000 ) ) ;
#2489 = EDGE_CURVE ( 'NONE', #3836, #1187, #1734, .T. ) ;
#2490 = ORIENTED_EDGE ( 'NONE', *, *, #320, .T. ) ;
#2491 = CARTESIAN_POINT ( 'NONE',  ( 9.464999999999999858, 3.000000000000000000, -43.00000000000000000 ) ) ;
#2492 = DIRECTION ( 'NONE',  ( 0.000000000000000000, 0.000000000000000000, 1.000000000000000000 ) ) ;
#2493 = ORIENTED_EDGE ( 'NONE', *, *, #2202, .T. ) ;
#2494 = CARTESIAN_POINT ( 'NONE',  ( 1.069399376137750490, 7.609008021104945563, 3.339629223901934285 ) ) ;
#2495 = CARTESIAN_POINT ( 'NONE',  ( 0.000000000000000000, 2.800000000000000266, 0.000000000000000000 ) ) ;
#2496 = DIRECTION ( 'NONE',  ( 1.000000000000000000, 0.000000000000000000, 0.000000000000000000 ) ) ;
#2497 = CARTESIAN_POINT ( 'NONE',  ( -0.6500000000000000222, -2.697205080273842981, 36.22684216904888643 ) ) ;
#2498 = CARTESIAN_POINT ( 'NONE',  ( -0.6499999999999999112, -0.4282046297632469689, 35.57839901668460669 ) ) ;
#2499 = CARTESIAN_POINT ( 'NONE',  ( 12.46500000000000163, 8.000000000000000000, -43.00000000000000000 ) ) ;
#2500 = DIRECTION ( 'NONE',  ( 1.000000000000000000, 0.000000000000000000, 0.000000000000000000 ) ) ;
#2501 = CARTESIAN_POINT ( 'NONE',  ( -9.465000000000005187, 3.000000000000000000, -14.10000000000000142 ) ) ;
#2502 = CARTESIAN_POINT ( 'NONE',  ( -14.46500000000000874, 5.499999999999999112, -40.49999999999999289 ) ) ;
#2503 = ORIENTED_EDGE ( 'NONE', *, *, #1862, .F. ) ;
#2504 = FACE_BOUND ( 'NONE', #4232, .T. ) ;
#2505 = ORIENTED_EDGE ( 'NONE', *, *, #5, .F. ) ;
#2506 = DIRECTION ( 'NONE',  ( -1.000000000000000000, -0.000000000000000000, -3.469446951953620105E-16 ) ) ;
#2507 = EDGE_CURVE ( 'NONE', #4084, #86, #147, .T. ) ;
#2508 = ORIENTED_EDGE ( 'NONE', *, *, #4561, .F. ) ;
#2509 = CARTESIAN_POINT ( 'NONE',  ( 12.46500000000000341, 5.499999999999999112, -40.49999999999999289 ) ) ;
#2510 = DIRECTION ( 'NONE',  ( -1.000000000000000000, -0.000000000000000000, 4.336808689942018229E-16 ) ) ;
#2511 = VERTEX_POINT ( 'NONE', #2642 ) ;
#2512 = EDGE_CURVE ( 'NONE', #1695, #2247, #3718, .T. ) ;
#2513 = EDGE_CURVE ( 'NONE', #2737, #4229, #100, .T. ) ;
#2514 = PLANE ( 'NONE',  #82 ) ;
#2515 = LINE ( 'NONE', #404, #10 ) ;
#2516 = DIRECTION ( 'NONE',  ( 0.000000000000000000, 0.000000000000000000, 1.000000000000000000 ) ) ;
#2517 = CARTESIAN_POINT ( 'NONE',  ( 4.000000000000000000, -4.336808689942017736E-16, -4.999999999999999112 ) ) ;
#2518 = LINE ( 'NONE', #2616, #3757 ) ;
#2519 = CARTESIAN_POINT ( 'NONE',  ( 0.6499999999999999112, 2.000000472030881493, 32.55671028469031114 ) ) ;
#2520 = DIRECTION ( 'NONE',  ( -0.000000000000000000, -1.000000000000000000, -0.000000000000000000 ) ) ;
#2521 = CARTESIAN_POINT ( 'NONE',  ( 0.6499999999999999112, -0.4909885032586616682, 37.65414973380643460 ) ) ;
#2522 = EDGE_LOOP ( 'NONE', ( #3091, #2390, #3055, #3955 ) ) ;
#2523 = CARTESIAN_POINT ( 'NONE',  ( -14.46500000000000341, 3.000000000000000000, -19.09999999999999787 ) ) ;
#2524 = ORIENTED_EDGE ( 'NONE', *, *, #462, .T. ) ;
#2525 = DIRECTION ( 'NONE',  ( 0.000000000000000000, 0.000000000000000000, 1.000000000000000000 ) ) ;
#2526 = VECTOR ( 'NONE', #4297, 1000.000000000000000 ) ;
#2527 = VECTOR ( 'NONE', #4134, 1000.000000000000000 ) ;
#2528 = VERTEX_POINT ( 'NONE', #2408 ) ;
#2529 = CARTESIAN_POINT ( 'NONE',  ( 4.000000000000000000, -11.93398113205660493, -4.999999999999999112 ) ) ;
#2530 = FACE_OUTER_BOUND ( 'NONE', #144, .T. ) ;
#2531 = ORIENTED_EDGE ( 'NONE', *, *, #4506, .T. ) ;
#2532 = AXIS2_PLACEMENT_3D ( 'NONE', #1769, #3191, #3201 ) ;
#2533 = CARTESIAN_POINT ( 'NONE',  ( 4.500000000000000000, 8.769143251668495509, -4.295774647887324882 ) ) ;
#2534 = DIRECTION ( 'NONE',  ( 0.000000000000000000, 0.000000000000000000, -1.000000000000000000 ) ) ;
#2535 = DIRECTION ( 'NONE',  ( 0.000000000000000000, 0.000000000000000000, -1.000000000000000000 ) ) ;
#2536 = EDGE_CURVE ( 'NONE', #1311, #2302, #2128, .T. ) ;
#2537 = CARTESIAN_POINT ( 'NONE',  ( 0.6499999999999999112, -1.340533657219967756, 36.66050930035861910 ) ) ;
#2538 = ADVANCED_FACE ( 'NONE', ( #1053 ), #414, .T. ) ;
#2539 = VECTOR ( 'NONE', #2132, 1000.000000000000000 ) ;
#2540 = VERTEX_POINT ( 'NONE', #482 ) ;
#2541 = CARTESIAN_POINT ( 'NONE',  ( 0.6500000000000000222, -1.501997685802621607, 34.82651745595467929 ) ) ;
#2542 = DIRECTION ( 'NONE',  ( -0.000000000000000000, 0.000000000000000000, -1.000000000000000000 ) ) ;
#2543 = CARTESIAN_POINT ( 'NONE',  ( -0.6500000000000000222, 0.4920113370456640212, 34.24703469474839324 ) ) ;
#2544 = VECTOR ( 'NONE', #1478, 1000.000000000000000 ) ;
#2545 = ORIENTED_EDGE ( 'NONE', *, *, #3940, .T. ) ;
#2546 = VECTOR ( 'NONE', #593, 1000.000000000000000 ) ;
#2547 = AXIS2_PLACEMENT_3D ( 'NONE', #3459, #4573, #1736 ) ;
#2548 = CARTESIAN_POINT ( 'NONE',  ( -2.500000000000000444, 1.800000000000000044, -1.833030277982335088 ) ) ;
#2549 = ORIENTED_EDGE ( 'NONE', *, *, #3551, .T. ) ;
#2550 = CARTESIAN_POINT ( 'NONE',  ( -14.46500000000000696, -29.35889814008693932, -47.99999999999999289 ) ) ;
#2551 = AXIS2_PLACEMENT_3D ( 'NONE', #730, #3927, #4277 ) ;
#2552 = VECTOR ( 'NONE', #1001, 1000.000000000000000 ) ;
#2553 = CONTEXT_DEPENDENT_SHAPE_REPRESENTATION ( #1317, #1786 ) ;
#2554 = CIRCLE ( 'NONE', #4272, 4.000000000000000000 ) ;
#2555 = VERTEX_POINT ( 'NONE', #3271 ) ;
#2556 = DIRECTION ( 'NONE',  ( 0.000000000000000000, 0.000000000000000000, 1.000000000000000000 ) ) ;
#2557 = DIRECTION ( 'NONE',  ( 1.000000000000000000, -0.000000000000000000, 0.000000000000000000 ) ) ;
#2558 = ORIENTED_EDGE ( 'NONE', *, *, #2822, .T. ) ;
#2559 = CARTESIAN_POINT ( 'NONE',  ( 0.6499999999999999112, -2.575790741841994524, 34.07463589522474479 ) ) ;
#2560 = CARTESIAN_POINT ( 'NONE',  ( 2.500000000000002220, 6.664939782721536865, 3.999999999999999112 ) ) ;
#2561 = ORIENTED_EDGE ( 'NONE', *, *, #2227, .F. ) ;
#2562 = DIRECTION ( 'NONE',  ( 1.000000000000000000, 0.000000000000000000, 0.000000000000000000 ) ) ;
#2563 = DIRECTION ( 'NONE',  ( -0.000000000000000000, 1.000000000000000000, -0.000000000000000000 ) ) ;
#2564 = CARTESIAN_POINT ( 'NONE',  ( 0.6499999999999999112, 0.3091872689073096314, 32.55671028469031114 ) ) ;
#2565 = EDGE_CURVE ( 'NONE', #2013, #3693, #1477, .T. ) ;
#2566 = DIRECTION ( 'NONE',  ( 1.000000000000000000, -0.000000000000000000, 5.782411586589358625E-17 ) ) ;
#2567 = EDGE_CURVE ( 'NONE', #888, #2357, #2921, .T. ) ;
#2568 = CARTESIAN_POINT ( 'NONE',  ( 10.00000000000000355, 3.000000000000000000, -5.099999999999999645 ) ) ;
#2569 = CARTESIAN_POINT ( 'NONE',  ( 0.6499999999999999112, 2.000000468659958841, 31.78000000000000469 ) ) ;
#2570 = ORIENTED_EDGE ( 'NONE', *, *, #2348, .T. ) ;
#2571 = EDGE_CURVE ( 'NONE', #317, #4517, #2197, .T. ) ;
#2572 = DIRECTION ( 'NONE',  ( 4.283267841918042495E-16, 0.000000000000000000, 1.000000000000000000 ) ) ;
#2573 = ORIENTED_EDGE ( 'NONE', *, *, #2115, .T. ) ;
#2574 = DIRECTION ( 'NONE',  ( -1.000000000000000000, 0.000000000000000000, 4.336808689942017736E-16 ) ) ;
#2575 = VERTEX_POINT ( 'NONE', #50 ) ;
#2576 = DIRECTION ( 'NONE',  ( 0.000000000000000000, 0.000000000000000000, -1.000000000000000000 ) ) ;
#2577 = LINE ( 'NONE', #4326, #2834 ) ;
#2578 = EDGE_LOOP ( 'NONE', ( #2081, #4350, #1541, #4168 ) ) ;
#2579 =( NAMED_UNIT ( * ) SI_UNIT ( $, .STERADIAN. ) SOLID_ANGLE_UNIT ( ) );
#2580 = CARTESIAN_POINT ( 'NONE',  ( -14.46500000000000874, 5.499999999999999112, -39.49999999999999289 ) ) ;
#2581 = PLANE ( 'NONE',  #3830 ) ;
#2582 = ORIENTED_EDGE ( 'NONE', *, *, #4507, .T. ) ;
#2583 = CARTESIAN_POINT ( 'NONE',  ( 4.000000000000000000, 2.499999999999999556, -4.999999999999999112 ) ) ;
#2584 = CARTESIAN_POINT ( 'NONE',  ( 0.000000000000000000, 2.500000000000000000, -29.79999999999999716 ) ) ;
#2585 = CARTESIAN_POINT ( 'NONE',  ( 0.000000000000000000, 3.000000000000000000, -33.79999999999999716 ) ) ;
#2586 = EDGE_LOOP ( 'NONE', ( #2355, #3842, #55, #1752, #980, #3918, #4505, #3118, #2040, #4451 ) ) ;
#2587 = CARTESIAN_POINT ( 'NONE',  ( 0.6500000000000000222, -0.9908127314164038024, 32.54064752519589376 ) ) ;
#2588 = APPLICATION_CONTEXT ( 'automotive_design' ) ;
#2589 = CARTESIAN_POINT ( 'NONE',  ( -14.46500000000000696, 3.000000000000000000, -43.00000000000000000 ) ) ;
#2590 = CARTESIAN_POINT ( 'NONE',  ( 9.465000000000003411, 3.000000000000000000, -14.10000000000000142 ) ) ;
#2591 = CARTESIAN_POINT ( 'NONE',  ( 0.6500000000000000222, 0.7000004717071683924, 32.54064752519589376 ) ) ;
#2592 = EDGE_CURVE ( 'NONE', #4359, #3804, #2518, .T. ) ;
#2593 = ORIENTED_EDGE ( 'NONE', *, *, #2662, .T. ) ;
#2594 = CYLINDRICAL_SURFACE ( 'NONE', #685, 3.100000000000000089 ) ;
#2595 = CYLINDRICAL_SURFACE ( 'NONE', #1718, 1.000000000000000888 ) ;
#2596 = CARTESIAN_POINT ( 'NONE',  ( -9.999999999999996447, 2.500000000000000000, -5.099999999999996980 ) ) ;
#2597 = ADVANCED_FACE ( 'NONE', ( #2173 ), #3971, .F. ) ;
#2598 = EDGE_CURVE ( 'NONE', #3719, #1668, #3607, .T. ) ;
#2599 = ORIENTED_EDGE ( 'NONE', *, *, #3094, .F. ) ;
#2600 = DIRECTION ( 'NONE',  ( 1.734723475976808080E-16, -0.000000000000000000, 1.000000000000000000 ) ) ;
#2601 = DIRECTION ( 'NONE',  ( -4.336808689942017736E-16, 1.000000000000000000, 0.000000000000000000 ) ) ;
#2602 = CARTESIAN_POINT ( 'NONE',  ( 3.499891141255173199, 7.000062459931609915, 0.2513217209607324643 ) ) ;
#2603 = VERTEX_POINT ( 'NONE', #2895 ) ;
#2604 = DIRECTION ( 'NONE',  ( -0.000000000000000000, 1.000000000000000000, -0.000000000000000000 ) ) ;
#2605 = VECTOR ( 'NONE', #2251, 1000.000000000000000 ) ;
#2606 = CARTESIAN_POINT ( 'NONE',  ( 4.285599840101035340, 8.091474653236268466, -3.491540319300629580 ) ) ;
#2607 = CARTESIAN_POINT ( 'NONE',  ( -14.46500000000000874, 5.499999999999999112, -41.49999999999999289 ) ) ;
#2608 = VERTEX_POINT ( 'NONE', #797 ) ;
#2609 = CARTESIAN_POINT ( 'NONE',  ( 2.771470187802493879, 7.576796527523963043, 2.589382796118628427 ) ) ;
#2610 = CARTESIAN_POINT ( 'NONE',  ( 2.500000000000002220, 4.661157024793387116, 3.999999999999999112 ) ) ;
#2611 = CARTESIAN_POINT ( 'NONE',  ( -0.6500000000000000222, -2.575790741841994524, 34.07463589522474479 ) ) ;
#2612 = AXIS2_PLACEMENT_3D ( 'NONE', #3906, #2520, #3946 ) ;
#2613 = EDGE_LOOP ( 'NONE', ( #279, #644, #2678, #1929 ) ) ;
#2614 = VECTOR ( 'NONE', #1025, 1000.000000000000000 ) ;
#2615 = B_SPLINE_CURVE_WITH_KNOTS ( 'NONE', 3,
 ( #1231, #3771, #571, #509, #1921, #1986, #3410, #2712, #1645, #4072 ),
 .UNSPECIFIED., .F., .F.,
 ( 4, 2, 2, 2, 4 ),
 ( 0.000000000000000000, 0.2500000000000000000, 0.5000000000000000000, 0.7500000000000000000, 1.000000000000000000 ),
 .UNSPECIFIED. ) ;
#2616 = CARTESIAN_POINT ( 'NONE',  ( -9.465000000000008740, 3.000000000000000000, -38.00000000000000711 ) ) ;
#2617 = DIRECTION ( 'NONE',  ( 0.000000000000000000, 0.000000000000000000, -1.000000000000000000 ) ) ;
#2618 = FACE_BOUND ( 'NONE', #4369, .T. ) ;
#2619 = CARTESIAN_POINT ( 'NONE',  ( -0.6499999999999999112, 1.859702241619055174, 34.19928136739102342 ) ) ;
#2620 = ORIENTED_EDGE ( 'NONE', *, *, #2791, .T. ) ;
#2621 = AXIS2_PLACEMENT_3D ( 'NONE', #2127, #4242, #340 ) ;
#2622 = VECTOR ( 'NONE', #615, 1000.000000000000000 ) ;
#2623 = CARTESIAN_POINT ( 'NONE',  ( 2.500000000000002220, 7.571286292197376255, 2.577464788732400258 ) ) ;
#2624 = CARTESIAN_POINT ( 'NONE',  ( 10.00000000000000355, 2.500000000000000000, -5.099999999999999645 ) ) ;
#2625 = CARTESIAN_POINT ( 'NONE',  ( 3.796405077356794918E-16, 1.800000000000000044, -3.100000000000000089 ) ) ;
#2626 = CIRCLE ( 'NONE', #2923, 3.000000000000000444 ) ;
#2627 = PRESENTATION_LAYER_ASSIGNMENT (  '', '', ( #1219 ) ) ;
#2628 = PRODUCT_CONTEXT ( 'NONE', #3792, 'mechanical' ) ;
#2629 = VECTOR ( 'NONE', #3349, 1000.000000000000000 ) ;
#2630 = ORIENTED_EDGE ( 'NONE', *, *, #658, .T. ) ;
#2631 = LINE ( 'NONE', #163, #3673 ) ;
#2632 = VECTOR ( 'NONE', #1223, 1000.000000000000000 ) ;
#2633 = EDGE_CURVE ( 'NONE', #2281, #197, #3251, .T. ) ;
#2634 = CARTESIAN_POINT ( 'NONE',  ( -14.46500000000000696, 0.000000000000000000, -47.99999999999999289 ) ) ;
#2635 = ORIENTED_EDGE ( 'NONE', *, *, #4136, .F. ) ;
#2636 =( LENGTH_UNIT ( ) NAMED_UNIT ( * ) SI_UNIT ( .MILLI., .METRE. ) );
#2637 = AXIS2_PLACEMENT_3D ( 'NONE', #1367, #2783, #4206 ) ;
#2638 = AXIS2_PLACEMENT_3D ( 'NONE', #4380, #1191, #3290 ) ;
#2639 = ORIENTED_EDGE ( 'NONE', *, *, #1662, .F. ) ;
#2640 = CARTESIAN_POINT ( 'NONE',  ( -9.465000000000005187, 5.500000000000000000, -12.59999999999999964 ) ) ;
#2641 = CARTESIAN_POINT ( 'NONE',  ( 12.46499999999999986, 8.000000000000000000, -9.099999999999997868 ) ) ;
#2642 = CARTESIAN_POINT ( 'NONE',  ( 3.500000000000002220, 8.059166735548576099, 4.999999999999999112 ) ) ;
#2643 = ORIENTED_EDGE ( 'NONE', *, *, #1616, .T. ) ;
#2644 = CARTESIAN_POINT ( 'NONE',  ( 2.647208516937304967, 6.672510358026912058, 4.008196660843149850 ) ) ;
#2645 = FACE_OUTER_BOUND ( 'NONE', #657, .T. ) ;
#2646 = CARTESIAN_POINT ( 'NONE',  ( 12.46499999999999986, 3.000000000000000000, -9.099999999999997868 ) ) ;
#2647 = DIRECTION ( 'NONE',  ( 0.000000000000000000, 0.000000000000000000, 1.000000000000000000 ) ) ;
#2648 = ORIENTED_EDGE ( 'NONE', *, *, #1942, .T. ) ;
#2649 = CARTESIAN_POINT ( 'NONE',  ( -2.500000000000001332, 2.799999999999999822, 1.833030277982334200 ) ) ;
#2650 = FACE_BOUND ( 'NONE', #2805, .T. ) ;
#2651 = ORIENTED_EDGE ( 'NONE', *, *, #96, .F. ) ;
#2652 = CARTESIAN_POINT ( 'NONE',  ( 0.000000000000000000, 1.800000000000000488, 0.000000000000000000 ) ) ;
#2653 = EDGE_LOOP ( 'NONE', ( #1258, #366, #4091, #581 ) ) ;
#2654 = EDGE_CURVE ( 'NONE', #3733, #1692, #479, .T. ) ;
#2655 = LINE ( 'NONE', #1518, #3685 ) ;
#2656 = ORIENTED_EDGE ( 'NONE', *, *, #2080, .F. ) ;
#2657 = DIRECTION ( 'NONE',  ( -1.000000000000000000, -0.000000000000000000, 1.826024711554533667E-16 ) ) ;
#2658 = DIRECTION ( 'NONE',  ( -5.117178395211820690E-17, -0.000000000000000000, 1.000000000000000000 ) ) ;
#2659 = EDGE_CURVE ( 'NONE', #1652, #625, #4292, .T. ) ;
#2660 = ORIENTED_EDGE ( 'NONE', *, *, #3827, .F. ) ;
#2661 = EDGE_CURVE ( 'NONE', #2608, #3233, #996, .T. ) ;
#2662 = EDGE_CURVE ( 'NONE', #631, #3784, #323, .T. ) ;
#2663 = CARTESIAN_POINT ( 'NONE',  ( 3.500000000000015099, 8.769143251668491956, 4.295774647887324882 ) ) ;
#2664 = CARTESIAN_POINT ( 'NONE',  ( 0.6499999999999999112, 0.9807511508080599683, 35.92183832220976569 ) ) ;
#2665 = DIRECTION ( 'NONE',  ( -0.000000000000000000, 1.000000000000000000, -0.000000000000000000 ) ) ;
#2666 = CARTESIAN_POINT ( 'NONE',  ( 0.6500000000000000222, -1.006391877150270675, 36.22684216904888643 ) ) ;
#2667 = ORIENTED_EDGE ( 'NONE', *, *, #3374, .T. ) ;
#2668 = CARTESIAN_POINT ( 'NONE',  ( -14.46500000000000341, 8.000000000000000000, -19.09999999999999787 ) ) ;
#2669 = LINE ( 'NONE', #4093, #1870 ) ;
#2670 = DIRECTION ( 'NONE',  ( 1.000000000000000000, 0.000000000000000000, -4.336808689942017736E-16 ) ) ;
#2671 = ORIENTED_EDGE ( 'NONE', *, *, #3086, .F. ) ;
#2672 = DIRECTION ( 'NONE',  ( 0.000000000000000000, 0.000000000000000000, -1.000000000000000000 ) ) ;
#2673 =( NAMED_UNIT ( * ) SI_UNIT ( $, .STERADIAN. ) SOLID_ANGLE_UNIT ( ) );
#2674 = ORIENTED_EDGE ( 'NONE', *, *, #3288, .T. ) ;
#2675 = CARTESIAN_POINT ( 'NONE',  ( 9.464999999999999858, 8.000000000000000000, -38.00000000000000711 ) ) ;
#2676 = ORIENTED_EDGE ( 'NONE', *, *, #4333, .F. ) ;
#2677 = CARTESIAN_POINT ( 'NONE',  ( -14.46500000000000519, 8.000000000000000000, -9.099999999999997868 ) ) ;
#2678 = ORIENTED_EDGE ( 'NONE', *, *, #3014, .F. ) ;
#2679 = VERTEX_POINT ( 'NONE', #4411 ) ;
#2680 = ADVANCED_FACE ( 'NONE', ( #3428 ), #585, .T. ) ;
#2681 = CARTESIAN_POINT ( 'NONE',  ( 2.574372962269996457, 6.664939786000294575, 3.999999999999999112 ) ) ;
#2682 = VECTOR ( 'NONE', #4371, 1000.000000000000000 ) ;
#2683 = CARTESIAN_POINT ( 'NONE',  ( 0.6499999999999999112, -0.01653256877375881145, 37.07011037424604183 ) ) ;
#2684 = CYLINDRICAL_SURFACE ( 'NONE', #2689, 1.000000000000000888 ) ;
#2685 = DIRECTION ( 'NONE',  ( 1.000000000000000000, 0.000000000000000000, 0.000000000000000000 ) ) ;
#2686 = EDGE_CURVE ( 'NONE', #108, #3767, #3380, .T. ) ;
#2687 = ADVANCED_FACE ( 'NONE', ( #1919, #3061 ), #4478, .F. ) ;
#2688 = ORIENTED_EDGE ( 'NONE', *, *, #2083, .F. ) ;
#2689 = AXIS2_PLACEMENT_3D ( 'NONE', #1395, #2811, #4231 ) ;
#2690 = CARTESIAN_POINT ( 'NONE',  ( 7.500000000000003553, 4.661157024793390669, -4.000000000000001776 ) ) ;
#2691 = DIRECTION ( 'NONE',  ( 0.000000000000000000, -0.000000000000000000, 1.000000000000000000 ) ) ;
#2692 = CARTESIAN_POINT ( 'NONE',  ( 0.000000000000000000, -3.190814207394912838, 36.83445846704794491 ) ) ;
#2693 = AXIS2_PLACEMENT_3D ( 'NONE', #356, #2154, #4170 ) ;
#2694 = CIRCLE ( 'NONE', #3599, 3.500000000000000000 ) ;
#2695 = ORIENTED_EDGE ( 'NONE', *, *, #4248, .T. ) ;
#2696 = CARTESIAN_POINT ( 'NONE',  ( -14.46500000000000874, 5.499999999999999112, -41.49999999999999289 ) ) ;
#2697 = CIRCLE ( 'NONE', #3889, 1.000000000000000000 ) ;
#2698 = VECTOR ( 'NONE', #2072, 1000.000000000000000 ) ;
#2699 = SHAPE_REPRESENTATION_RELATIONSHIP ( 'NONE' , 'NONE' ,  #2435, #3571 ) ;
#2700 = CIRCLE ( 'NONE', #3301, 3.100000000000000089 ) ;
#2701 = AXIS2_PLACEMENT_3D ( 'NONE', #2946, #475, #4357 ) ;
#2702 = ORIENTED_EDGE ( 'NONE', *, *, #4300, .T. ) ;
#2703 = CARTESIAN_POINT ( 'NONE',  ( -14.46500000000001052, 5.500000000000000000, -11.59999999999999964 ) ) ;
#2704 = ORIENTED_EDGE ( 'NONE', *, *, #2720, .F. ) ;
#2705 = FACE_OUTER_BOUND ( 'NONE', #3207, .T. ) ;
#2706 = CIRCLE ( 'NONE', #3234, 1.000000000000000888 ) ;
#2707 = ORIENTED_EDGE ( 'NONE', *, *, #5, .T. ) ;
#2708 = CIRCLE ( 'NONE', #2638, 1.400000000000000133 ) ;
#2709 = DIRECTION ( 'NONE',  ( -1.000000000000000000, 0.000000000000000000, 0.000000000000000000 ) ) ;
#2710 = CARTESIAN_POINT ( 'NONE',  ( -0.6499999999999999112, 0.3502795459040036752, 36.66050930035861910 ) ) ;
#2711 = CYLINDRICAL_SURFACE ( 'NONE', #1049, 4.000000000000000000 ) ;
#2712 = CARTESIAN_POINT ( 'NONE',  ( 0.6500000000000000222, -2.312900424511113773, 35.79729224967505274 ) ) ;
#2713 = ORIENTED_EDGE ( 'NONE', *, *, #3725, .T. ) ;
#2714 = ADVANCED_FACE ( 'NONE', ( #1962 ), #2358, .F. ) ;
#2715 = PRODUCT ( '\X2\4e0b\X0\2.0', '\X2\4e0b\X0\2.0', '', ( #3564 ) ) ;
#2716 = ADVANCED_FACE ( 'NONE', ( #3363, #3702 ), #4087, .T. ) ;
#2717 = DIRECTION ( 'NONE',  ( 0.000000000000000000, 0.000000000000000000, 1.000000000000000000 ) ) ;
#2718 = CARTESIAN_POINT ( 'NONE',  ( 3.919183588453088785, 8.000000000000000000, -33.00000000000001421 ) ) ;
#2719 = LINE ( 'NONE', #3097, #1952 ) ;
#2720 = EDGE_CURVE ( 'NONE', #3631, #1715, #3078, .T. ) ;
#2721 = EDGE_CURVE ( 'NONE', #647, #4157, #3810, .T. ) ;
#2722 = ORIENTED_EDGE ( 'NONE', *, *, #3928, .T. ) ;
#2723 = DIRECTION ( 'NONE',  ( -1.000000000000000000, -0.000000000000000000, -0.000000000000000000 ) ) ;
#2724 = ORIENTED_EDGE ( 'NONE', *, *, #3780, .T. ) ;
#2725 = CARTESIAN_POINT ( 'NONE',  ( 8.000000000000000000, 2.499999999999999556, 2.500000000000000444 ) ) ;
#2726 = ORIENTED_EDGE ( 'NONE', *, *, #3086, .T. ) ;
#2727 = FACE_OUTER_BOUND ( 'NONE', #1675, .T. ) ;
#2728 = ORIENTED_EDGE ( 'NONE', *, *, #2662, .F. ) ;
#2729 = CARTESIAN_POINT ( 'NONE',  ( 2.814702068482584973, 8.314274095986199598, 3.897460424637192666 ) ) ;
#2730 = CARTESIAN_POINT ( 'NONE',  ( 0.6499999999999999112, -0.6172018769792222415, 33.03150561220349601 ) ) ;
#2731 = FACE_OUTER_BOUND ( 'NONE', #543, .T. ) ;
#2732 = ORIENTED_EDGE ( 'NONE', *, *, #2633, .F. ) ;
#2733 = CARTESIAN_POINT ( 'NONE',  ( -14.46500000000000696, 3.000000000000000000, -38.00000000000000000 ) ) ;
#2734 = CARTESIAN_POINT ( 'NONE',  ( 0.000000000000000000, 2.799999999999999822, 0.000000000000000000 ) ) ;
#2735 = DIRECTION ( 'NONE',  ( 1.000000000000000000, 0.000000000000000000, 0.000000000000000000 ) ) ;
#2736 = EDGE_LOOP ( 'NONE', ( #3658, #686, #3140, #3338, #1275, #3726, #300, #3385, #2304, #4552, #2656, #3387 ) ) ;
#2737 = VERTEX_POINT ( 'NONE', #639 ) ;
#2738 = ADVANCED_FACE ( 'NONE', ( #2753, #287, #360, #4547 ), #963, .F. ) ;
#2739 = CYLINDRICAL_SURFACE ( 'NONE', #1360, 1.600000000000001643 ) ;
#2740 = ADVANCED_FACE ( 'NONE', ( #3878, #1429 ), #3535, .T. ) ;
#2741 =( NAMED_UNIT ( * ) SI_UNIT ( $, .STERADIAN. ) SOLID_ANGLE_UNIT ( ) );
#2742 = ORIENTED_EDGE ( 'NONE', *, *, #2859, .F. ) ;
#2743 = CYLINDRICAL_SURFACE ( 'NONE', #4255, 1.000000000000000888 ) ;
#2744 = ORIENTED_EDGE ( 'NONE', *, *, #3636, .T. ) ;
#2745 = FACE_BOUND ( 'NONE', #4325, .T. ) ;
#2746 = ORIENTED_EDGE ( 'NONE', *, *, #2028, .T. ) ;
#2747 = LINE ( 'NONE', #1356, #3212 ) ;
#2748 = CARTESIAN_POINT ( 'NONE',  ( 4.300265589560619439, 8.130553490013980422, -3.539439874435904798 ) ) ;
#2749 = CARTESIAN_POINT ( 'NONE',  ( 0.000000000000000000, 0.000000000000000000, 0.000000000000000000 ) ) ;
#2750 = DIRECTION ( 'NONE',  ( 0.000000000000000000, 1.000000000000000000, 0.000000000000000000 ) ) ;
#2751 = AXIS2_PLACEMENT_3D ( 'NONE', #2974, #453, #2220 ) ;
#2752 = CARTESIAN_POINT ( 'NONE',  ( -0.6500000000000000222, -2.290812731740117236, 32.52458476570146217 ) ) ;
#2753 = FACE_OUTER_BOUND ( 'NONE', #1019, .T. ) ;
#2754 = DIRECTION ( 'NONE',  ( 0.000000000000000000, 0.000000000000000000, 1.000000000000000000 ) ) ;
#2755 = DIRECTION ( 'NONE',  ( -0.000000000000000000, 1.000000000000000000, -0.000000000000000000 ) ) ;
#2756 = LINE ( 'NONE', #4179, #3155 ) ;
#2757 = CIRCLE ( 'NONE', #80, 1.000000000000000000 ) ;
#2758 = ORIENTED_EDGE ( 'NONE', *, *, #3147, .F. ) ;
#2759 = AXIS2_PLACEMENT_3D ( 'NONE', #4033, #845, #2991 ) ;
#2760 = ORIENTED_EDGE ( 'NONE', *, *, #1839, .T. ) ;
#2761 = FACE_OUTER_BOUND ( 'NONE', #1998, .T. ) ;
#2762 = VECTOR ( 'NONE', #4082, 1000.000000000000000 ) ;
#2763 = EDGE_CURVE ( 'NONE', #3167, #1513, #923, .T. ) ;
#2764 = EDGE_CURVE ( 'NONE', #3447, #3790, #1781, .T. ) ;
#2765 = CIRCLE ( 'NONE', #4258, 1.000000000000000888 ) ;
#2766 = EDGE_LOOP ( 'NONE', ( #1764, #2651, #695, #731 ) ) ;
#2767 = DIRECTION ( 'NONE',  ( 0.000000000000000000, 1.000000000000000000, 0.000000000000000000 ) ) ;
#2768 = EDGE_LOOP ( 'NONE', ( #1751, #4120, #3634, #2293 ) ) ;
#2769 = CIRCLE ( 'NONE', #3002, 1.400000000000000133 ) ;
#2770 = EDGE_LOOP ( 'NONE', ( #2826, #1860, #418, #2333 ) ) ;
#2771 = AXIS2_PLACEMENT_3D ( 'NONE', #3030, #4444, #3414 ) ;
#2772 =( GEOMETRIC_REPRESENTATION_CONTEXT ( 3 ) GLOBAL_UNCERTAINTY_ASSIGNED_CONTEXT ( ( #651 ) ) GLOBAL_UNIT_ASSIGNED_CONTEXT ( ( #3609, #779, #2198 ) ) REPRESENTATION_CONTEXT ( 'NONE', 'WORKASPACE' ) );
#2773 = DIRECTION ( 'NONE',  ( 0.000000000000000000, 1.000000000000000000, 0.000000000000000000 ) ) ;
#2774 = CARTESIAN_POINT ( 'NONE',  ( 3.604069813802021294, 7.710347117168475428, -2.858052660552648838 ) ) ;
#2775 = DIRECTION ( 'NONE',  ( 0.000000000000000000, 1.000000000000000000, 0.000000000000000000 ) ) ;
#2776 = DIRECTION ( 'NONE',  ( 0.000000000000000000, 0.000000000000000000, -1.000000000000000000 ) ) ;
#2777 = CIRCLE ( 'NONE', #3679, 4.000000000000000000 ) ;
#2778 = AXIS2_PLACEMENT_3D ( 'NONE', #3591, #1445, #1094 ) ;
#2779 = CARTESIAN_POINT ( 'NONE',  ( 0.6500000000000000222, -2.697205080273842981, 36.22684216904888643 ) ) ;
#2780 = DIRECTION ( 'NONE',  ( 0.000000000000000000, 1.000000000000000000, 0.000000000000000000 ) ) ;
#2781 = SURFACE_STYLE_FILL_AREA ( #2802 ) ;
#2782 = CARTESIAN_POINT ( 'NONE',  ( -9.465000000000006963, 3.000000000000000000, -43.00000000000000000 ) ) ;
#2783 = DIRECTION ( 'NONE',  ( -0.000000000000000000, 1.000000000000000000, -0.000000000000000000 ) ) ;
#2784 = VERTEX_POINT ( 'NONE', #1034 ) ;
#2785 = ORIENTED_EDGE ( 'NONE', *, *, #1899, .T. ) ;
#2786 = DIRECTION ( 'NONE',  ( 1.000000000000000000, 0.000000000000000000, -0.000000000000000000 ) ) ;
#2787 = SHAPE_DEFINITION_REPRESENTATION ( #704, #260 ) ;
#2788 = ORIENTED_EDGE ( 'NONE', *, *, #1839, .F. ) ;
#2789 = CYLINDRICAL_SURFACE ( 'NONE', #3017, 1.400000000000000133 ) ;
#2790 = FACE_OUTER_BOUND ( 'NONE', #3276, .T. ) ;
#2791 = EDGE_CURVE ( 'NONE', #3164, #1350, #4557, .T. ) ;
#2792 = EDGE_LOOP ( 'NONE', ( #4234, #1923 ) ) ;
#2793 = ORIENTED_EDGE ( 'NONE', *, *, #666, .F. ) ;
#2794 = CARTESIAN_POINT ( 'NONE',  ( 0.2177219536776260900, 7.530965186505979680, 3.500000000000000444 ) ) ;
#2795 = CARTESIAN_POINT ( 'NONE',  ( 3.319866116041444215, 8.542732185990955074, -4.057698027431929866 ) ) ;
#2796 = CARTESIAN_POINT ( 'NONE',  ( -2.367841899883667001, 7.571286292197387802, -2.577464788732422907 ) ) ;
#2797 = EDGE_CURVE ( 'NONE', #115, #4000, #268, .T. ) ;
#2798 = DIRECTION ( 'NONE',  ( 0.000000000000000000, 0.000000000000000000, 1.000000000000000000 ) ) ;
#2799 = EDGE_CURVE ( 'NONE', #1243, #3931, #2012, .T. ) ;
#2800 = CARTESIAN_POINT ( 'NONE',  ( 0.6500000000000000222, -2.312900424511113773, 35.79729224967505274 ) ) ;
#2801 = DIRECTION ( 'NONE',  ( 0.000000000000000000, 0.000000000000000000, 1.000000000000000000 ) ) ;
#2802 = FILL_AREA_STYLE ('',( #3860 ) ) ;
#2803 = DIRECTION ( 'NONE',  ( 1.000000000000000000, -0.000000000000000000, 5.782411586589358625E-17 ) ) ;
#2804 = DIRECTION ( 'NONE',  ( -1.000000000000000000, -0.000000000000000000, -3.469446951953620105E-16 ) ) ;
#2805 = EDGE_LOOP ( 'NONE', ( #4562, #1505 ) ) ;
#2806 = VERTEX_POINT ( 'NONE', #1385 ) ;
#2807 = LINE ( 'NONE', #1067, #4491 ) ;
#2808 = DIRECTION ( 'NONE',  ( -0.1594034096921014554, 0.000000000000000000, -0.9872135295763183604 ) ) ;
#2809 = ORIENTED_EDGE ( 'NONE', *, *, #3173, .F. ) ;
#2810 = DIRECTION ( 'NONE',  ( 0.000000000000000000, 0.000000000000000000, 1.000000000000000000 ) ) ;
#2811 = DIRECTION ( 'NONE',  ( 1.000000000000000000, -0.000000000000000000, 5.782411586589358625E-17 ) ) ;
#2812 = ORIENTED_EDGE ( 'NONE', *, *, #666, .T. ) ;
#2813 = PLANE ( 'NONE',  #1799 ) ;
#2814 = CARTESIAN_POINT ( 'NONE',  ( 3.088873589808999398, 7.597229261293716007, -2.635036295158219577 ) ) ;
#2815 = DIRECTION ( 'NONE',  ( -4.283267841918042495E-16, 0.000000000000000000, -1.000000000000000000 ) ) ;
#2816 = DIRECTION ( 'NONE',  ( 0.000000000000000000, 1.000000000000000000, 0.000000000000000000 ) ) ;
#2817 = PRODUCT_DEFINITION_SHAPE ( 'NONE', 'NONE',  #4608 ) ;
#2818 = EDGE_CURVE ( 'NONE', #643, #1640, #2104, .T. ) ;
#2819 = CARTESIAN_POINT ( 'NONE',  ( -0.6499999999999999112, 0.3091872655363865907, 31.78000000000000469 ) ) ;
#2820 = PRODUCT_DEFINITION_FORMATION_WITH_SPECIFIED_SOURCE ( 'ä»', '', #3166, .NOT_KNOWN. ) ;
#2821 = CARTESIAN_POINT ( 'NONE',  ( -14.46500000000000341, 8.000000000000000000, -14.09999999999999964 ) ) ;
#2822 = EDGE_CURVE ( 'NONE', #818, #3864, #4038, .T. ) ;
#2823 = CARTESIAN_POINT ( 'NONE',  ( -2.500000000000001332, 1.800000000000000044, 1.833030277982333756 ) ) ;
#2824 = CYLINDRICAL_SURFACE ( 'NONE', #2751, 3.500000000000000000 ) ;
#2825 = DIRECTION ( 'NONE',  ( 1.000000000000000000, -0.000000000000000000, 5.782411586589358625E-17 ) ) ;
#2826 = ORIENTED_EDGE ( 'NONE', *, *, #2978, .T. ) ;
#2827 = CIRCLE ( 'NONE', #822, 1.000000000000000888 ) ;
#2828 = APPLICATION_CONTEXT ( 'automotive_design' ) ;
#2829 = DIRECTION ( 'NONE',  ( 0.000000000000000000, 0.000000000000000000, -1.000000000000000000 ) ) ;
#2830 = VERTEX_POINT ( 'NONE', #3556 ) ;
#2831 = CARTESIAN_POINT ( 'NONE',  ( 5.974999999999999645, 7.317264624905434371E-16, 31.78000000000000114 ) ) ;
#2832 = CIRCLE ( 'NONE', #3210, 1.000000000000000888 ) ;
#2833 = DIRECTION ( 'NONE',  ( -0.9999744845899390944, -1.043417481578760284E-17, 0.007143540374779230526 ) ) ;
#2834 = VECTOR ( 'NONE', #400, 1000.000000000000000 ) ;
#2835 = VERTEX_POINT ( 'NONE', #3838 ) ;
#2836 = DIRECTION ( 'NONE',  ( -1.000000000000000000, 0.000000000000000000, 0.000000000000000000 ) ) ;
#2837 = LINE ( 'NONE', #4564, #2614 ) ;
#2838 = ORIENTED_EDGE ( 'NONE', *, *, #133, .T. ) ;
#2839 = UNCERTAINTY_MEASURE_WITH_UNIT (LENGTH_MEASURE( 1.000000000000000082E-05 ), #2937, 'distance_accuracy_value', 'NONE');
#2840 = VECTOR ( 'NONE', #4176, 1000.000000000000000 ) ;
#2841 = AXIS2_PLACEMENT_3D ( 'NONE', #4049, #859, #2299 ) ;
#2842 = FACE_OUTER_BOUND ( 'NONE', #3541, .T. ) ;
#2843 = CARTESIAN_POINT ( 'NONE',  ( 3.423074874816341318, 8.637581431990833281, -4.163138393190315867 ) ) ;
#2844 = CARTESIAN_POINT ( 'NONE',  ( 3.500000000000001776, 5.000000000000000000, 4.000000000000000000 ) ) ;
#2845 = PLANE ( 'NONE',  #2336 ) ;
#2846 = CIRCLE ( 'NONE', #3296, 0.6500000000000000222 ) ;
#2847 = AXIS2_PLACEMENT_3D ( 'NONE', #357, #4218, #3197 ) ;
#2848 = AXIS2_PLACEMENT_3D ( 'NONE', #4254, #734, #393 ) ;
#2849 = AXIS2_PLACEMENT_3D ( 'NONE', #854, #381, #1803 ) ;
#2850 = DIRECTION ( 'NONE',  ( 0.000000000000000000, -0.7099765161199188546, -0.7042253521126761173 ) ) ;
#2851 = CARTESIAN_POINT ( 'NONE',  ( 1.550510257216822563, 2.499999999999999556, -7.500000000000000000 ) ) ;
#2852 = DIRECTION ( 'NONE',  ( -1.000000000000000000, -0.000000000000000000, 4.336808689942018229E-16 ) ) ;
#2853 = LINE ( 'NONE', #683, #3876 ) ;
#2854 = DIRECTION ( 'NONE',  ( 0.000000000000000000, 0.000000000000000000, 1.000000000000000000 ) ) ;
#2855 = EDGE_CURVE ( 'NONE', #2183, #1347, #2935, .T. ) ;
#2856 = ORIENTED_EDGE ( 'NONE', *, *, #2056, .T. ) ;
#2857 = CIRCLE ( 'NONE', #1741, 3.500000000000000000 ) ;
#2858 = VECTOR ( 'NONE', #2286, 1000.000000000000000 ) ;
#2859 = EDGE_CURVE ( 'NONE', #2963, #3985, #3202, .T. ) ;
#2860 = AXIS2_PLACEMENT_3D ( 'NONE', #3312, #3662, #4402 ) ;
#2861 = DIRECTION ( 'NONE',  ( 0.000000000000000000, 0.000000000000000000, 1.000000000000000000 ) ) ;
#2862 = ORIENTED_EDGE ( 'NONE', *, *, #1084, .T. ) ;
#2863 = CARTESIAN_POINT ( 'NONE',  ( 4.500000000000000888, 13.10000000000000142, -1.951563910473907981E-15 ) ) ;
#2864 = ADVANCED_FACE ( 'NONE', ( #1759 ), #837, .T. ) ;
#2865 = EDGE_CURVE ( 'NONE', #2806, #1079, #1431, .T. ) ;
#2866 = DIRECTION ( 'NONE',  ( -0.007143540374780417944, 1.934216675714139910E-16, -0.9999744845899388723 ) ) ;
#2867 = ORIENTED_EDGE ( 'NONE', *, *, #2203, .T. ) ;
#2868 = DIRECTION ( 'NONE',  ( 0.000000000000000000, 0.000000000000000000, 1.000000000000000000 ) ) ;
#2869 = DIRECTION ( 'NONE',  ( -0.000000000000000000, 1.000000000000000000, -0.000000000000000000 ) ) ;
#2870 = PRODUCT_DEFINITION_SHAPE ( 'NONE', 'NONE',  #2230 ) ;
#2871 = ORIENTED_EDGE ( 'NONE', *, *, #1399, .F. ) ;
#2872 = LINE ( 'NONE', #4288, #4105 ) ;
#2873 = DIRECTION ( 'NONE',  ( 0.000000000000000000, 0.000000000000000000, 1.000000000000000000 ) ) ;
#2874 = DIRECTION ( 'NONE',  ( -0.000000000000000000, -1.000000000000000000, -0.000000000000000000 ) ) ;
#2875 = CARTESIAN_POINT ( 'NONE',  ( 0.6499999999999999112, 0.1688890384954827850, 34.19928136739102342 ) ) ;
#2876 = ORIENTED_EDGE ( 'NONE', *, *, #2598, .F. ) ;
#2877 = ADVANCED_FACE ( 'NONE', ( #3159 ), #3182, .F. ) ;
#2878 = DIRECTION ( 'NONE',  ( 1.000000000000000000, 0.000000000000000000, 0.000000000000000000 ) ) ;
#2879 = LINE ( 'NONE', #2150, #316 ) ;
#2880 = FACE_OUTER_BOUND ( 'NONE', #4427, .T. ) ;
#2881 = CARTESIAN_POINT ( 'NONE',  ( -0.6500000000000000222, -0.5999995286165449304, 32.52458476570146217 ) ) ;
#2882 = ORIENTED_EDGE ( 'NONE', *, *, #2396, .T. ) ;
#2883 = CARTESIAN_POINT ( 'NONE',  ( 14.46500000000001052, 5.500000000000000000, -16.60000000000000853 ) ) ;
#2884 = CARTESIAN_POINT ( 'NONE',  ( -14.46500000000000696, 0.000000000000000000, -38.00000000000000000 ) ) ;
#2885 = EDGE_CURVE ( 'NONE', #88, #3447, #3438, .T. ) ;
#2886 = ORIENTED_EDGE ( 'NONE', *, *, #326, .F. ) ;
#2887 = PLANE ( 'NONE',  #318 ) ;
#2888 = ADVANCED_FACE ( 'NONE', ( #1893 ), #2266, .T. ) ;
#2889 = CARTESIAN_POINT ( 'NONE',  ( 30.41025971044413367, 13.10000000000000142, -1.318834785756477476E-14 ) ) ;
#2890 = VERTEX_POINT ( 'NONE', #4006 ) ;
#2891 = DIRECTION ( 'NONE',  ( 0.000000000000000000, 0.000000000000000000, 1.000000000000000000 ) ) ;
#2892 = CARTESIAN_POINT ( 'NONE',  ( -2.000000000000000000, 2.449293598294706414E-16, 29.00000000000000355 ) ) ;
#2893 = DIRECTION ( 'NONE',  ( 1.000000000000000000, 0.000000000000000000, -0.000000000000000000 ) ) ;
#2894 = CARTESIAN_POINT ( 'NONE',  ( 0.6499999999999999112, -1.707345771897331055, 37.07011037424604183 ) ) ;
#2895 = CARTESIAN_POINT ( 'NONE',  ( 10.00000000000000355, 0.000000000000000000, -3.499999999999997335 ) ) ;
#2896 = CARTESIAN_POINT ( 'NONE',  ( -9.999999999999996447, 2.500000000000000000, -5.099999999999996980 ) ) ;
#2897 = LINE ( 'NONE', #4595, #599 ) ;
#2898 = CARTESIAN_POINT ( 'NONE',  ( -0.6500000000000000222, -0.6172018769792213533, 33.03150561220349601 ) ) ;
#2899 = EDGE_LOOP ( 'NONE', ( #3406, #2325, #1340, #4145 ) ) ;
#2900 = CARTESIAN_POINT ( 'NONE',  ( 30.41025971044413723, 8.176081362578118572, 6.431564759220670169 ) ) ;
#2901 = EDGE_LOOP ( 'NONE', ( #4597, #1883, #1078, #998 ) ) ;
#2902 = CARTESIAN_POINT ( 'NONE',  ( -2.000000000000000000, 2.449293598294706414E-16, 31.78000000000000114 ) ) ;
#2903 = AXIS2_PLACEMENT_3D ( 'NONE', #3029, #3681, #112 ) ;
#2904 = VECTOR ( 'NONE', #2362, 1000.000000000000000 ) ;
#2905 = VERTEX_POINT ( 'NONE', #3694 ) ;
#2906 = LINE ( 'NONE', #4001, #1881 ) ;
#2907 = DIRECTION ( 'NONE',  ( 1.000000000000000000, 0.000000000000000000, -0.000000000000000000 ) ) ;
#2908 = ORIENTED_EDGE ( 'NONE', *, *, #3258, .F. ) ;
#2909 = VECTOR ( 'NONE', #1750, 1000.000000000000000 ) ;
#2910 = ADVANCED_FACE ( 'NONE', ( #3581 ), #2581, .F. ) ;
#2911 = CYLINDRICAL_SURFACE ( 'NONE', #2860, 5.974999999999999645 ) ;
#2912 = EDGE_CURVE ( 'NONE', #1791, #4229, #814, .T. ) ;
#2913 = LINE ( 'NONE', #793, #1504 ) ;
#2914 = VERTEX_POINT ( 'NONE', #3715 ) ;
#2915 = CARTESIAN_POINT ( 'NONE',  ( -14.46500000000000341, 3.000000000000000000, -19.09999999999999787 ) ) ;
#2916 = VECTOR ( 'NONE', #2658, 1000.000000000000000 ) ;
#2917 = CARTESIAN_POINT ( 'NONE',  ( 8.000000000000000000, 0.000000000000000000, 0.000000000000000000 ) ) ;
#2918 = CARTESIAN_POINT ( 'NONE',  ( 0.6500000000000000222, -3.190814207394912838, 36.83445846704794491 ) ) ;
#2919 = EDGE_CURVE ( 'NONE', #3419, #3719, #1086, .T. ) ;
#2920 = CIRCLE ( 'NONE', #239, 6.099999999999999645 ) ;
#2921 = LINE ( 'NONE', #3295, #620 ) ;
#2922 = LINE ( 'NONE', #1530, #2927 ) ;
#2923 = AXIS2_PLACEMENT_3D ( 'NONE', #1024, #2090, #2868 ) ;
#2924 = CARTESIAN_POINT ( 'NONE',  ( 3.107891189805207510, 5.269048214598558211, 4.205979659355469913 ) ) ;
#2925 = CARTESIAN_POINT ( 'NONE',  ( 0.6499999999999999112, 2.000000472030881493, 32.55671028469031114 ) ) ;
#2926 = B_SPLINE_CURVE_WITH_KNOTS ( 'NONE', 3,
 ( #3275, #435, #1856, #3680 ),
 .UNSPECIFIED., .F., .F.,
 ( 4, 4 ),
 ( -0.008456524295549336726, -0.008265234532254249131 ),
 .UNSPECIFIED. ) ;
#2927 = VECTOR ( 'NONE', #3322, 1000.000000000000000 ) ;
#2928 = ORIENTED_EDGE ( 'NONE', *, *, #4020, .T. ) ;
#2929 = CIRCLE ( 'NONE', #3524, 2.000000000000000000 ) ;
#2930 = AXIS2_PLACEMENT_3D ( 'NONE', #1289, #2709, #4129 ) ;
#2931 = DIRECTION ( 'NONE',  ( 0.000000000000000000, 0.000000000000000000, 1.000000000000000000 ) ) ;
#2932 = DIRECTION ( 'NONE',  ( 0.000000000000000000, 0.000000000000000000, -1.000000000000000000 ) ) ;
#2933 = CARTESIAN_POINT ( 'NONE',  ( -2.212965174251844580, 7.637617019315732669, 2.719745529819902696 ) ) ;
#2934 = CIRCLE ( 'NONE', #3083, 0.6500000000000000222 ) ;
#2935 = CIRCLE ( 'NONE', #1742, 1.000000000000000888 ) ;
#2936 = EDGE_LOOP ( 'NONE', ( #826, #2744 ) ) ;
#2937 =( LENGTH_UNIT ( ) NAMED_UNIT ( * ) SI_UNIT ( .MILLI., .METRE. ) );
#2938 = DIRECTION ( 'NONE',  ( 0.000000000000000000, 0.000000000000000000, 1.000000000000000000 ) ) ;
#2939 = VERTEX_POINT ( 'NONE', #121 ) ;
#2940 = DIRECTION ( 'NONE',  ( 0.000000000000000000, 0.000000000000000000, 1.000000000000000000 ) ) ;
#2941 = CARTESIAN_POINT ( 'NONE',  ( -0.6500000000000000222, 0.4920113370456640212, 34.24703469474839324 ) ) ;
#2942 = DIRECTION ( 'NONE',  ( 4.283267841918042495E-16, 0.000000000000000000, 1.000000000000000000 ) ) ;
#2943 = VERTEX_POINT ( 'NONE', #473 ) ;
#2944 = CARTESIAN_POINT ( 'NONE',  ( 1.959434878635767202E-16, 0.000000000000000000, -32.20000000000000284 ) ) ;
#2945 = EDGE_CURVE ( 'NONE', #1640, #2420, #4064, .T. ) ;
#2946 = CARTESIAN_POINT ( 'NONE',  ( 0.000000000000000000, -0.9908127344636131761, 31.78000000000000114 ) ) ;
#2947 = FACE_BOUND ( 'NONE', #4485, .T. ) ;
#2948 = VERTEX_POINT ( 'NONE', #2851 ) ;
#2949 = EDGE_CURVE ( 'NONE', #2939, #768, #2248, .T. ) ;
#2950 = CARTESIAN_POINT ( 'NONE',  ( 0.6500000000000000222, -3.190814207394912838, 36.83445846704794491 ) ) ;
#2951 = CARTESIAN_POINT ( 'NONE',  ( -9.999999999999996447, 3.000000000000000000, -5.099999999999996980 ) ) ;
#2952 = PRODUCT_DEFINITION ( 'æœ', '', #594, #4328 ) ;
#2953 = CARTESIAN_POINT ( 'NONE',  ( 0.6500000000000000222, -1.500001004271340976, 36.83445846704794491 ) ) ;
#2954 = EDGE_CURVE ( 'NONE', #3642, #1700, #14, .T. ) ;
#2955 = ORIENTED_EDGE ( 'NONE', *, *, #3278, .F. ) ;
#2956 = CARTESIAN_POINT ( 'NONE',  ( 0.000000000000000000, 0.000000000000000000, 29.00000000000000355 ) ) ;
#2957 = CARTESIAN_POINT ( 'NONE',  ( 14.46500000000001052, 5.500000000000000000, -15.60000000000000675 ) ) ;
#2958 = CARTESIAN_POINT ( 'NONE',  ( -9.465000000000003411, 5.500000000000000000, -16.60000000000000497 ) ) ;
#2959 = APPLICATION_PROTOCOL_DEFINITION ( 'draft international standard', 'automotive_design', 1998, #3458 ) ;
#2960 = ORIENTED_EDGE ( 'NONE', *, *, #505, .F. ) ;
#2961 = CARTESIAN_POINT ( 'NONE',  ( 0.000000000000000000, 0.000000000000000000, 0.000000000000000000 ) ) ;
#2962 = CARTESIAN_POINT ( 'NONE',  ( 0.000000000000000000, -2.500000000000000444, 2.499999999999999556 ) ) ;
#2963 = VERTEX_POINT ( 'NONE', #3334 ) ;
#2964 = DIRECTION ( 'NONE',  ( -0.000000000000000000, 1.000000000000000000, -0.000000000000000000 ) ) ;
#2965 = DIRECTION ( 'NONE',  ( 0.000000000000000000, 0.000000000000000000, 1.000000000000000000 ) ) ;
#2966 = ORIENTED_EDGE ( 'NONE', *, *, #87, .F. ) ;
#2967 = CARTESIAN_POINT ( 'NONE',  ( 4.286213174372938515E-16, 7.530965186505963693, -3.500000000000000000 ) ) ;
#2968 = DIRECTION ( 'NONE',  ( 0.000000000000000000, 0.000000000000000000, -1.000000000000000000 ) ) ;
#2969 = CARTESIAN_POINT ( 'NONE',  ( 0.6500000000000000222, -1.108905118725955985, 33.93816449873333596 ) ) ;
#2970 = VERTEX_POINT ( 'NONE', #1168 ) ;
#2971 = SHAPE_REPRESENTATION ( '\X2\4e0b\X0\2.0', ( #254 ), #2339 ) ;
#2972 = DIRECTION ( 'NONE',  ( 0.000000000000000000, 0.000000000000000000, 1.000000000000000000 ) ) ;
#2973 = CARTESIAN_POINT ( 'NONE',  ( 0.6500000000000000222, 0.5819080843976162098, 33.93816449873333596 ) ) ;
#2974 = CARTESIAN_POINT ( 'NONE',  ( 0.000000000000000000, -9.899494936611665352, 0.000000000000000000 ) ) ;
#2975 = CARTESIAN_POINT ( 'NONE',  ( 0.6499999999999999112, 1.262608573360325392, 35.57839901668460669 ) ) ;
#2976 = ORIENTED_EDGE ( 'NONE', *, *, #2536, .F. ) ;
#2977 = ADVANCED_FACE ( 'NONE', ( #1932 ), #3314, .F. ) ;
#2978 = EDGE_CURVE ( 'NONE', #1295, #445, #3924, .T. ) ;
#2979 = CARTESIAN_POINT ( 'NONE',  ( -14.46500000000000696, 8.000000000000000000, -33.00000000000001421 ) ) ;
#2980 = CARTESIAN_POINT ( 'NONE',  ( -14.46500000000000874, 5.499999999999999112, -40.49999999999999289 ) ) ;
#2981 = DIRECTION ( 'NONE',  ( 0.000000000000000000, 0.000000000000000000, -1.000000000000000000 ) ) ;
#2982 = ITEM_DEFINED_TRANSFORMATION ( 'NONE', 'NONE', #2778,  #254 ) ;
#2983 = EDGE_LOOP ( 'NONE', ( #2052, #3120 ) ) ;
#2984 = PRESENTATION_STYLE_ASSIGNMENT (( #3281 ) ) ;
#2985 = CLOSED_SHELL ( 'NONE', ( #2977, #3608, #3065, #2597, #3237, #3751, #688, #3798, #3487, #583, #1147, #4083, #378, #2687, #575, #4531, #1898, #2714, #1439, #805, #157, #1031, #3377, #2888, #1427, #4390, #559, #2458, #2738, #1634, #3402, #607, #3196, #2143, #1321, #3259, #185, #2740, #4477, #4156, #102, #3655, #4456, #776, #4511, #1060, #3909, #3175, #3139, #715, #1528, #1639 ) ) ;
#2986 = CARTESIAN_POINT ( 'NONE',  ( 4.000000000000000000, 0.9999999999999995559, -4.999999999999999112 ) ) ;
#2987 = ORIENTED_EDGE ( 'NONE', *, *, #1747, .T. ) ;
#2988 = CARTESIAN_POINT ( 'NONE',  ( 0.000000000000000000, 0.000000000000000000, 0.000000000000000000 ) ) ;
#2989 = ORIENTED_EDGE ( 'NONE', *, *, #3317, .F. ) ;
#2990 = DIRECTION ( 'NONE',  ( 1.000000000000000000, 0.000000000000000000, 0.000000000000000000 ) ) ;
#2991 = DIRECTION ( 'NONE',  ( 0.000000000000000000, 0.000000000000000000, 1.000000000000000000 ) ) ;
#2992 = DIRECTION ( 'NONE',  ( 0.000000000000000000, 0.000000000000000000, 1.000000000000000000 ) ) ;
#2993 = CIRCLE ( 'NONE', #2460, 1.000000000000000888 ) ;
#2994 = ORIENTED_EDGE ( 'NONE', *, *, #61, .T. ) ;
#2995 = AXIS2_PLACEMENT_3D ( 'NONE', #3770, #1724, #214 ) ;
#2996 = CARTESIAN_POINT ( 'NONE',  ( 3.479741190862488232, 7.676506375946726912, 2.792696666534277838 ) ) ;
#2997 = CARTESIAN_POINT ( 'NONE',  ( 9.464999999999998082, 5.499999999999999112, -40.49999999999999289 ) ) ;
#2998 = DIRECTION ( 'NONE',  ( 5.687617954022318617E-16, 0.000000000000000000, 1.000000000000000000 ) ) ;
#2999 = AXIS2_PLACEMENT_3D ( 'NONE', #582, #4434, #541 ) ;
#3000 = ORIENTED_EDGE ( 'NONE', *, *, #3856, .T. ) ;
#3001 = AXIS2_PLACEMENT_3D ( 'NONE', #1186, #1238, #4324 ) ;
#3002 = AXIS2_PLACEMENT_3D ( 'NONE', #976, #278, #4252 ) ;
#3003 = CARTESIAN_POINT ( 'NONE',  ( 0.000000000000000000, 1.800000000000000044, 0.000000000000000000 ) ) ;
#3004 = LINE ( 'NONE', #3653, #2682 ) ;
#3005 = DIRECTION ( 'NONE',  ( 0.000000000000000000, -0.6305317436603785630, 0.7761634623174442638 ) ) ;
#3006 = EDGE_CURVE ( 'NONE', #2344, #2830, #2708, .T. ) ;
#3007 = AXIS2_PLACEMENT_3D ( 'NONE', #2863, #4281, #1815 ) ;
#3008 = CIRCLE ( 'NONE', #470, 8.099999999999999645 ) ;
#3009 = AXIS2_PLACEMENT_3D ( 'NONE', #897, #3747, #1965 ) ;
#3010 = ORIENTED_EDGE ( 'NONE', *, *, #183, .T. ) ;
#3011 = LINE ( 'NONE', #3262, #760 ) ;
#3012 = AXIS2_PLACEMENT_3D ( 'NONE', #2055, #2801, #1054 ) ;
#3013 = EDGE_CURVE ( 'NONE', #2365, #1305, #94, .T. ) ;
#3014 = EDGE_CURVE ( 'NONE', #2084, #4418, #3085, .T. ) ;
#3015 = ORIENTED_EDGE ( 'NONE', *, *, #1588, .T. ) ;
#3016 = CARTESIAN_POINT ( 'NONE',  ( 0.6499999999999999112, -3.285267191802260456, 34.93407519899149349 ) ) ;
#3017 = AXIS2_PLACEMENT_3D ( 'NONE', #2529, #3956, #2810 ) ;
#3018 = ORIENTED_EDGE ( 'NONE', *, *, #40, .F. ) ;
#3019 = DIRECTION ( 'NONE',  ( 0.000000000000000000, 1.000000000000000000, 0.000000000000000000 ) ) ;
#3020 = ORIENTED_EDGE ( 'NONE', *, *, #1348, .F. ) ;
#3021 = DIRECTION ( 'NONE',  ( -3.443514313297917060E-16, 0.6078911898051704288, -0.7940203406445293099 ) ) ;
#3022 = VERTEX_POINT ( 'NONE', #1221 ) ;
#3023 = CARTESIAN_POINT ( 'NONE',  ( 3.051227818130031189, 6.826161101658542840, 4.162705512823549725 ) ) ;
#3024 = CARTESIAN_POINT ( 'NONE',  ( -0.6500000000000000222, -0.7379174212570688285, 33.79356742541944669 ) ) ;
#3025 = CARTESIAN_POINT ( 'NONE',  ( 0.000000000000000000, 2.799999999999999822, 0.000000000000000000 ) ) ;
#3026 = CARTESIAN_POINT ( 'NONE',  ( 0.6500000000000000222, -1.500001004271340976, 36.83445846704794491 ) ) ;
#3027 = ORIENTED_EDGE ( 'NONE', *, *, #1213, .F. ) ;
#3028 = DIRECTION ( 'NONE',  ( -4.283267841918042495E-16, 0.000000000000000000, -1.000000000000000000 ) ) ;
#3029 = CARTESIAN_POINT ( 'NONE',  ( 4.500000000000000888, 13.10000000000000142, -1.951563910473907981E-15 ) ) ;
#3030 = CARTESIAN_POINT ( 'NONE',  ( 0.000000000000000000, -0.9908127344636131761, 31.78000000000000114 ) ) ;
#3031 = VERTEX_POINT ( 'NONE', #2640 ) ;
#3032 = PRESENTATION_STYLE_ASSIGNMENT (( #2366 ) ) ;
#3033 = ORIENTED_EDGE ( 'NONE', *, *, #2865, .F. ) ;
#3034 = EDGE_CURVE ( 'NONE', #4398, #4192, #540, .T. ) ;
#3035 = EDGE_CURVE ( 'NONE', #197, #4286, #2338, .T. ) ;
#3036 = ORIENTED_EDGE ( 'NONE', *, *, #2536, .T. ) ;
#3037 = CARTESIAN_POINT ( 'NONE',  ( 0.000000000000000000, 3.000000000000000000, -1.000000000000000000 ) ) ;
#3038 = VERTEX_POINT ( 'NONE', #189 ) ;
#3039 = CARTESIAN_POINT ( 'NONE',  ( 30.41025971044413012, 13.10000000000000142, -6.100000000000012967 ) ) ;
#3040 = EDGE_LOOP ( 'NONE', ( #3713, #874, #2660, #967 ) ) ;
#3041 = CARTESIAN_POINT ( 'NONE',  ( 3.079764826364948860, 7.603892099827284312, 2.646454594869236843 ) ) ;
#3042 = CARTESIAN_POINT ( 'NONE',  ( 3.500000000000002220, 6.306188268494256732, 4.999999999999999112 ) ) ;
#3043 = LINE ( 'NONE', #1644, #2909 ) ;
#3044 = CARTESIAN_POINT ( 'NONE',  ( 0.6500000000000000222, 0.5819080843976162098, 33.93816449873333596 ) ) ;
#3045 = EDGE_LOOP ( 'NONE', ( #673, #973, #4023, #401 ) ) ;
#3046 = CARTESIAN_POINT ( 'NONE',  ( 2.721766919144304797, 4.882923943937695022, -4.000000000000000888 ) ) ;
#3047 = PLANE ( 'NONE',  #2082 ) ;
#3048 = DIRECTION ( 'NONE',  ( 0.000000000000000000, 0.000000000000000000, 1.000000000000000000 ) ) ;
#3049 = PRODUCT_DEFINITION_SHAPE ( 'NONE', 'NONE',  #4607 ) ;
#3050 = VERTEX_POINT ( 'NONE', #257 ) ;
#3051 = DIRECTION ( 'NONE',  ( -1.000000000000000000, 3.398813180103718270E-16, 1.734723475976808327E-16 ) ) ;
#3052 = EDGE_LOOP ( 'NONE', ( #1196, #4462, #803, #2163 ) ) ;
#3053 = EDGE_LOOP ( 'NONE', ( #1185, #811, #537, #1617, #1489, #3319, #372, #1113 ) ) ;
#3054 = DIRECTION ( 'NONE',  ( 0.000000000000000000, 0.000000000000000000, -1.000000000000000000 ) ) ;
#3055 = ORIENTED_EDGE ( 'NONE', *, *, #4250, .T. ) ;
#3056 = DIRECTION ( 'NONE',  ( -1.000000000000000000, 0.000000000000000000, -0.000000000000000000 ) ) ;
#3057 = EDGE_CURVE ( 'NONE', #2914, #2948, #1678, .T. ) ;
#3058 = ORIENTED_EDGE ( 'NONE', *, *, #716, .F. ) ;
#3059 = ADVANCED_FACE ( 'NONE', ( #3493 ), #974, .T. ) ;
#3060 = ORIENTED_EDGE ( 'NONE', *, *, #3317, .T. ) ;
#3061 = FACE_OUTER_BOUND ( 'NONE', #2770, .T. ) ;
#3062 = CARTESIAN_POINT ( 'NONE',  ( -0.6500000000000000222, -0.6958860728238221993, 33.67704763007564850 ) ) ;
#3063 = FACE_OUTER_BOUND ( 'NONE', #1940, .T. ) ;
#3064 = CARTESIAN_POINT ( 'NONE',  ( 12.46499999999999808, 5.500000000000000000, -12.59999999999999787 ) ) ;
#3065 = ADVANCED_FACE ( 'NONE', ( #626 ), #2743, .F. ) ;
#3066 = VERTEX_POINT ( 'NONE', #3801 ) ;
#3067 = LINE ( 'NONE', #2690, #3142 ) ;
#3068 = CARTESIAN_POINT ( 'NONE',  ( -14.46500000000001052, 5.500000000000000000, -10.59999999999999787 ) ) ;
#3069 = CARTESIAN_POINT ( 'NONE',  ( -1.070345369746956932, 7.609134765562769687, 3.339390254379424050 ) ) ;
#3070 = AXIS2_PLACEMENT_3D ( 'NONE', #93, #3622, #1190 ) ;
#3071 = COLOUR_RGB ( '',0.7921568627450980005, 0.8196078431372548767, 0.9333333333333333481 ) ;
#3072 = EDGE_LOOP ( 'NONE', ( #1483, #1307 ) ) ;
#3073 = CARTESIAN_POINT ( 'NONE',  ( 3.500000000000007105, 5.269048214598563540, -4.205979659355472577 ) ) ;
#3074 = AXIS2_PLACEMENT_3D ( 'NONE', #2509, #398, #2576 ) ;
#3075 = CIRCLE ( 'NONE', #2847, 3.000000000000000444 ) ;
#3076 = DIRECTION ( 'NONE',  ( 0.000000000000000000, 0.000000000000000000, 1.000000000000000000 ) ) ;
#3077 = CIRCLE ( 'NONE', #3007, 6.099999999999999645 ) ;
#3078 = CIRCLE ( 'NONE', #3012, 5.974999999999999645 ) ;
#3079 = EDGE_LOOP ( 'NONE', ( #680, #3015, #3539, #499 ) ) ;
#3080 = CARTESIAN_POINT ( 'NONE',  ( -9.465000000000005187, 27.57919559123919484, -14.10000000000000142 ) ) ;
#3081 = VERTEX_POINT ( 'NONE', #3037 ) ;
#3082 = FACE_BOUND ( 'NONE', #1982, .T. ) ;
#3083 = AXIS2_PLACEMENT_3D ( 'NONE', #2692, #3005, #4423 ) ;
#3084 = EDGE_LOOP ( 'NONE', ( #2960, #210, #1216, #275 ) ) ;
#3085 = CIRCLE ( 'NONE', #4339, 1.400000000000000133 ) ;
#3086 = EDGE_CURVE ( 'NONE', #1513, #190, #2370, .T. ) ;
#3087 = AXIS2_PLACEMENT_3D ( 'NONE', #769, #2192, #2940 ) ;
#3088 = CARTESIAN_POINT ( 'NONE',  ( 3.423067099916091927, 8.637568118410072771, 4.163124972941882440 ) ) ;
#3089 = DIRECTION ( 'NONE',  ( 1.000000000000000000, 0.000000000000000000, 0.000000000000000000 ) ) ;
#3090 = CARTESIAN_POINT ( 'NONE',  ( 0.000000000000000000, 0.7000004686599590187, 31.78000000000000114 ) ) ;
#3091 = ORIENTED_EDGE ( 'NONE', *, *, #3163, .F. ) ;
#3092 = PRODUCT_DEFINITION_SHAPE ( 'NONE', 'NONE',  #2952 ) ;
#3093 = EDGE_CURVE ( 'NONE', #2013, #2384, #1620, .T. ) ;
#3094 = EDGE_CURVE ( 'NONE', #3050, #3449, #3903, .T. ) ;
#3095 = SURFACE_STYLE_USAGE ( .BOTH. , #4092 ) ;
#3096 = LINE ( 'NONE', #1738, #674 ) ;
#3097 = CARTESIAN_POINT ( 'NONE',  ( 5.974999999999999645, 7.317264624905434371E-16, 31.78000000000000114 ) ) ;
#3098 = ORIENTED_EDGE ( 'NONE', *, *, #1011, .T. ) ;
#3099 = DIRECTION ( 'NONE',  ( 0.000000000000000000, 0.000000000000000000, 1.000000000000000000 ) ) ;
#3100 =( NAMED_UNIT ( * ) SI_UNIT ( $, .STERADIAN. ) SOLID_ANGLE_UNIT ( ) );
#3101 = EDGE_LOOP ( 'NONE', ( #3938, #4068 ) ) ;
#3102 = DIRECTION ( 'NONE',  ( -0.000000000000000000, -1.000000000000000000, -0.000000000000000000 ) ) ;
#3103 = VERTEX_POINT ( 'NONE', #564 ) ;
#3104 = CARTESIAN_POINT ( 'NONE',  ( 3.149033040308827580, 6.888087531160972610, -4.221731085816037954 ) ) ;
#3105 = ORIENTED_EDGE ( 'NONE', *, *, #748, .T. ) ;
#3106 = CARTESIAN_POINT ( 'NONE',  ( 7.499999999999995559, 5.269048214598559099, 4.205979659355469025 ) ) ;
#3107 = CARTESIAN_POINT ( 'NONE',  ( 3.393657775073646743, 7.275459758337784244, 4.533829222265700842 ) ) ;
#3108 = CARTESIAN_POINT ( 'NONE',  ( 0.6500000000000000222, -0.02448351313884858035, 35.09712984753234366 ) ) ;
#3109 = LINE ( 'NONE', #656, #553 ) ;
#3110 = CARTESIAN_POINT ( 'NONE',  ( -0.6500000000000000222, -1.715296716262420640, 35.09712984753234366 ) ) ;
#3111 = CARTESIAN_POINT ( 'NONE',  ( 0.000000000000000000, 0.000000000000000000, -33.79999999999999716 ) ) ;
#3112 = CYLINDRICAL_SURFACE ( 'NONE', #3220, 1.000000000000000000 ) ;
#3113 = DIRECTION ( 'NONE',  ( 0.000000000000000000, 0.000000000000000000, -1.000000000000000000 ) ) ;
#3114 = CYLINDRICAL_SURFACE ( 'NONE', #4338, 6.099999999999999645 ) ;
#3115 = EDGE_CURVE ( 'NONE', #3733, #3958, #3824, .T. ) ;
#3116 = ORIENTED_EDGE ( 'NONE', *, *, #1840, .T. ) ;
#3117 = EDGE_CURVE ( 'NONE', #1660, #2784, #4125, .T. ) ;
#3118 = ORIENTED_EDGE ( 'NONE', *, *, #1409, .F. ) ;
#3119 = DIRECTION ( 'NONE',  ( 0.000000000000000000, 0.000000000000000000, 1.000000000000000000 ) ) ;
#3120 = ORIENTED_EDGE ( 'NONE', *, *, #3758, .F. ) ;
#3121 = DIRECTION ( 'NONE',  ( 0.000000000000000000, 0.000000000000000000, 1.000000000000000000 ) ) ;
#3122 = VERTEX_POINT ( 'NONE', #2675 ) ;
#3123 = CARTESIAN_POINT ( 'NONE',  ( 2.593113399750080372, 6.664939782721535089, -4.000000000000002665 ) ) ;
#3124 = ORIENTED_EDGE ( 'NONE', *, *, #4561, .T. ) ;
#3125 = UNCERTAINTY_MEASURE_WITH_UNIT (LENGTH_MEASURE( 1.000000000000000082E-05 ), #562, 'distance_accuracy_value', 'NONE');
#3126 = DIRECTION ( 'NONE',  ( 1.000000000000000000, 3.398813180103728131E-16, -1.734723475976807341E-16 ) ) ;
#3127 = CARTESIAN_POINT ( 'NONE',  ( 3.824747469215524998, 7.789713397076915236, -3.002945121496868541 ) ) ;
#3128 = CARTESIAN_POINT ( 'NONE',  ( 30.41025971044413012, 13.10000000000000142, -8.100000000000013856 ) ) ;
#3129 = DIRECTION ( 'NONE',  ( 1.000000000000000000, 0.000000000000000000, -0.000000000000000000 ) ) ;
#3130 = VECTOR ( 'NONE', #2665, 1000.000000000000000 ) ;
#3131 = CARTESIAN_POINT ( 'NONE',  ( 0.6499999999999999112, 0.1688890384954827850, 34.19928136739102342 ) ) ;
#3132 = DIRECTION ( 'NONE',  ( 0.000000000000000000, 0.000000000000000000, 1.000000000000000000 ) ) ;
#3133 = DIRECTION ( 'NONE',  ( 0.000000000000000000, 0.000000000000000000, 1.000000000000000000 ) ) ;
#3134 = DIRECTION ( 'NONE',  ( -0.000000000000000000, 1.000000000000000000, -0.000000000000000000 ) ) ;
#3135 = FACE_OUTER_BOUND ( 'NONE', #2768, .T. ) ;
#3136 = AXIS2_PLACEMENT_3D ( 'NONE', #2568, #3390, #1578 ) ;
#3137 = ORIENTED_EDGE ( 'NONE', *, *, #3940, .F. ) ;
#3138 = VECTOR ( 'NONE', #3645, 1000.000000000000000 ) ;
#3139 = ADVANCED_FACE ( 'NONE', ( #4516 ), #936, .F. ) ;
#3140 = ORIENTED_EDGE ( 'NONE', *, *, #1942, .F. ) ;
#3141 = SURFACE_SIDE_STYLE ('',( #1021 ) ) ;
#3142 = VECTOR ( 'NONE', #3393, 1000.000000000000000 ) ;
#3143 = AXIS2_PLACEMENT_3D ( 'NONE', #116, #4056, #4428 ) ;
#3144 = ORIENTED_EDGE ( 'NONE', *, *, #4112, .F. ) ;
#3145 = CARTESIAN_POINT ( 'NONE',  ( -9.999999999999996447, 2.500000000000000000, -5.099999999999996980 ) ) ;
#3146 = CIRCLE ( 'NONE', #319, 4.000000000000000888 ) ;
#3147 = EDGE_CURVE ( 'NONE', #3122, #1668, #910, .T. ) ;
#3148 = CARTESIAN_POINT ( 'NONE',  ( 14.46500000000001052, 5.500000000000000000, -16.60000000000000853 ) ) ;
#3149 = ORIENTED_EDGE ( 'NONE', *, *, #2818, .F. ) ;
#3150 = STYLED_ITEM ( 'NONE', ( #3490 ), #3626 ) ;
#3151 = CIRCLE ( 'NONE', #248, 1.000000000000000000 ) ;
#3152 = CARTESIAN_POINT ( 'NONE',  ( 3.107891189805204846, 5.269048214598563540, -4.205979659355472577 ) ) ;
#3153 = DIRECTION ( 'NONE',  ( -1.000000000000000000, -0.000000000000000000, -0.000000000000000000 ) ) ;
#3154 = CARTESIAN_POINT ( 'NONE',  ( -14.46500000000000341, 3.000000000000000000, -19.09999999999999787 ) ) ;
#3155 = VECTOR ( 'NONE', #2854, 1000.000000000000000 ) ;
#3156 = CARTESIAN_POINT ( 'NONE',  ( 0.2170021847304470508, 7.530965186505965470, -3.500000000000000444 ) ) ;
#3157 = ORIENTED_EDGE ( 'NONE', *, *, #1062, .T. ) ;
#3158 = CARTESIAN_POINT ( 'NONE',  ( -0.6499999999999999112, 0.1688890384954827850, 34.19928136739102342 ) ) ;
#3159 = FACE_OUTER_BOUND ( 'NONE', #3471, .T. ) ;
#3160 = CARTESIAN_POINT ( 'NONE',  ( -14.46499999999999986, 3.000000000000000000, 0.000000000000000000 ) ) ;
#3161 = CARTESIAN_POINT ( 'NONE',  ( 0.000000000000000000, 0.000000000000000000, -3.000000000000000444 ) ) ;
#3162 = FACE_OUTER_BOUND ( 'NONE', #274, .T. ) ;
#3163 = EDGE_CURVE ( 'NONE', #2830, #2395, #276, .T. ) ;
#3164 = VERTEX_POINT ( 'NONE', #1349 ) ;
#3165 =( REPRESENTATION_RELATIONSHIP ('NONE','NONE', #260, #297 ) REPRESENTATION_RELATIONSHIP_WITH_TRANSFORMATION ( #862 )SHAPE_REPRESENTATION_RELATIONSHIP( ) );
#3166 = PRODUCT ( 'F2-6M\X2\8f74627f\X0\', 'F2-6M\X2\8f74627f\X0\', '', ( #3169 ) ) ;
#3167 = VERTEX_POINT ( 'NONE', #4191 ) ;
#3168 =( NAMED_UNIT ( * ) SI_UNIT ( $, .STERADIAN. ) SOLID_ANGLE_UNIT ( ) );
#3169 = PRODUCT_CONTEXT ( 'NONE', #3934, 'mechanical' ) ;
#3170 = ORIENTED_EDGE ( 'NONE', *, *, #3975, .T. ) ;
#3171 = DIRECTION ( 'NONE',  ( 0.000000000000000000, 0.000000000000000000, 1.000000000000000000 ) ) ;
#3172 = LINE ( 'NONE', #4583, #229 ) ;
#3174 = VERTEX_POINT ( 'NONE', #1997 ) ;
#3173 = EDGE_CURVE ( 'NONE', #3760, #625, #4472, .T. ) ;
#3175 = ADVANCED_FACE ( 'NONE', ( #1656 ), #2014, .F. ) ;
#3176 = ORIENTED_EDGE ( 'NONE', *, *, #716, .T. ) ;
#3177 = CYLINDRICAL_SURFACE ( 'NONE', #1423, 3.500000000000000000 ) ;
#3178 = CARTESIAN_POINT ( 'NONE',  ( 2.577707586647568938, 8.245524937610827720, -3.983542485003165989 ) ) ;
#3179 = DIRECTION ( 'NONE',  ( -4.336808689942017736E-16, 0.000000000000000000, -1.000000000000000000 ) ) ;
#3180 = CARTESIAN_POINT ( 'NONE',  ( 0.8612182687217444510, 7.582859738458033405, -3.399263862919162271 ) ) ;
#3181 = CARTESIAN_POINT ( 'NONE',  ( -0.6499999999999999112, -1.340533657219568742, 36.66050930035861910 ) ) ;
#3182 = CYLINDRICAL_SURFACE ( 'NONE', #1447, 2.000000000000000000 ) ;
#3183 = CARTESIAN_POINT ( 'NONE',  ( -14.46499999999999986, 0.000000000000000000, 0.000000000000000000 ) ) ;
#3184 = LINE ( 'NONE', #3862, #2403 ) ;
#3185 = ORIENTED_EDGE ( 'NONE', *, *, #1262, .F. ) ;
#3186 = EDGE_LOOP ( 'NONE', ( #1864, #1637, #4055 ) ) ;
#3187 = CARTESIAN_POINT ( 'NONE',  ( 0.6500000000000000222, -0.9908127344636131761, 31.78000000000000114 ) ) ;
#3188 = PRODUCT_CONTEXT ( 'NONE', #2588, 'mechanical' ) ;
#3189 = ORIENTED_EDGE ( 'NONE', *, *, #2367, .T. ) ;
#3190 = CARTESIAN_POINT ( 'NONE',  ( 4.000000000000000000, 2.499999999999999556, -4.999999999999999112 ) ) ;
#3191 = DIRECTION ( 'NONE',  ( 0.000000000000000000, 1.000000000000000000, 0.000000000000000000 ) ) ;
#3192 = EDGE_LOOP ( 'NONE', ( #4080, #2630, #1966, #1330 ) ) ;
#3193 = ORIENTED_EDGE ( 'NONE', *, *, #1012, .T. ) ;
#3194 = FACE_OUTER_BOUND ( 'NONE', #3851, .T. ) ;
#3195 = CARTESIAN_POINT ( 'NONE',  ( 1.347111479062088503E-16, 0.000000000000000000, -1.100000000000000089 ) ) ;
#3196 = ADVANCED_FACE ( 'NONE', ( #3847 ), #648, .F. ) ;
#3197 = DIRECTION ( 'NONE',  ( 0.000000000000000000, 0.000000000000000000, 1.000000000000000000 ) ) ;
#3198 = DIRECTION ( 'NONE',  ( 0.000000000000000000, 0.000000000000000000, 1.000000000000000000 ) ) ;
#3199 = EDGE_CURVE ( 'NONE', #4192, #3782, #4497, .T. ) ;
#3200 = CARTESIAN_POINT ( 'NONE',  ( 0.6500000000000000222, -1.004910539250555068, 33.08497086363783524 ) ) ;
#3201 = DIRECTION ( 'NONE',  ( 0.000000000000000000, -0.000000000000000000, 1.000000000000000000 ) ) ;
#3202 = LINE ( 'NONE', #2478, #2110 ) ;
#3203 = PRESENTATION_STYLE_ASSIGNMENT (( #1105 ) ) ;
#3204 = DIRECTION ( 'NONE',  ( 0.000000000000000000, -0.7940203406445285328, 0.6078911898051713170 ) ) ;
#3205 = LINE ( 'NONE', #3482, #1958 ) ;
#3206 = ADVANCED_FACE ( 'NONE', ( #3448 ), #2789, .F. ) ;
#3207 = EDGE_LOOP ( 'NONE', ( #4101, #166, #3157, #2222, #3116 ) ) ;
#3208 = CARTESIAN_POINT ( 'NONE',  ( 30.41025971044413367, 7.571286292197369150, -2.577464788732401590 ) ) ;
#3209 = VERTEX_POINT ( 'NONE', #301 ) ;
#3210 = AXIS2_PLACEMENT_3D ( 'NONE', #289, #1016, #3113 ) ;
#3211 = CARTESIAN_POINT ( 'NONE',  ( 4.337632819550322871, -34.15802106414908224, -24.52837112072830195 ) ) ;
#3212 = VECTOR ( 'NONE', #3898, 1000.000000000000000 ) ;
#3213 = ORIENTED_EDGE ( 'NONE', *, *, #2912, .T. ) ;
#3214 = CARTESIAN_POINT ( 'NONE',  ( 12.46499999999999986, 8.000000000000000000, -19.09999999999999787 ) ) ;
#3215 = CARTESIAN_POINT ( 'NONE',  ( 14.46500000000001052, 5.500000000000000000, -17.60000000000000853 ) ) ;
#3216 = AXIS2_PLACEMENT_3D ( 'NONE', #2495, #2145, #2873 ) ;
#3217 = ADVANCED_FACE ( 'NONE', ( #4260 ), #3867, .T. ) ;
#3218 = ORIENTED_EDGE ( 'NONE', *, *, #3173, .T. ) ;
#3219 = AXIS2_PLACEMENT_3D ( 'NONE', #4582, #3594, #4302 ) ;
#3220 = AXIS2_PLACEMENT_3D ( 'NONE', #4526, #1337, #2754 ) ;
#3221 = CARTESIAN_POINT ( 'NONE',  ( 2.866333216559862507, 6.715083041974532208, 4.055417971311526593 ) ) ;
#3222 = DIRECTION ( 'NONE',  ( 0.000000000000000000, 0.000000000000000000, 1.000000000000000000 ) ) ;
#3223 = LINE ( 'NONE', #2584, #3302 ) ;
#3224 = CARTESIAN_POINT ( 'NONE',  ( 0.6500000000000000222, -0.9908127344636131761, 31.78000000000000114 ) ) ;
#3225 = CIRCLE ( 'NONE', #242, 0.6500000000000000222 ) ;
#3226 = AXIS2_PLACEMENT_3D ( 'NONE', #1760, #1711, #3133 ) ;
#3227 =( GEOMETRIC_REPRESENTATION_CONTEXT ( 3 ) GLOBAL_UNCERTAINTY_ASSIGNED_CONTEXT ( ( #2045 ) ) GLOBAL_UNIT_ASSIGNED_CONTEXT ( ( #645, #3240, #3168 ) ) REPRESENTATION_CONTEXT ( 'NONE', 'WORKASPACE' ) );
#3228 = VECTOR ( 'NONE', #3316, 1000.000000000000000 ) ;
#3229 = CARTESIAN_POINT ( 'NONE',  ( 0.6499999999999999112, -2.290812731740117236, 32.52458476570146217 ) ) ;
#3230 = DIRECTION ( 'NONE',  ( 0.000000000000000000, 0.000000000000000000, -1.000000000000000000 ) ) ;
#3231 = LINE ( 'NONE', #31, #4240 ) ;
#3232 = CARTESIAN_POINT ( 'NONE',  ( 0.6499999999999999112, 1.989007204725256051, 33.13843611507216025 ) ) ;
#3233 = VERTEX_POINT ( 'NONE', #43 ) ;
#3234 = AXIS2_PLACEMENT_3D ( 'NONE', #2297, #3705, #4150 ) ;
#3235 = ADVANCED_FACE ( 'NONE', ( #1469 ), #349, .F. ) ;
#3236 = AXIS2_PLACEMENT_3D ( 'NONE', #2354, #3468, #3121 ) ;
#3237 = ADVANCED_FACE ( 'NONE', ( #1792 ), #4230, .F. ) ;
#3238 = FACE_OUTER_BOUND ( 'NONE', #4519, .T. ) ;
#3239 = ORIENTED_EDGE ( 'NONE', *, *, #3859, .T. ) ;
#3240 =( NAMED_UNIT ( * ) PLANE_ANGLE_UNIT ( ) SI_UNIT ( $, .RADIAN. ) );
#3241 = CARTESIAN_POINT ( 'NONE',  ( 8.584474612449568554, -18.05802106414873620, 5.025292984216401138 ) ) ;
#3242 = B_SPLINE_CURVE_WITH_KNOTS ( 'NONE', 3,
 ( #3297, #3365, #896, #175, #4013, #131, #484, #3649, #1902, #879 ),
 .UNSPECIFIED., .F., .F.,
 ( 4, 2, 2, 2, 4 ),
 ( 0.000000000000000000, 0.2500000000000000000, 0.5000000000000000000, 0.7500000000000000000, 1.000000000000000000 ),
 .UNSPECIFIED. ) ;
#3243 = EDGE_LOOP ( 'NONE', ( #4471, #4373, #3333, #1702 ) ) ;
#3244 = FACE_OUTER_BOUND ( 'NONE', #2060, .T. ) ;
#3245 = CARTESIAN_POINT ( 'NONE',  ( 3.294276970127834048, 7.116244499623644693, 1.206818495055944185 ) ) ;
#3246 = ORIENTED_EDGE ( 'NONE', *, *, #2633, .T. ) ;
#3247 = FACE_OUTER_BOUND ( 'NONE', #710, .T. ) ;
#3248 = CARTESIAN_POINT ( 'NONE',  ( 0.000000000000000000, 3.000000000000000000, 0.000000000000000000 ) ) ;
#3249 = DIRECTION ( 'NONE',  ( 1.000000000000000000, 0.000000000000000000, 5.782411586589357392E-17 ) ) ;
#3250 = FACE_BOUND ( 'NONE', #2042, .T. ) ;
#3251 = LINE ( 'NONE', #1152, #1139 ) ;
#3252 = LINE ( 'NONE', #3183, #4167 ) ;
#3253 = CARTESIAN_POINT ( 'NONE',  ( -0.6500000000000000222, -1.500001004271340976, 36.83445846704794491 ) ) ;
#3254 = ORIENTED_EDGE ( 'NONE', *, *, #3486, .T. ) ;
#3255 = CARTESIAN_POINT ( 'NONE',  ( 4.500000000000000888, 13.10000000000000142, -1.951563910473907981E-15 ) ) ;
#3256 = VERTEX_POINT ( 'NONE', #2189 ) ;
#3257 = DIRECTION ( 'NONE',  ( 8.673617379884035472E-16, 0.000000000000000000, 1.000000000000000000 ) ) ;
#3258 = EDGE_CURVE ( 'NONE', #1677, #2679, #1056, .T. ) ;
#3259 = ADVANCED_FACE ( 'NONE', ( #1449, #3936 ), #2887, .T. ) ;
#3260 = ITEM_DEFINED_TRANSFORMATION ( 'NONE', 'NONE', #1604,  #254 ) ;
#3261 = VERTEX_POINT ( 'NONE', #1723 ) ;
#3262 = CARTESIAN_POINT ( 'NONE',  ( 1.347111479062088503E-16, -5.000000000000000000, -1.100000000000000089 ) ) ;
#3263 = CARTESIAN_POINT ( 'NONE',  ( 0.000000000000000000, 0.000000000000000000, 29.00000000000000355 ) ) ;
#3264 = VERTEX_POINT ( 'NONE', #3214 ) ;
#3265 = CARTESIAN_POINT ( 'NONE',  ( 0.6500000000000000222, -1.501997685802621607, 34.82651745595467929 ) ) ;
#3266 = CARTESIAN_POINT ( 'NONE',  ( -0.6500000000000000222, 0.6859026638730170156, 33.08497086363783524 ) ) ;
#3267 = ORIENTED_EDGE ( 'NONE', *, *, #2791, .F. ) ;
#3268 = DIRECTION ( 'NONE',  ( 1.000000000000000000, -0.000000000000000000, 5.782411586589358625E-17 ) ) ;
#3269 = DIRECTION ( 'NONE',  ( -1.000000000000000000, -0.000000000000000000, -0.000000000000000000 ) ) ;
#3270 = CARTESIAN_POINT ( 'NONE',  ( -0.6499999999999999112, 0.1688890384954827850, 34.19928136739102342 ) ) ;
#3271 = CARTESIAN_POINT ( 'NONE',  ( -2.500000000000000888, 0.000000000000000000, -4.000000000000000000 ) ) ;
#3272 = CARTESIAN_POINT ( 'NONE',  ( -14.46500000000000519, 8.000000000000000000, -9.099999999999997868 ) ) ;
#3273 = CARTESIAN_POINT ( 'NONE',  ( 0.6499999999999999112, -0.8849775387184225517, 34.07463589522474479 ) ) ;
#3274 = ORIENTED_EDGE ( 'NONE', *, *, #806, .F. ) ;
#3275 = CARTESIAN_POINT ( 'NONE',  ( -2.500000000000000000, 7.513408910614631786, 2.449489742783177881 ) ) ;
#3276 = EDGE_LOOP ( 'NONE', ( #2352, #2179, #3546, #1814 ) ) ;
#3277 = CARTESIAN_POINT ( 'NONE',  ( -9.465000000000008740, 8.000000000000000000, -38.00000000000000711 ) ) ;
#3278 = EDGE_CURVE ( 'NONE', #2281, #1040, #2765, .T. ) ;
#3279 = CIRCLE ( 'NONE', #1273, 8.099999999999999645 ) ;
#3280 = ORIENTED_EDGE ( 'NONE', *, *, #1716, .F. ) ;
#3281 = SURFACE_STYLE_USAGE ( .BOTH. , #788 ) ;
#3282 = CARTESIAN_POINT ( 'NONE',  ( 3.371412566894030238, 7.073007407257102308, -0.9713234188162848115 ) ) ;
#3283 = ORIENTED_EDGE ( 'NONE', *, *, #528, .T. ) ;
#3284 = CIRCLE ( 'NONE', #1274, 4.000000000000000888 ) ;
#3285 = ORIENTED_EDGE ( 'NONE', *, *, #2512, .F. ) ;
#3286 = DIRECTION ( 'NONE',  ( 0.000000000000000000, 0.000000000000000000, 1.000000000000000000 ) ) ;
#3287 = ADVANCED_FACE ( 'NONE', ( #3244 ), #17, .F. ) ;
#3288 = EDGE_CURVE ( 'NONE', #3381, #3103, #2846, .T. ) ;
#3289 = CARTESIAN_POINT ( 'NONE',  ( -0.6500000000000000222, 0.5819080843976162098, 33.93816449873333596 ) ) ;
#3290 = DIRECTION ( 'NONE',  ( 0.000000000000000000, 0.000000000000000000, 1.000000000000000000 ) ) ;
#3291 = DIRECTION ( 'NONE',  ( -0.000000000000000000, 1.000000000000000000, -0.000000000000000000 ) ) ;
#3292 = CARTESIAN_POINT ( 'NONE',  ( 9.465000000000003411, 3.000000000000000000, -19.09999999999999787 ) ) ;
#3293 = CARTESIAN_POINT ( 'NONE',  ( 0.6499999999999999112, 0.3091872655363865907, 31.78000000000000469 ) ) ;
#3294 = VECTOR ( 'NONE', #244, 1000.000000000000000 ) ;
#3295 = CARTESIAN_POINT ( 'NONE',  ( 9.465000000000003411, 8.000000000000000000, -19.09999999999999787 ) ) ;
#3296 = AXIS2_PLACEMENT_3D ( 'NONE', #4016, #1075, #1417 ) ;
#3297 = CARTESIAN_POINT ( 'NONE',  ( -0.6500000000000000222, -0.9908127344636129541, 31.78000000000000114 ) ) ;
#3298 = CARTESIAN_POINT ( 'NONE',  ( 3.500000000000002665, 8.176081362578118572, 6.431564759220681715 ) ) ;
#3299 = AXIS2_PLACEMENT_3D ( 'NONE', #1386, #2500, #3230 ) ;
#3300 = ORIENTED_EDGE ( 'NONE', *, *, #3483, .F. ) ;
#3301 = AXIS2_PLACEMENT_3D ( 'NONE', #2347, #2035, #1990 ) ;
#3302 = VECTOR ( 'NONE', #816, 1000.000000000000000 ) ;
#3303 = DIRECTION ( 'NONE',  ( -4.265713465516739209E-16, 0.000000000000000000, -1.000000000000000000 ) ) ;
#3304 = DIRECTION ( 'NONE',  ( 0.000000000000000000, 0.000000000000000000, 1.000000000000000000 ) ) ;
#3305 = LINE ( 'NONE', #3709, #849 ) ;
#3306 = VECTOR ( 'NONE', #1608, 1000.000000000000000 ) ;
#3307 =( GEOMETRIC_REPRESENTATION_CONTEXT ( 3 ) GLOBAL_UNCERTAINTY_ASSIGNED_CONTEXT ( ( #3125 ) ) GLOBAL_UNIT_ASSIGNED_CONTEXT ( ( #562, #1618, #3400 ) ) REPRESENTATION_CONTEXT ( 'NONE', 'WORKASPACE' ) );
#3308 = EDGE_LOOP ( 'NONE', ( #497, #1740, #4430, #4536 ) ) ;
#3309 = LINE ( 'NONE', #4446, #3815 ) ;
#3310 = CARTESIAN_POINT ( 'NONE',  ( -9.465000000000008740, 5.499999999999999112, -41.49999999999999289 ) ) ;
#3311 = ORIENTED_EDGE ( 'NONE', *, *, #3057, .F. ) ;
#3312 = CARTESIAN_POINT ( 'NONE',  ( 0.000000000000000000, 0.000000000000000000, 31.78000000000000114 ) ) ;
#3313 = CARTESIAN_POINT ( 'NONE',  ( 4.462982891106105576, 8.403232734519765046, -3.900840576643708868 ) ) ;
#3314 = CYLINDRICAL_SURFACE ( 'NONE', #28, 1.000000000000000888 ) ;
#3315 = CARTESIAN_POINT ( 'NONE',  ( -9.465000000000005187, 8.000000000000000000, -14.10000000000000142 ) ) ;
#3316 = DIRECTION ( 'NONE',  ( -1.000000000000000000, -0.000000000000000000, -0.000000000000000000 ) ) ;
#3317 = EDGE_CURVE ( 'NONE', #3484, #2914, #696, .T. ) ;
#3318 = CARTESIAN_POINT ( 'NONE',  ( 0.6500000000000000222, -2.697205080273842981, 36.22684216904888643 ) ) ;
#3319 = ORIENTED_EDGE ( 'NONE', *, *, #2797, .T. ) ;
#3320 = EDGE_CURVE ( 'NONE', #863, #190, #2626, .T. ) ;
#3321 = CARTESIAN_POINT ( 'NONE',  ( 0.6500000000000000222, -2.312900424511113773, 35.79729224967505274 ) ) ;
#3322 = DIRECTION ( 'NONE',  ( -1.000000000000000000, -0.000000000000000000, 4.336808689942018229E-16 ) ) ;
#3323 = CYLINDRICAL_SURFACE ( 'NONE', #533, 1.600000000000001643 ) ;
#3324 = CARTESIAN_POINT ( 'NONE',  ( 0.6500000000000000222, -0.6220872213875416890, 35.79729224967505274 ) ) ;
#3325 = VERTEX_POINT ( 'NONE', #2491 ) ;
#3326 = PLANE ( 'NONE',  #913 ) ;
#3327 = DIRECTION ( 'NONE',  ( 0.000000000000000000, -1.000000000000000000, 0.000000000000000000 ) ) ;
#3328 = CARTESIAN_POINT ( 'NONE',  ( -0.6500000000000000222, -1.500001004271340976, 36.83445846704794491 ) ) ;
#3329 = ORIENTED_EDGE ( 'NONE', *, *, #3575, .T. ) ;
#3330 = DIRECTION ( 'NONE',  ( 0.000000000000000000, 1.000000000000000000, 0.000000000000000000 ) ) ;
#3331 = DIRECTION ( 'NONE',  ( 0.000000000000000000, 1.000000000000000000, 0.000000000000000000 ) ) ;
#3332 = ORIENTED_EDGE ( 'NONE', *, *, #1549, .T. ) ;
#3333 = ORIENTED_EDGE ( 'NONE', *, *, #326, .T. ) ;
#3334 = CARTESIAN_POINT ( 'NONE',  ( -14.46500000000000696, 8.000000000000000000, -33.00000000000001421 ) ) ;
#3335 = CARTESIAN_POINT ( 'NONE',  ( 3.500000000000000000, 13.10000000000000142, -1.517883041479706208E-15 ) ) ;
#3336 = CYLINDRICAL_SURFACE ( 'NONE', #3822, 3.100000000000000533 ) ;
#3337 = CARTESIAN_POINT ( 'NONE',  ( -0.6500000000000000222, -2.308015080102792993, 33.03150561220349601 ) ) ;
#3338 = ORIENTED_EDGE ( 'NONE', *, *, #4306, .F. ) ;
#3339 = EDGE_CURVE ( 'NONE', #517, #2555, #3520, .T. ) ;
#3340 = CARTESIAN_POINT ( 'NONE',  ( 2.500000000000001776, 7.571286292197372703, 2.577464788732393597 ) ) ;
#3341 = CARTESIAN_POINT ( 'NONE',  ( 0.6499999999999999112, 2.000000468659958841, 31.78000000000000469 ) ) ;
#3342 = DIRECTION ( 'NONE',  ( 1.000000000000000000, 0.000000000000000000, 3.469446951953611724E-16 ) ) ;
#3343 = CARTESIAN_POINT ( 'NONE',  ( 0.6499999999999999112, -1.996251185526779937, 35.38357396385173814 ) ) ;
#3344 = ORIENTED_EDGE ( 'NONE', *, *, #2178, .F. ) ;
#3345 = EDGE_CURVE ( 'NONE', #2603, #3368, #1510, .T. ) ;
#3346 = EDGE_CURVE ( 'NONE', #1023, #1791, #761, .T. ) ;
#3347 = DIRECTION ( 'NONE',  ( 0.000000000000000000, 1.000000000000000000, 0.000000000000000000 ) ) ;
#3348 = DIRECTION ( 'NONE',  ( -0.000000000000000000, 1.000000000000000000, 0.000000000000000000 ) ) ;
#3349 = DIRECTION ( 'NONE',  ( -0.000000000000000000, -1.000000000000000000, -0.000000000000000000 ) ) ;
#3350 = PRODUCT_DEFINITION_FORMATION_WITH_SPECIFIED_SOURCE ( 'ä»', '', #1304, .NOT_KNOWN. ) ;
#3351 = ORIENTED_EDGE ( 'NONE', *, *, #128, .T. ) ;
#3352 = DIRECTION ( 'NONE',  ( 2.398511546459462900E-16, 0.000000000000000000, -1.000000000000000000 ) ) ;
#3353 = EDGE_LOOP ( 'NONE', ( #1714, #1569, #3285, #4445 ) ) ;
#3354 = CARTESIAN_POINT ( 'NONE',  ( 0.6500000000000000222, -1.004910539250555068, 33.08497086363783524 ) ) ;
#3355 = AXIS2_PLACEMENT_3D ( 'NONE', #4244, #410, #1458 ) ;
#3356 = ORIENTED_EDGE ( 'NONE', *, *, #4368, .T. ) ;
#3357 = CARTESIAN_POINT ( 'NONE',  ( 12.46499999999999808, 5.500000000000000000, -11.59999999999999787 ) ) ;
#3358 = CARTESIAN_POINT ( 'NONE',  ( 2.636705635539537074, 7.571286292197373591, 2.577464788732393597 ) ) ;
#3359 = EDGE_CURVE ( 'NONE', #1305, #392, #91, .T. ) ;
#3360 = CIRCLE ( 'NONE', #3881, 4.000000000000000000 ) ;
#3361 = ORIENTED_EDGE ( 'NONE', *, *, #4282, .F. ) ;
#3362 = AXIS2_PLACEMENT_3D ( 'NONE', #3738, #872, #1622 ) ;
#3363 = FACE_BOUND ( 'NONE', #2204, .T. ) ;
#3364 = CARTESIAN_POINT ( 'NONE',  ( -0.6499999999999999112, 1.262608573360325392, 35.57839901668460669 ) ) ;
#3365 = CARTESIAN_POINT ( 'NONE',  ( -0.6500000000000000222, -0.9908127314164038024, 32.54064752519589376 ) ) ;
#3366 = CARTESIAN_POINT ( 'NONE',  ( 3.499999999999997780, 8.059166735548576099, -5.000000000000000000 ) ) ;
#3367 = VECTOR ( 'NONE', #2410, 1000.000000000000000 ) ;
#3368 = VERTEX_POINT ( 'NONE', #1539 ) ;
#3369 = MECHANICAL_DESIGN_GEOMETRIC_PRESENTATION_REPRESENTATION (  '', ( #1212 ), #1732 ) ;
#3370 = CIRCLE ( 'NONE', #1593, 4.000000000000000000 ) ;
#3371 = CARTESIAN_POINT ( 'NONE',  ( 0.000000000000000000, 2.500000000000000000, -33.79999999999999716 ) ) ;
#3372 = FACE_OUTER_BOUND ( 'NONE', #154, .T. ) ;
#3373 = CARTESIAN_POINT ( 'NONE',  ( 4.500000000000000888, 13.10000000000000142, -1.951563910473907981E-15 ) ) ;
#3374 = EDGE_CURVE ( 'NONE', #45, #4398, #2631, .T. ) ;
#3375 = PRESENTATION_LAYER_ASSIGNMENT (  '', '', ( #3150 ) ) ;
#3376 = CIRCLE ( 'NONE', #613, 0.6500000000000000222 ) ;
#3377 = ADVANCED_FACE ( 'NONE', ( #141 ), #1487, .F. ) ;
#3378 = VECTOR ( 'NONE', #1401, 1000.000000000000000 ) ;
#3379 = VERTEX_POINT ( 'NONE', #1591 ) ;
#3380 = CIRCLE ( 'NONE', #4189, 0.6500000000000000222 ) ;
#3381 = VERTEX_POINT ( 'NONE', #2257 ) ;
#3382 =( NAMED_UNIT ( * ) PLANE_ANGLE_UNIT ( ) SI_UNIT ( $, .RADIAN. ) );
#3383 = ORIENTED_EDGE ( 'NONE', *, *, #2507, .T. ) ;
#3384 = DIRECTION ( 'NONE',  ( 0.000000000000000000, 0.000000000000000000, -1.000000000000000000 ) ) ;
#3385 = ORIENTED_EDGE ( 'NONE', *, *, #1687, .F. ) ;
#3386 = FACE_OUTER_BOUND ( 'NONE', #1163, .T. ) ;
#3387 = ORIENTED_EDGE ( 'NONE', *, *, #3776, .F. ) ;
#3388 = CARTESIAN_POINT ( 'NONE',  ( 3.088434390393403284, 8.400272679043929713, 3.916035328383640657 ) ) ;
#3389 = CARTESIAN_POINT ( 'NONE',  ( 0.6500000000000000222, 0.6859026638730170156, 33.08497086363783524 ) ) ;
#3390 = DIRECTION ( 'NONE',  ( -0.000000000000000000, -1.000000000000000000, -0.000000000000000000 ) ) ;
#3391 = CARTESIAN_POINT ( 'NONE',  ( -9.465000000000008740, 3.000000000000000000, -38.00000000000000711 ) ) ;
#3392 = ORIENTED_EDGE ( 'NONE', *, *, #87, .T. ) ;
#3393 = DIRECTION ( 'NONE',  ( 1.000000000000000000, -3.398813180103719256E-16, -1.734723475976808080E-16 ) ) ;
#3394 = CARTESIAN_POINT ( 'NONE',  ( -9.999999999999996447, 2.500000000000000000, -5.099999999999996980 ) ) ;
#3395 = LINE ( 'NONE', #3795, #3755 ) ;
#3396 = EDGE_CURVE ( 'NONE', #3997, #3081, #2697, .T. ) ;
#3397 = ORIENTED_EDGE ( 'NONE', *, *, #2919, .F. ) ;
#3398 = CARTESIAN_POINT ( 'NONE',  ( -9.999999999999996447, 0.000000000000000000, -5.099999999999996980 ) ) ;
#3399 = EDGE_CURVE ( 'NONE', #1232, #1000, #3011, .T. ) ;
#3400 =( NAMED_UNIT ( * ) SI_UNIT ( $, .STERADIAN. ) SOLID_ANGLE_UNIT ( ) );
#3401 = ORIENTED_EDGE ( 'NONE', *, *, #1778, .T. ) ;
#3402 = ADVANCED_FACE ( 'NONE', ( #516 ), #3640, .F. ) ;
#3403 = DIRECTION ( 'NONE',  ( 1.000000000000000000, 0.000000000000000000, -0.000000000000000000 ) ) ;
#3404 = ORIENTED_EDGE ( 'NONE', *, *, #4455, .T. ) ;
#3405 = LINE ( 'NONE', #209, #4406 ) ;
#3406 = ORIENTED_EDGE ( 'NONE', *, *, #269, .F. ) ;
#3407 = CARTESIAN_POINT ( 'NONE',  ( 4.312077276148492011, 8.126550348631832676, 3.540405530388693212 ) ) ;
#3408 = CARTESIAN_POINT ( 'NONE',  ( 0.6499999999999999112, -1.029718177085757080, 34.27242137285491452 ) ) ;
#3409 = LINE ( 'NONE', #1376, #977 ) ;
#3410 = CARTESIAN_POINT ( 'NONE',  ( 0.6500000000000000222, -1.715296716262420640, 35.09712984753234366 ) ) ;
#3411 = ORIENTED_EDGE ( 'NONE', *, *, #4535, .F. ) ;
#3412 = DIRECTION ( 'NONE',  ( -1.000000000000000000, 0.000000000000000000, -0.000000000000000000 ) ) ;
#3413 = DIRECTION ( 'NONE',  ( 0.000000000000000000, 0.000000000000000000, 1.000000000000000000 ) ) ;
#3414 = DIRECTION ( 'NONE',  ( 1.000000000000000000, 0.000000000000000000, -0.000000000000000000 ) ) ;
#3415 = EDGE_LOOP ( 'NONE', ( #881, #2482, #261, #1794 ) ) ;
#3416 = DIRECTION ( 'NONE',  ( 1.000000000000000000, 0.000000000000000000, 3.469446951953611724E-16 ) ) ;
#3417 = EDGE_CURVE ( 'NONE', #3890, #1224, #1950, .T. ) ;
#3418 =( NAMED_UNIT ( * ) PLANE_ANGLE_UNIT ( ) SI_UNIT ( $, .RADIAN. ) );
#3419 = VERTEX_POINT ( 'NONE', #493 ) ;
#3420 = CARTESIAN_POINT ( 'NONE',  ( 0.000000000000000000, -3.190814207394912838, 36.83445846704794491 ) ) ;
#3421 = EDGE_LOOP ( 'NONE', ( #441, #924, #3218, #1045 ) ) ;
#3422 = DIRECTION ( 'NONE',  ( 1.000000000000000000, 0.000000000000000000, -4.336808689942017736E-16 ) ) ;
#3424 = ORIENTED_EDGE ( 'NONE', *, *, #3637, .F. ) ;
#3423 = EDGE_CURVE ( 'NONE', #1000, #352, #841, .T. ) ;
#3425 = VECTOR ( 'NONE', #1441, 1000.000000000000000 ) ;
#3426 = EDGE_CURVE ( 'NONE', #115, #1590, #2906, .T. ) ;
#3427 = EDGE_LOOP ( 'NONE', ( #345, #3578, #1039, #939 ) ) ;
#3428 = FACE_OUTER_BOUND ( 'NONE', #3308, .T. ) ;
#3429 = AXIS2_PLACEMENT_3D ( 'NONE', #1648, #662, #1387 ) ;
#3430 = CARTESIAN_POINT ( 'NONE',  ( 0.6499999999999999112, -1.996251185526779937, 35.38357396385173814 ) ) ;
#3431 = DIRECTION ( 'NONE',  ( -1.000000000000000000, -0.000000000000000000, -0.000000000000000000 ) ) ;
#3432 = ORIENTED_EDGE ( 'NONE', *, *, #4337, .T. ) ;
#3433 = AXIS2_PLACEMENT_3D ( 'NONE', #1910, #3331, #142 ) ;
#3434 = LINE ( 'NONE', #2733, #1434 ) ;
#3435 = FACE_OUTER_BOUND ( 'NONE', #3716, .T. ) ;
#3436 = CARTESIAN_POINT ( 'NONE',  ( 3.796405077356794918E-16, 2.799999999999999822, -3.100000000000000089 ) ) ;
#3437 = CIRCLE ( 'NONE', #3216, 3.500000000000000000 ) ;
#3438 = CIRCLE ( 'NONE', #1144, 8.099999999999999645 ) ;
#3439 = VECTOR ( 'NONE', #2717, 1000.000000000000000 ) ;
#3440 = EDGE_LOOP ( 'NONE', ( #2493, #3254, #1270, #2867, #1137 ) ) ;
#3441 = FACE_OUTER_BOUND ( 'NONE', #2653, .T. ) ;
#3442 = AXIS2_PLACEMENT_3D ( 'NONE', #2961, #4374, #1843 ) ;
#3443 = PRESENTATION_LAYER_ASSIGNMENT (  '', '', ( #92 ) ) ;
#3444 = SHAPE_REPRESENTATION_RELATIONSHIP ( 'NONE' , 'NONE' ,  #297, #1725 ) ;
#3445 = CIRCLE ( 'NONE', #1443, 1.000000000000000888 ) ;
#3446 = AXIS2_PLACEMENT_3D ( 'NONE', #3904, #2780, #1710 ) ;
#3447 = VERTEX_POINT ( 'NONE', #4078 ) ;
#3448 = FACE_OUTER_BOUND ( 'NONE', #2522, .T. ) ;
#3449 = VERTEX_POINT ( 'NONE', #1514 ) ;
#3450 = DIRECTION ( 'NONE',  ( 1.000000000000000000, 0.000000000000000000, 0.000000000000000000 ) ) ;
#3451 = VERTEX_POINT ( 'NONE', #1563 ) ;
#3452 = AXIS2_PLACEMENT_3D ( 'NONE', #3080, #2332, #3403 ) ;
#3453 = AXIS2_PLACEMENT_3D ( 'NONE', #970, #368, #735 ) ;
#3454 = CARTESIAN_POINT ( 'NONE',  ( 3.149604828890549602, 8.437914616193451067, -3.953462520060659457 ) ) ;
#3455 = CARTESIAN_POINT ( 'NONE',  ( -0.6499999999999999112, 2.000000468659958841, 31.78000000000000469 ) ) ;
#3456 = CARTESIAN_POINT ( 'NONE',  ( 2.038270758063812416, 7.660884606171857847, -2.853592113741072023 ) ) ;
#3457 = ADVANCED_FACE ( 'NONE', ( #442 ), #833, .F. ) ;
#3458 = APPLICATION_CONTEXT ( 'automotive_design' ) ;
#3459 = CARTESIAN_POINT ( 'NONE',  ( -9.999999999999996447, 0.000000000000000000, -5.099999999999996980 ) ) ;
#3460 = FACE_OUTER_BOUND ( 'NONE', #717, .T. ) ;
#3461 = LINE ( 'NONE', #2411, #380 ) ;
#3462 = CYLINDRICAL_SURFACE ( 'NONE', #1889, 2.000000000000000000 ) ;
#3463 = EDGE_LOOP ( 'NONE', ( #539, #4028, #3914, #2361 ) ) ;
#3464 = EDGE_LOOP ( 'NONE', ( #2955, #3246, #3866, #1646 ) ) ;
#3465 =( NAMED_UNIT ( * ) SI_UNIT ( $, .STERADIAN. ) SOLID_ANGLE_UNIT ( ) );
#3466 =( BOUNDED_CURVE ( )  B_SPLINE_CURVE ( 3, ( #2610, #4035, #449, #774 ),
 .UNSPECIFIED., .F., .F. ) 
 B_SPLINE_CURVE_WITH_KNOTS ( ( 4, 4 ),
 ( 4.712388980384689674, 5.365790998395674194 ),
 .UNSPECIFIED. ) 
 CURVE ( )  GEOMETRIC_REPRESENTATION_ITEM ( )  RATIONAL_B_SPLINE_CURVE ( ( 1.000000000000000000, 0.9647374723836673605, 0.9647374723836673605, 1.000000000000000000 ) ) 
 REPRESENTATION_ITEM ( '' )  );
#3467 = ORIENTED_EDGE ( 'NONE', *, *, #1095, .F. ) ;
#3468 = DIRECTION ( 'NONE',  ( -1.000000000000000000, 0.000000000000000000, 0.000000000000000000 ) ) ;
#3469 = ORIENTED_EDGE ( 'NONE', *, *, #1070, .F. ) ;
#3470 = CARTESIAN_POINT ( 'NONE',  ( 10.00000000000000355, 3.000000000000000000, -9.099999999999999645 ) ) ;
#3471 = EDGE_LOOP ( 'NONE', ( #3280, #1971, #3170, #2788 ) ) ;
#3472 = ORIENTED_EDGE ( 'NONE', *, *, #2226, .F. ) ;
#3473 = DIRECTION ( 'NONE',  ( -1.000000000000000000, -0.000000000000000000, -0.000000000000000000 ) ) ;
#3474 = CARTESIAN_POINT ( 'NONE',  ( 3.211975736164001560, 6.972790015234738625, -4.294549054698881818 ) ) ;
#3475 = LINE ( 'NONE', #2844, #3961 ) ;
#3476 = CARTESIAN_POINT ( 'NONE',  ( 0.000000000000000000, 2.800000000000000266, 3.500000000000000000 ) ) ;
#3477 = EDGE_CURVE ( 'NONE', #4418, #2084, #3597, .T. ) ;
#3478 = MANIFOLD_SOLID_BREP ( 'Í¹Ì¨-À', #2985 ) ;
#3479 = CARTESIAN_POINT ( 'NONE',  ( -0.6500000000000000222, -2.428730624380641245, 33.79356742541944669 ) ) ;
#3480 = DIRECTION ( 'NONE',  ( -0.000000000000000000, 1.000000000000000000, -0.000000000000000000 ) ) ;
#3481 = CARTESIAN_POINT ( 'NONE',  ( 30.41025971044413012, 8.176081362578115019, -6.431564759220695926 ) ) ;
#3482 = CARTESIAN_POINT ( 'NONE',  ( 8.000000000000000000, 0.000000000000000000, 1.400000000000000133 ) ) ;
#3483 = EDGE_CURVE ( 'NONE', #4398, #887, #3309, .T. ) ;
#3484 = VERTEX_POINT ( 'NONE', #60 ) ;
#3485 = APPLICATION_CONTEXT ( 'automotive_design' ) ;
#3486 = EDGE_CURVE ( 'NONE', #2019, #1023, #623, .T. ) ;
#3487 = ADVANCED_FACE ( 'NONE', ( #969 ), #2739, .F. ) ;
#3488 = MANIFOLD_SOLID_BREP ( 'É¨Ã', #4159 ) ;
#3489 = ORIENTED_EDGE ( 'NONE', *, *, #1269, .F. ) ;
#3490 = PRESENTATION_STYLE_ASSIGNMENT (( #1789 ) ) ;
#3491 = DIRECTION ( 'NONE',  ( -0.9999744845899389833, -2.766348643660972497E-17, 0.007143540374779535837 ) ) ;
#3492 = ORIENTED_EDGE ( 'NONE', *, *, #2168, .F. ) ;
#3493 = FACE_OUTER_BOUND ( 'NONE', #4577, .T. ) ;
#3494 = DIRECTION ( 'NONE',  ( -0.000000000000000000, -1.000000000000000000, -0.000000000000000000 ) ) ;
#3495 = ORIENTED_EDGE ( 'NONE', *, *, #1157, .F. ) ;
#3496 = PRODUCT_DEFINITION_CONTEXT ( 'detailed design', #2273, 'design' ) ;
#3497 = AXIS2_PLACEMENT_3D ( 'NONE', #3543, #3865, #1790 ) ;
#3498 = CARTESIAN_POINT ( 'NONE',  ( 9.465000000000005187, 5.500000000000000000, -17.60000000000000853 ) ) ;
#3499 = CARTESIAN_POINT ( 'NONE',  ( 3.500000000000002220, 8.059166735548576099, 4.999999999999999112 ) ) ;
#3500 = DIRECTION ( 'NONE',  ( 1.000000000000000000, 0.000000000000000000, -4.336808689942017736E-16 ) ) ;
#3501 = CARTESIAN_POINT ( 'NONE',  ( 0.6500000000000000222, -0.6220872213875416890, 35.79729224967505274 ) ) ;
#3502 = CLOSED_SHELL ( 'NONE', ( #2114, #198, #1805, #1492, #353, #1323 ) ) ;
#3503 = VECTOR ( 'NONE', #3134, 1000.000000000000000 ) ;
#3504 = CARTESIAN_POINT ( 'NONE',  ( 0.6499999999999999112, -0.4282046297632469689, 35.57839901668460669 ) ) ;
#3505 = DIRECTION ( 'NONE',  ( 0.000000000000000000, 0.000000000000000000, 1.000000000000000000 ) ) ;
#3506 = DIRECTION ( 'NONE',  ( 0.000000000000000000, 1.000000000000000000, 0.000000000000000000 ) ) ;
#3507 = CARTESIAN_POINT ( 'NONE',  ( 0.000000000000000000, 3.000000000000000000, 0.000000000000000000 ) ) ;
#3508 = DIRECTION ( 'NONE',  ( 0.000000000000000000, 1.000000000000000000, 0.000000000000000000 ) ) ;
#3509 = ORIENTED_EDGE ( 'NONE', *, *, #90, .T. ) ;
#3510 = CIRCLE ( 'NONE', #981, 1.000000000000000888 ) ;
#3511 = ORIENTED_EDGE ( 'NONE', *, *, #4453, .T. ) ;
#3512 = EDGE_CURVE ( 'NONE', #4126, #4359, #203, .T. ) ;
#3513 = CARTESIAN_POINT ( 'NONE',  ( -2.412902181079078723, 7.551987839162182858, -2.536069219605137093 ) ) ;
#3514 = EDGE_CURVE ( 'NONE', #2970, #754, #4494, .T. ) ;
#3515 = AXIS2_PLACEMENT_3D ( 'NONE', #2453, #2852, #2479 ) ;
#3516 = EDGE_CURVE ( 'NONE', #917, #2036, #536, .T. ) ;
#3517 = PRODUCT_CONTEXT ( 'NONE', #2828, 'mechanical' ) ;
#3518 = CIRCLE ( 'NONE', #1286, 1.000000000000000888 ) ;
#3519 = ORIENTED_EDGE ( 'NONE', *, *, #3014, .T. ) ;
#3520 = LINE ( 'NONE', #3915, #4553 ) ;
#3521 = VECTOR ( 'NONE', #655, 1000.000000000000000 ) ;
#3522 = DIRECTION ( 'NONE',  ( -1.000000000000000000, 0.000000000000000000, -2.001324082139926266E-16 ) ) ;
#3523 = ORIENTED_EDGE ( 'NONE', *, *, #2565, .T. ) ;
#3524 = AXIS2_PLACEMENT_3D ( 'NONE', #3812, #2301, #617 ) ;
#3525 = VECTOR ( 'NONE', #428, 1000.000000000000000 ) ;
#3526 = VERTEX_POINT ( 'NONE', #1276 ) ;
#3527 = CARTESIAN_POINT ( 'NONE',  ( -14.46500000000001052, 5.500000000000000000, -11.59999999999999964 ) ) ;
#3528 = CARTESIAN_POINT ( 'NONE',  ( 2.499999999999998224, 1.000000000000000000, -5.000000000000000888 ) ) ;
#3529 = DIRECTION ( 'NONE',  ( -1.000000000000000000, -0.000000000000000000, -0.000000000000000000 ) ) ;
#3530 = AXIS2_PLACEMENT_3D ( 'NONE', #3966, #3576, #4334 ) ;
#3531 = LINE ( 'NONE', #2073, #3378 ) ;
#3532 = ORIENTED_EDGE ( 'NONE', *, *, #778, .T. ) ;
#3533 = AXIS2_PLACEMENT_3D ( 'NONE', #646, #2833, #1745 ) ;
#3534 = CARTESIAN_POINT ( 'NONE',  ( -0.6499999999999999112, 0.03112689222482626847, 34.70050196407733978 ) ) ;
#3535 = PLANE ( 'NONE',  #3606 ) ;
#3536 = PRESENTATION_STYLE_ASSIGNMENT (( #2105 ) ) ;
#3537 = DIRECTION ( 'NONE',  ( 1.000000000000000000, 0.000000000000000000, -1.734723475976808080E-16 ) ) ;
#3538 = DIRECTION ( 'NONE',  ( -0.000000000000000000, 1.000000000000000000, -0.000000000000000000 ) ) ;
#3539 = ORIENTED_EDGE ( 'NONE', *, *, #1943, .F. ) ;
#3540 = PRODUCT_DEFINITION_SHAPE ( 'NONE', 'NONE',  #267 ) ;
#3541 = EDGE_LOOP ( 'NONE', ( #2707, #256, #4513, #1562 ) ) ;
#3542 = FACE_OUTER_BOUND ( 'NONE', #1655, .T. ) ;
#3543 = CARTESIAN_POINT ( 'NONE',  ( 0.000000000000000000, 0.000000000000000000, 0.000000000000000000 ) ) ;
#3544 = EDGE_CURVE ( 'NONE', #1350, #3164, #4486, .T. ) ;
#3545 = EDGE_CURVE ( 'NONE', #2905, #2000, #3518, .T. ) ;
#3546 = ORIENTED_EDGE ( 'NONE', *, *, #1891, .F. ) ;
#3547 = DIRECTION ( 'NONE',  ( 4.283267841918042495E-16, 0.000000000000000000, 1.000000000000000000 ) ) ;
#3548 = PLANE ( 'NONE',  #2532 ) ;
#3549 = ORIENTED_EDGE ( 'NONE', *, *, #3799, .T. ) ;
#3550 = EDGE_CURVE ( 'NONE', #2291, #699, #469, .T. ) ;
#3551 = EDGE_CURVE ( 'NONE', #3699, #2141, #3225, .T. ) ;
#3552 = PLANE ( 'NONE',  #2466 ) ;
#3553 = CARTESIAN_POINT ( 'NONE',  ( 3.285729457042224411, 7.073850163046546236, 4.378217020515293711 ) ) ;
#3554 = DIRECTION ( 'NONE',  ( -1.000000000000000000, -0.000000000000000000, -5.117178395211820690E-17 ) ) ;
#3555 = CARTESIAN_POINT ( 'NONE',  ( -0.6500000000000000222, -0.9908127314164038024, 32.54064752519589376 ) ) ;
#3556 = CARTESIAN_POINT ( 'NONE',  ( 4.000000000000000000, -2.500000000000000444, -6.399999999999999467 ) ) ;
#3557 = CARTESIAN_POINT ( 'NONE',  ( 0.000000000000000000, 1.800000000000000044, 0.000000000000000000 ) ) ;
#3558 = CARTESIAN_POINT ( 'NONE',  ( 3.499999999999999556, 6.664939782721529760, -4.000000000000000888 ) ) ;
#3559 = CARTESIAN_POINT ( 'NONE',  ( 4.000000000000000000, 0.9999999999999995559, -1.899999999999999023 ) ) ;
#3560 = ORIENTED_EDGE ( 'NONE', *, *, #2855, .T. ) ;
#3561 = LINE ( 'NONE', #391, #2468 ) ;
#3562 = VERTEX_POINT ( 'NONE', #1992 ) ;
#3563 = CARTESIAN_POINT ( 'NONE',  ( 10.00000000000000355, 2.500000000000000000, -5.099999999999999645 ) ) ;
#3564 = PRODUCT_CONTEXT ( 'NONE', #3485, 'mechanical' ) ;
#3565 = ORIENTED_EDGE ( 'NONE', *, *, #33, .T. ) ;
#3566 = DIRECTION ( 'NONE',  ( -0.000000000000000000, 1.000000000000000000, -0.000000000000000000 ) ) ;
#3567 = CARTESIAN_POINT ( 'NONE',  ( 0.000000000000000000, 8.000000000000000000, -33.79999999999999716 ) ) ;
#3568 = B_SPLINE_CURVE_WITH_KNOTS ( 'NONE', 3,
 ( #3937, #1165, #738, #2162, #4002, #3245, #3595, #62, #2602, #44, #3641, #3282, #1488, #3984, #1115, #3660, #790, #1863 ),
 .UNSPECIFIED., .F., .F.,
 ( 4, 2, 2, 2, 2, 2, 2, 2, 4 ),
 ( -0.002952569426940207520, -0.002214801314514496227, -0.001477033202088784284, -0.0007392650896630723403, -1.496977237360180152E-06, 0.0007362711351883524137, 0.001474039247614064574, 0.002211807360039777168, 0.002949575472465489762 ),
 .UNSPECIFIED. ) ;
#3569 = EDGE_CURVE ( 'NONE', #3451, #858, #3797, .T. ) ;
#3570 = EDGE_LOOP ( 'NONE', ( #2160, #4567, #4132, #2671 ) ) ;
#3571 = ADVANCED_BREP_SHAPE_REPRESENTATION ( '', ( #1935, #254 ), #3307 ) ;
#3572 = CARTESIAN_POINT ( 'NONE',  ( -2.500000000000001776, 1.000000000000000000, 4.000000000000000000 ) ) ;
#3573 = DIRECTION ( 'NONE',  ( -0.000000000000000000, 1.000000000000000000, -0.000000000000000000 ) ) ;
#3574 = DIRECTION ( 'NONE',  ( 5.117178395211820690E-17, 0.000000000000000000, -1.000000000000000000 ) ) ;
#3575 = EDGE_CURVE ( 'NONE', #1002, #3022, #1592, .T. ) ;
#3576 = DIRECTION ( 'NONE',  ( -0.000000000000000000, 0.000000000000000000, -1.000000000000000000 ) ) ;
#3577 = ADVANCED_FACE ( 'NONE', ( #3441 ), #4532, .F. ) ;
#3578 = ORIENTED_EDGE ( 'NONE', *, *, #1098, .T. ) ;
#3579 = CARTESIAN_POINT ( 'NONE',  ( -2.500000000000001332, 1.800000000000000044, 1.833030277982334200 ) ) ;
#3580 = VECTOR ( 'NONE', #3951, 1000.000000000000000 ) ;
#3581 = FACE_OUTER_BOUND ( 'NONE', #2578, .T. ) ;
#3582 = CARTESIAN_POINT ( 'NONE',  ( 7.499999999999994671, 0.000000000000000000, -4.000000000000001776 ) ) ;
#3583 = CARTESIAN_POINT ( 'NONE',  ( 0.000000000000000000, 2.799999999999999822, 3.100000000000000089 ) ) ;
#3584 = LINE ( 'NONE', #2079, #2261 ) ;
#3585 = ORIENTED_EDGE ( 'NONE', *, *, #2949, .T. ) ;
#3586 = AXIS2_PLACEMENT_3D ( 'NONE', #1057, #708, #1088 ) ;
#3587 = DIRECTION ( 'NONE',  ( -1.000000000000000000, -0.000000000000000000, 1.734723475976807094E-16 ) ) ;
#3588 = ORIENTED_EDGE ( 'NONE', *, *, #2349, .F. ) ;
#3589 = CARTESIAN_POINT ( 'NONE',  ( 7.499999999999996447, 5.000000000000000000, 3.999999999999998224 ) ) ;
#3590 = CIRCLE ( 'NONE', #2612, 3.100000000000000533 ) ;
#3591 = CARTESIAN_POINT ( 'NONE',  ( 8.337632819550325536, -29.35802106414908508, -29.52837112072829839 ) ) ;
#3592 = AXIS2_PLACEMENT_3D ( 'NONE', #767, #1844, #836 ) ;
#3593 = ORIENTED_EDGE ( 'NONE', *, *, #578, .F. ) ;
#3594 = DIRECTION ( 'NONE',  ( 1.000000000000000000, -0.000000000000000000, 2.001324082139926266E-16 ) ) ;
#3595 = CARTESIAN_POINT ( 'NONE',  ( 3.369606650239929113, 7.074019145571038614, 0.9773287369986181083 ) ) ;
#3596 = ORIENTED_EDGE ( 'NONE', *, *, #2335, .F. ) ;
#3597 = CIRCLE ( 'NONE', #3442, 1.400000000000000133 ) ;
#3598 = B_SPLINE_CURVE_WITH_KNOTS ( 'NONE', 3,
 ( #3614, #1329, #4499, #1109, #1699, #3826, #3104, #3930, #628, #4279, #3123, #732 ),
 .UNSPECIFIED., .F., .F.,
 ( 4, 2, 2, 2, 2, 4 ),
 ( 0.000000000000000000, 0.0005492776038288089274, 0.001098555207657617855, 0.001647832811486426782, 0.001922471613400831246, 0.002197110415315235710 ),
 .UNSPECIFIED. ) ;
#3599 = AXIS2_PLACEMENT_3D ( 'NONE', #2485, #3347, #1878 ) ;
#3600 = DIRECTION ( 'NONE',  ( 1.000000000000000000, 0.000000000000000000, -4.336808689942018229E-16 ) ) ;
#3601 = CARTESIAN_POINT ( 'NONE',  ( 2.166969722017663802, 0.9999999999999995559, -7.500000000000000000 ) ) ;
#3602 = CARTESIAN_POINT ( 'NONE',  ( -14.46500000000000341, 8.000000000000000000, -19.09999999999999787 ) ) ;
#3603 = CARTESIAN_POINT ( 'NONE',  ( 0.6499999999999999112, -2.181801706382234141, 37.65414973380643460 ) ) ;
#3604 = AXIS2_PLACEMENT_3D ( 'NONE', #3754, #2735, #4118 ) ;
#3605 = EDGE_CURVE ( 'NONE', #2302, #86, #3632, .T. ) ;
#3606 = AXIS2_PLACEMENT_3D ( 'NONE', #1364, #1689, #2380 ) ;
#3607 = LINE ( 'NONE', #4340, #4492 ) ;
#3608 = ADVANCED_FACE ( 'NONE', ( #2761 ), #4228, .F. ) ;
#3609 =( LENGTH_UNIT ( ) NAMED_UNIT ( * ) SI_UNIT ( .MILLI., .METRE. ) );
#3610 = CYLINDRICAL_SURFACE ( 'NONE', #3355, 3.000000000000000444 ) ;
#3611 = CARTESIAN_POINT ( 'NONE',  ( 0.6499999999999999112, 0.3502795459036045500, 36.66050930035861910 ) ) ;
#3612 = ORIENTED_EDGE ( 'NONE', *, *, #4337, .F. ) ;
#3613 = VECTOR ( 'NONE', #2213, 1000.000000000000000 ) ;
#3614 = CARTESIAN_POINT ( 'NONE',  ( 3.499999999999997780, 8.059166735548576099, -5.000000000000000000 ) ) ;
#3615 = ORIENTED_EDGE ( 'NONE', *, *, #1403, .T. ) ;
#3616 = DIRECTION ( 'NONE',  ( -0.000000000000000000, -1.000000000000000000, -0.000000000000000000 ) ) ;
#3617 = ORIENTED_EDGE ( 'NONE', *, *, #3791, .T. ) ;
#3618 = CARTESIAN_POINT ( 'NONE',  ( 0.000000000000000000, 3.000000000000000000, 0.000000000000000000 ) ) ;
#3619 = DIRECTION ( 'NONE',  ( 0.000000000000000000, 0.000000000000000000, 1.000000000000000000 ) ) ;
#3620 = ORIENTED_EDGE ( 'NONE', *, *, #2087, .T. ) ;
#3621 = CARTESIAN_POINT ( 'NONE',  ( 0.6499999999999999112, -4.199826708407588427, 36.01476720028945522 ) ) ;
#3622 = DIRECTION ( 'NONE',  ( 1.000000000000000000, -0.000000000000000000, 5.782411586589358625E-17 ) ) ;
#3623 = LINE ( 'NONE', #2892, #3138 ) ;
#3624 = CARTESIAN_POINT ( 'NONE',  ( 14.46500000000000341, -29.35889814008693932, -47.99999999999999289 ) ) ;
#3625 = CARTESIAN_POINT ( 'NONE',  ( 0.6500000000000000222, -1.501997685802621607, 34.82651745595467929 ) ) ;
#3626 = MANIFOLD_SOLID_BREP ( 'Í¹Ì¨-À', #3502 ) ;
#3627 = CARTESIAN_POINT ( 'NONE',  ( 0.6499999999999999112, -2.575790741841994524, 34.07463589522474479 ) ) ;
#3628 = CARTESIAN_POINT ( 'NONE',  ( 7.499999999999996447, 13.10000000000000142, -3.252606517456511724E-15 ) ) ;
#3629 = CARTESIAN_POINT ( 'NONE',  ( 0.6499999999999999112, -0.6172018769792222415, 33.03150561220349601 ) ) ;
#3630 = EDGE_CURVE ( 'NONE', #1700, #4418, #1413, .T. ) ;
#3631 = VERTEX_POINT ( 'NONE', #2831 ) ;
#3632 = B_SPLINE_CURVE_WITH_KNOTS ( 'NONE', 3,
 ( #4185, #3513, #1464, #3844 ),
 .UNSPECIFIED., .F., .F.,
 ( 4, 4 ),
 ( 0.008246383007202675447, 0.008436958874436900971 ),
 .UNSPECIFIED. ) ;
#3633 = DIRECTION ( 'NONE',  ( 0.000000000000000000, 0.000000000000000000, 1.000000000000000000 ) ) ;
#3634 = ORIENTED_EDGE ( 'NONE', *, *, #413, .F. ) ;
#3635 = CYLINDRICAL_SURFACE ( 'NONE', #4047, 5.974999999999999645 ) ;
#3636 = EDGE_CURVE ( 'NONE', #3233, #2608, #2025, .T. ) ;
#3637 = EDGE_CURVE ( 'NONE', #4403, #88, #689, .T. ) ;
#3638 = APPLICATION_PROTOCOL_DEFINITION ( 'draft international standard', 'automotive_design', 1998, #3792 ) ;
#3639 = ORIENTED_EDGE ( 'NONE', *, *, #266, .F. ) ;
#3640 = PLANE ( 'NONE',  #3143 ) ;
#3641 = CARTESIAN_POINT ( 'NONE',  ( 3.473779914873172281, 7.015152926018349611, -0.4926915700270184106 ) ) ;
#3642 = VERTEX_POINT ( 'NONE', #2135 ) ;
#3643 = DIRECTION ( 'NONE',  ( -1.000000000000000000, -3.398813180103728131E-16, 1.734723475976807094E-16 ) ) ;
#3644 = CARTESIAN_POINT ( 'NONE',  ( 2.499999999999998224, 7.571286292197370926, -2.577464788732388712 ) ) ;
#3645 = DIRECTION ( 'NONE',  ( -0.000000000000000000, -0.000000000000000000, 1.000000000000000000 ) ) ;
#3646 = DIRECTION ( 'NONE',  ( -0.000000000000000000, -1.000000000000000000, -0.000000000000000000 ) ) ;
#3647 = CARTESIAN_POINT ( 'NONE',  ( -9.465000000000005187, 5.500000000000000000, -11.59999999999999964 ) ) ;
#3648 = DIRECTION ( 'NONE',  ( 0.000000000000000000, 1.000000000000000000, 0.000000000000000000 ) ) ;
#3649 = CARTESIAN_POINT ( 'NONE',  ( -0.6500000000000000222, -2.312900424511113773, 35.79729224967505274 ) ) ;
#3650 = CARTESIAN_POINT ( 'NONE',  ( -0.6499999999999999112, 2.000000468659958841, 31.78000000000000469 ) ) ;
#3651 = ORIENTED_EDGE ( 'NONE', *, *, #4333, .T. ) ;
#3652 = FACE_OUTER_BOUND ( 'NONE', #4400, .T. ) ;
#3653 = CARTESIAN_POINT ( 'NONE',  ( 30.41025971044413723, 13.10000000000000142, 6.099999999999986322 ) ) ;
#3654 = DIRECTION ( 'NONE',  ( 0.000000000000000000, 0.000000000000000000, 1.000000000000000000 ) ) ;
#3655 = ADVANCED_FACE ( 'NONE', ( #3542 ), #3932, .F. ) ;
#3656 = AXIS2_PLACEMENT_3D ( 'NONE', #3840, #2755, #2078 ) ;
#3657 = ORIENTED_EDGE ( 'NONE', *, *, #3701, .T. ) ;
#3658 = ORIENTED_EDGE ( 'NONE', *, *, #1, .T. ) ;
#3659 = EDGE_CURVE ( 'NONE', #1598, #866, #4263, .T. ) ;
#3660 = CARTESIAN_POINT ( 'NONE',  ( 2.697848256339551387, 7.423417542052068718, -2.242483854182122816 ) ) ;
#3661 = ORIENTED_EDGE ( 'NONE', *, *, #2659, .T. ) ;
#3662 = DIRECTION ( 'NONE',  ( -0.000000000000000000, -0.000000000000000000, -1.000000000000000000 ) ) ;
#3663 = CARTESIAN_POINT ( 'NONE',  ( 3.500000000000000000, 13.10000000000000142, -1.517883041479706208E-15 ) ) ;
#3664 = DIRECTION ( 'NONE',  ( -1.000000000000000000, 0.000000000000000000, 4.336808689942017736E-16 ) ) ;
#3665 = CYLINDRICAL_SURFACE ( 'NONE', #4251, 4.000000000000000888 ) ;
#3666 = FACE_OUTER_BOUND ( 'NONE', #3243, .T. ) ;
#3667 = FACE_OUTER_BOUND ( 'NONE', #3421, .T. ) ;
#3668 = ORIENTED_EDGE ( 'NONE', *, *, #1179, .T. ) ;
#3669 = AXIS2_PLACEMENT_3D ( 'NONE', #2464, #3566, #1822 ) ;
#3670 = AXIS2_PLACEMENT_3D ( 'NONE', #1988, #3412, #1647 ) ;
#3671 = CARTESIAN_POINT ( 'NONE',  ( 0.6500000000000000222, -1.715296716262420640, 35.09712984753234366 ) ) ;
#3672 = DIRECTION ( 'NONE',  ( -0.000000000000000000, -1.000000000000000000, -0.000000000000000000 ) ) ;
#3673 = VECTOR ( 'NONE', #84, 1000.000000000000000 ) ;
#3674 = DIRECTION ( 'NONE',  ( -0.000000000000000000, -1.000000000000000000, -0.000000000000000000 ) ) ;
#3675 = CARTESIAN_POINT ( 'NONE',  ( 0.6500000000000000222, -0.02448351313884858035, 35.09712984753234366 ) ) ;
#3676 =( GEOMETRIC_REPRESENTATION_CONTEXT ( 3 ) GLOBAL_UNCERTAINTY_ASSIGNED_CONTEXT ( ( #1682 ) ) GLOBAL_UNIT_ASSIGNED_CONTEXT ( ( #3839, #4548, #4275 ) ) REPRESENTATION_CONTEXT ( 'NONE', 'WORKASPACE' ) );
#3677 = ORIENTED_EDGE ( 'NONE', *, *, #3417, .F. ) ;
#3678 = VECTOR ( 'NONE', #1391, 1000.000000000000000 ) ;
#3679 = AXIS2_PLACEMENT_3D ( 'NONE', #4383, #3646, #3965 ) ;
#3680 = CARTESIAN_POINT ( 'NONE',  ( -2.367841899883655010, 7.571286292197376255, 2.577464788732402035 ) ) ;
#3681 = DIRECTION ( 'NONE',  ( -1.000000000000000000, -0.000000000000000000, 4.336808689942017736E-16 ) ) ;
#3682 = CARTESIAN_POINT ( 'NONE',  ( 0.000000000000000000, 3.000000000000000000, -33.79999999999999716 ) ) ;
#3683 = AXIS2_PLACEMENT_3D ( 'NONE', #2502, #2825, #2152 ) ;
#3684 = AXIS2_PLACEMENT_3D ( 'NONE', #1281, #2767, #1259 ) ;
#3685 = VECTOR ( 'NONE', #3643, 1000.000000000000000 ) ;
#3686 = ORIENTED_EDGE ( 'NONE', *, *, #40, .T. ) ;
#3687 = DIRECTION ( 'NONE',  ( 0.000000000000000000, 0.000000000000000000, 1.000000000000000000 ) ) ;
#3688 = PLANE ( 'NONE',  #2241 ) ;
#3689 = ORIENTED_EDGE ( 'NONE', *, *, #3916, .F. ) ;
#3690 = EDGE_CURVE ( 'NONE', #2575, #782, #2438, .T. ) ;
#3691 = CARTESIAN_POINT ( 'NONE',  ( 0.6499999999999999112, -2.428730624380641245, 33.79356742541944669 ) ) ;
#3692 = EDGE_CURVE ( 'NONE', #2210, #2019, #2475, .T. ) ;
#3693 = VERTEX_POINT ( 'NONE', #367 ) ;
#3694 = CARTESIAN_POINT ( 'NONE',  ( -14.46500000000000341, 5.500000000000000000, -15.59999999999999964 ) ) ;
#3695 = ORIENTED_EDGE ( 'NONE', *, *, #3550, .T. ) ;
#3696 = CARTESIAN_POINT ( 'NONE',  ( 4.500000000000003553, 8.577125154674927643, 4.102188405746951538 ) ) ;
#3697 = CARTESIAN_POINT ( 'NONE',  ( 0.000000000000000000, 0.000000000000000000, -1.000000000000000000 ) ) ;
#3698 = CARTESIAN_POINT ( 'NONE',  ( -0.6500000000000000222, -2.290812731740117236, 32.52458476570146217 ) ) ;
#3699 = VERTEX_POINT ( 'NONE', #3187 ) ;
#3700 = EDGE_CURVE ( 'NONE', #4517, #1517, #2807, .T. ) ;
#3701 = EDGE_CURVE ( 'NONE', #1513, #3167, #1291, .T. ) ;
#3702 = FACE_OUTER_BOUND ( 'NONE', #808, .T. ) ;
#3703 = CARTESIAN_POINT ( 'NONE',  ( 0.6500000000000000222, -1.500001004271340976, 36.83445846704794491 ) ) ;
#3704 = CYLINDRICAL_SURFACE ( 'NONE', #3136, 1.600000000000001643 ) ;
#3705 = DIRECTION ( 'NONE',  ( -1.000000000000000000, 0.000000000000000000, 1.826024711554533913E-16 ) ) ;
#3706 = EDGE_LOOP ( 'NONE', ( #2732, #3639, #4069, #127 ) ) ;
#3707 = CARTESIAN_POINT ( 'NONE',  ( 6.449489742783177881, 2.499999999999999556, -7.500000000000000000 ) ) ;
#3708 = LINE ( 'NONE', #4443, #224 ) ;
#3709 = CARTESIAN_POINT ( 'NONE',  ( -9.465000000000006963, 8.000000000000000000, -43.00000000000000000 ) ) ;
#3710 = APPLICATION_CONTEXT ( 'automotive_design' ) ;
#3711 = ITEM_DEFINED_TRANSFORMATION ( 'NONE', 'NONE', #406,  #254 ) ;
#3712 = ORIENTED_EDGE ( 'NONE', *, *, #1613, .T. ) ;
#3713 = ORIENTED_EDGE ( 'NONE', *, *, #1693, .T. ) ;
#3714 = ORIENTED_EDGE ( 'NONE', *, *, #1641, .F. ) ;
#3715 = CARTESIAN_POINT ( 'NONE',  ( 1.550510257216822563, 0.9999999999999995559, -7.500000000000000000 ) ) ;
#3716 = EDGE_LOOP ( 'NONE', ( #4184, #2545, #1580, #69, #4141, #3509, #3411, #170 ) ) ;
#3717 = CARTESIAN_POINT ( 'NONE',  ( -9.465000000000006963, 8.000000000000000000, -43.00000000000000000 ) ) ;
#3718 = LINE ( 'NONE', #3579, #1370 ) ;
#3719 = VERTEX_POINT ( 'NONE', #1442 ) ;
#3720 = EDGE_CURVE ( 'NONE', #4581, #2737, #3077, .T. ) ;
#3721 = CARTESIAN_POINT ( 'NONE',  ( 0.000000000000000000, -1.500001004271340976, 36.83445846704794491 ) ) ;
#3722 = CARTESIAN_POINT ( 'NONE',  ( 0.6499999999999999112, 0.3502795459036045500, 36.66050930035861910 ) ) ;
#3723 = DIRECTION ( 'NONE',  ( 1.000000000000000000, 0.000000000000000000, -4.336808689942017736E-16 ) ) ;
#3724 = LINE ( 'NONE', #1939, #249 ) ;
#3725 = EDGE_CURVE ( 'NONE', #858, #4295, #3967, .T. ) ;
#3726 = ORIENTED_EDGE ( 'NONE', *, *, #3426, .T. ) ;
#3727 = CARTESIAN_POINT ( 'NONE',  ( 2.000000000000000000, 0.000000000000000000, 29.00000000000000355 ) ) ;
#3728 = LINE ( 'NONE', #2957, #1574 ) ;
#3729 = DIRECTION ( 'NONE',  ( -0.000000000000000000, -0.000000000000000000, 1.000000000000000000 ) ) ;
#3730 = ORIENTED_EDGE ( 'NONE', *, *, #438, .F. ) ;
#3731 = CARTESIAN_POINT ( 'NONE',  ( -14.46500000000000341, 5.500000000000000000, -16.60000000000000142 ) ) ;
#3732 =( REPRESENTATION_RELATIONSHIP ('NONE','NONE', #260, #2134 ) REPRESENTATION_RELATIONSHIP_WITH_TRANSFORMATION ( #2982 )SHAPE_REPRESENTATION_RELATIONSHIP( ) );
#3733 = VERTEX_POINT ( 'NONE', #2625 ) ;
#3734 = SHAPE_REPRESENTATION_RELATIONSHIP ( 'NONE' , 'NONE' ,  #2134, #848 ) ;
#3735 = CIRCLE ( 'NONE', #3739, 6.099999999999999645 ) ;
#3736 = VERTEX_POINT ( 'NONE', #4372 ) ;
#3737 = DIRECTION ( 'NONE',  ( -1.000000000000000000, -0.000000000000000000, -5.117178395211820690E-17 ) ) ;
#3738 = CARTESIAN_POINT ( 'NONE',  ( -14.46500000000000696, 8.000000000000000000, -33.00000000000001421 ) ) ;
#3739 = AXIS2_PLACEMENT_3D ( 'NONE', #2275, #508, #549 ) ;
#3740 = B_SPLINE_CURVE_WITH_KNOTS ( 'NONE', 3,
 ( #1509, #2933, #1672, #1649, #557, #3069, #4154, #4076, #246, #182 ),
 .UNSPECIFIED., .F., .F.,
 ( 4, 2, 2, 2, 4 ),
 ( 0.000000000000000000, 0.0006542399560569770031, 0.001308479912113953356, 0.001962719868170929600, 0.002616959824227906278 ),
 .UNSPECIFIED. ) ;
#3741 = ORIENTED_EDGE ( 'NONE', *, *, #1616, .F. ) ;
#3742 = VECTOR ( 'NONE', #3920, 1000.000000000000000 ) ;
#3743 = EDGE_LOOP ( 'NONE', ( #3749, #2724 ) ) ;
#3744 = CARTESIAN_POINT ( 'NONE',  ( 3.602455633389910261, 7.709800384906200676, 2.857043277803853698 ) ) ;
#3745 = CARTESIAN_POINT ( 'NONE',  ( 0.6499999999999999112, -0.5999995313400405816, 31.78000000000000469 ) ) ;
#3746 = CARTESIAN_POINT ( 'NONE',  ( -2.500000000000001776, 6.664939782721536865, 4.000000000000000000 ) ) ;
#3747 = DIRECTION ( 'NONE',  ( 1.000000000000000000, 0.000000000000000000, 3.469446951953611724E-16 ) ) ;
#3748 = CIRCLE ( 'NONE', #2841, 3.100000000000000533 ) ;
#3749 = ORIENTED_EDGE ( 'NONE', *, *, #1493, .T. ) ;
#3750 = ADVANCED_FACE ( 'NONE', ( #2225 ), #3635, .T. ) ;
#3751 = ADVANCED_FACE ( 'NONE', ( #1183 ), #1484, .F. ) ;
#3752 = STYLED_ITEM ( 'NONE', ( #3203 ), #2047 ) ;
#3753 = CARTESIAN_POINT ( 'NONE',  ( 9.464999999999999858, 3.000000000000000000, -43.00000000000000000 ) ) ;
#3754 = CARTESIAN_POINT ( 'NONE',  ( -9.465000000000005187, 27.57919559123919484, -14.10000000000000142 ) ) ;
#3755 = VECTOR ( 'NONE', #2007, 1000.000000000000000 ) ;
#3756 =( BOUNDED_SURFACE ( )  B_SPLINE_SURFACE ( 3, 3, ( 
 ( #32, #2591, #1554, #4343, #107, #52, #3675, #3324, #2245, #2953 ),
 ( #2569, #2925, #3232, #1128, #132, #2975, #4389, #3611, #1107, #2521 ),
 ( #3650, #485, #857, #2619, #1200, #1532, #454, #4315, #4365, #1177 ),
 ( #1156, #3993, #3947, #799, #2543, #4014, #752, #825, #1459, #3253 ),
 ( #2176, #2881, #2898, #411, #3974, #2221, #1903, #781, #2276, #386 ),
 ( #1808, #2200, #3629, #433, #1854, #3273, #74, #1503, #3343, #1627 ),
 ( #960, #1315, #922, #3044, #1293, #4110, #4504, #153, #2666, #3026 ) ),
 .UNSPECIFIED., .T., .F., .F. ) 
 B_SPLINE_SURFACE_WITH_KNOTS ( ( 4, 3, 4 ),
 ( 4, 2, 2, 2, 4 ),
 ( 0.000000000000000000, 0.5000000000000000000, 1.000000000000000000 ),
 ( 0.000000000000000000, 0.2500000000000000000, 0.5000000000000000000, 0.7500000000000000000, 1.000000000000000000 ),
 .UNSPECIFIED. ) 
 GEOMETRIC_REPRESENTATION_ITEM ( )  RATIONAL_B_SPLINE_SURFACE ( (
 ( 1.000000000000000000, 1.000000000000000000, 1.000000000000000000, 1.000000000000000000, 1.000000000000000000, 1.000000000000000000, 1.000000000000000000, 1.000000000000000000, 1.000000000000000000, 1.000000000000000000),
 ( 0.3333333333333333703, 0.3333333333333333703, 0.3333333333333333703, 0.3333333333333333703, 0.3333333333333333703, 0.3333333333333333703, 0.3333333333333333703, 0.3333333333333333703, 0.3333333333333333703, 0.3333333333333333703),
 ( 0.3333333333333333703, 0.3333333333333333703, 0.3333333333333333703, 0.3333333333333333703, 0.3333333333333333703, 0.3333333333333333703, 0.3333333333333333703, 0.3333333333333333703, 0.3333333333333333703, 0.3333333333333333703),
 ( 1.000000000000000000, 1.000000000000000000, 1.000000000000000000, 1.000000000000000000, 1.000000000000000000, 1.000000000000000000, 1.000000000000000000, 1.000000000000000000, 1.000000000000000000, 1.000000000000000000),
 ( 0.3333333333333333703, 0.3333333333333333703, 0.3333333333333333703, 0.3333333333333333703, 0.3333333333333333703, 0.3333333333333333703, 0.3333333333333333703, 0.3333333333333333703, 0.3333333333333333703, 0.3333333333333333703),
 ( 0.3333333333333333703, 0.3333333333333333703, 0.3333333333333333703, 0.3333333333333333703, 0.3333333333333333703, 0.3333333333333333703, 0.3333333333333333703, 0.3333333333333333703, 0.3333333333333333703, 0.3333333333333333703),
 ( 1.000000000000000000, 1.000000000000000000, 1.000000000000000000, 1.000000000000000000, 1.000000000000000000, 1.000000000000000000, 1.000000000000000000, 1.000000000000000000, 1.000000000000000000, 1.000000000000000000) ) ) 
 REPRESENTATION_ITEM ( '' )  SURFACE ( )  );
#3757 = VECTOR ( 'NONE', #70, 1000.000000000000000 ) ;
#3758 = EDGE_CURVE ( 'NONE', #768, #2939, #247, .T. ) ;
#3759 = VECTOR ( 'NONE', #343, 1000.000000000000000 ) ;
#3760 = VERTEX_POINT ( 'NONE', #2184 ) ;
#3761 = DIRECTION ( 'NONE',  ( 1.000000000000000000, 0.000000000000000000, 0.000000000000000000 ) ) ;
#3762 = ORIENTED_EDGE ( 'NONE', *, *, #1719, .T. ) ;
#3763 = DIRECTION ( 'NONE',  ( 0.000000000000000000, -0.6305317436603785630, 0.7761634623174442638 ) ) ;
#3764 = EDGE_LOOP ( 'NONE', ( #328, #1772 ) ) ;
#3765 = CARTESIAN_POINT ( 'NONE',  ( 30.41025971044413723, 5.000000000000000000, 3.999999999999988898 ) ) ;
#3766 = PRODUCT_DEFINITION_SHAPE ( 'NONE', 'NONE',  #4604 ) ;
#3767 = VERTEX_POINT ( 'NONE', #3328 ) ;
#3768 = CARTESIAN_POINT ( 'NONE',  ( 2.989870594947065197, 6.787409062544472071, 4.125257896622327891 ) ) ;
#3769 = CARTESIAN_POINT ( 'NONE',  ( 0.000000000000000000, 0.000000000000000000, 0.000000000000000000 ) ) ;
#3770 = CARTESIAN_POINT ( 'NONE',  ( 30.41025971044413367, 4.661157024793382675, -5.000000000000006217 ) ) ;
#3771 = CARTESIAN_POINT ( 'NONE',  ( 0.6500000000000000222, -0.9908127314164038024, 32.54064752519589376 ) ) ;
#3772 = VERTEX_POINT ( 'NONE', #459 ) ;
#3773 = LINE ( 'NONE', #1629, #838 ) ;
#3774 = CARTESIAN_POINT ( 'NONE',  ( 0.000000000000000000, 3.000000000000000000, -35.39999999999999147 ) ) ;
#3775 = FACE_OUTER_BOUND ( 'NONE', #905, .T. ) ;
#3776 = EDGE_CURVE ( 'NONE', #944, #754, #4348, .T. ) ;
#3777 = ORIENTED_EDGE ( 'NONE', *, *, #3006, .T. ) ;
#3778 = EDGE_CURVE ( 'NONE', #1517, #3804, #3305, .T. ) ;
#3779 = FILL_AREA_STYLE_COLOUR ( '', #4409 ) ;
#3780 = EDGE_CURVE ( 'NONE', #1696, #1220, #3445, .T. ) ;
#3781 = SHAPE_REPRESENTATION_RELATIONSHIP ( 'NONE' , 'NONE' ,  #2971, #786 ) ;
#3782 = VERTEX_POINT ( 'NONE', #4019 ) ;
#3783 = DIRECTION ( 'NONE',  ( -0.000000000000000000, -0.000000000000000000, -1.000000000000000000 ) ) ;
#3784 = VERTEX_POINT ( 'NONE', #2252 ) ;
#3785 = CARTESIAN_POINT ( 'NONE',  ( 3.169089656560336365, 7.616225876531349748, 2.672249369496269900 ) ) ;
#3786 = EDGE_LOOP ( 'NONE', ( #1726, #3000, #2371, #2667, #134, #2386, #1753 ) ) ;
#3787 = DIRECTION ( 'NONE',  ( 0.000000000000000000, 0.000000000000000000, 1.000000000000000000 ) ) ;
#3788 = CARTESIAN_POINT ( 'NONE',  ( 0.6499999999999999112, -0.5999995286165449304, 32.52458476570146217 ) ) ;
#3789 = DIRECTION ( 'NONE',  ( 0.000000000000000000, -1.000000000000000000, 0.000000000000000000 ) ) ;
#3790 = VERTEX_POINT ( 'NONE', #1161 ) ;
#3791 = EDGE_CURVE ( 'NONE', #3863, #2420, #829, .T. ) ;
#3792 = APPLICATION_CONTEXT ( 'automotive_design' ) ;
#3793 = DIRECTION ( 'NONE',  ( 1.000000000000000000, 0.000000000000000000, -0.000000000000000000 ) ) ;
#3794 = CARTESIAN_POINT ( 'NONE',  ( 0.000000000000000000, -11.93398113205660493, -7.500000000000000000 ) ) ;
#3795 = CARTESIAN_POINT ( 'NONE',  ( -2.500000000000001332, 2.799999999999999822, 1.833030277982333756 ) ) ;
#3796 = VERTEX_POINT ( 'NONE', #419 ) ;
#3797 = LINE ( 'NONE', #2696, #1218 ) ;
#3798 = ADVANCED_FACE ( 'NONE', ( #113 ), #1858, .F. ) ;
#3799 = EDGE_CURVE ( 'NONE', #944, #3526, #759, .T. ) ;
#3800 = ORIENTED_EDGE ( 'NONE', *, *, #3359, .T. ) ;
#3801 = CARTESIAN_POINT ( 'NONE',  ( 10.00000000000000355, 3.000000000000000000, -1.099999999999998535 ) ) ;
#3802 = ORIENTED_EDGE ( 'NONE', *, *, #2686, .T. ) ;
#3803 = LINE ( 'NONE', #603, #1131 ) ;
#3804 = VERTEX_POINT ( 'NONE', #3277 ) ;
#3805 = CARTESIAN_POINT ( 'NONE',  ( 4.467794474266442606, 8.425665404648238876, -3.926862272711912460 ) ) ;
#3806 = AXIS2_PLACEMENT_3D ( 'NONE', #2624, #4050, #512 ) ;
#3807 = CARTESIAN_POINT ( 'NONE',  ( -0.6500000000000000222, -1.594453988679086720, 34.93407519899149349 ) ) ;
#3808 = CARTESIAN_POINT ( 'NONE',  ( 0.6500000000000000222, 0.6859026638730170156, 33.08497086363783524 ) ) ;
#3809 = AXIS2_PLACEMENT_3D ( 'NONE', #2048, #3126, #2601 ) ;
#3810 = LINE ( 'NONE', #312, #1960 ) ;
#3811 = CARTESIAN_POINT ( 'NONE',  ( 0.000000000000000000, 1.800000000000000488, 1.100000000000000089 ) ) ;
#3812 = CARTESIAN_POINT ( 'NONE',  ( 0.000000000000000000, 0.000000000000000000, 31.78000000000000114 ) ) ;
#3813 = CIRCLE ( 'NONE', #1802, 8.099999999999999645 ) ;
#3814 = ORIENTED_EDGE ( 'NONE', *, *, #2885, .T. ) ;
#3815 = VECTOR ( 'NONE', #1653, 1000.000000000000000 ) ;
#3816 = AXIS2_PLACEMENT_3D ( 'NONE', #1091, #2043, #4144 ) ;
#3817 = ORIENTED_EDGE ( 'NONE', *, *, #3725, .F. ) ;
#3818 = DIRECTION ( 'NONE',  ( -1.000000000000000000, -0.000000000000000000, -0.000000000000000000 ) ) ;
#3819 = AXIS2_PLACEMENT_3D ( 'NONE', #3563, #1765, #2488 ) ;
#3820 = VECTOR ( 'NONE', #3529, 1000.000000000000000 ) ;
#3821 = VECTOR ( 'NONE', #1907, 1000.000000000000000 ) ;
#3822 = AXIS2_PLACEMENT_3D ( 'NONE', #1915, #1571, #4407 ) ;
#3823 = ORIENTED_EDGE ( 'NONE', *, *, #1667, .F. ) ;
#3824 = LINE ( 'NONE', #2419, #327 ) ;
#3825 = ORIENTED_EDGE ( 'NONE', *, *, #4395, .T. ) ;
#3826 = CARTESIAN_POINT ( 'NONE',  ( 3.251131122427627584, 7.008693156790170242, -4.328015584291219575 ) ) ;
#3827 = EDGE_CURVE ( 'NONE', #3368, #2603, #1811, .T. ) ;
#3828 = VECTOR ( 'NONE', #1832, 1000.000000000000000 ) ;
#3829 = ORIENTED_EDGE ( 'NONE', *, *, #4198, .F. ) ;
#3830 = AXIS2_PLACEMENT_3D ( 'NONE', #1599, #1244, #167 ) ;
#3831 = DIRECTION ( 'NONE',  ( 1.000000000000000000, 0.000000000000000000, -0.000000000000000000 ) ) ;
#3832 = CARTESIAN_POINT ( 'NONE',  ( 4.175329226826373308, 8.001596644632996913, -3.351017228595157604 ) ) ;
#3833 = LINE ( 'NONE', #1029, #2100 ) ;
#3834 = FACE_OUTER_BOUND ( 'NONE', #4146, .T. ) ;
#3835 = EDGE_CURVE ( 'NONE', #2224, #2511, #322, .T. ) ;
#3836 = VERTEX_POINT ( 'NONE', #79 ) ;
#3837 = CARTESIAN_POINT ( 'NONE',  ( 0.6499999999999999112, 0.03112689222482626847, 34.70050196407733978 ) ) ;
#3838 = CARTESIAN_POINT ( 'NONE',  ( -2.499999999999997780, 7.571286292197370926, -2.577464788732386491 ) ) ;
#3839 =( LENGTH_UNIT ( ) NAMED_UNIT ( * ) SI_UNIT ( .MILLI., .METRE. ) );
#3840 = CARTESIAN_POINT ( 'NONE',  ( 0.000000000000000000, 0.000000000000000000, 0.000000000000000000 ) ) ;
#3841 = LINE ( 'NONE', #315, #4269 ) ;
#3842 = ORIENTED_EDGE ( 'NONE', *, *, #1466, .T. ) ;
#3843 = ORIENTED_EDGE ( 'NONE', *, *, #4165, .T. ) ;
#3844 = CARTESIAN_POINT ( 'NONE',  ( -2.499999999999997780, 7.513408910614632674, -2.449489742783176549 ) ) ;
#3845 = DIRECTION ( 'NONE',  ( -0.9938994160909566666, 0.000000000000000000, 0.1102903019039115223 ) ) ;
#3846 = ORIENTED_EDGE ( 'NONE', *, *, #2087, .F. ) ;
#3847 = FACE_OUTER_BOUND ( 'NONE', #670, .T. ) ;
#3848 = ORIENTED_EDGE ( 'NONE', *, *, #4535, .T. ) ;
#3849 = CARTESIAN_POINT ( 'NONE',  ( 4.000000000000000000, -4.336808689942017736E-16, -1.899999999999999023 ) ) ;
#3850 = B_SPLINE_CURVE_WITH_KNOTS ( 'NONE', 3,
 ( #4520, #2794, #2445, #2144, #2494, #2095, #3871, #2469, #675, #1080 ),
 .UNSPECIFIED., .F., .F.,
 ( 4, 2, 2, 2, 4 ),
 ( 0.002616959824227906278, 0.003273369811913640418, 0.003929779799599374124, 0.004586189787285107830, 0.005242599774970841536 ),
 .UNSPECIFIED. ) ;
#3851 = EDGE_LOOP ( 'NONE', ( #1372, #1020, #1260, #1393, #16, #53, #755, #3424, #3239, #3617 ) ) ;
#3852 = CARTESIAN_POINT ( 'NONE',  ( 12.46499999999999986, 0.000000000000000000, 6.245516231356028482E-16 ) ) ;
#3853 = DIRECTION ( 'NONE',  ( 0.000000000000000000, 0.000000000000000000, 1.000000000000000000 ) ) ;
#3854 = DIRECTION ( 'NONE',  ( 0.000000000000000000, 1.000000000000000000, 0.000000000000000000 ) ) ;
#3855 = CARTESIAN_POINT ( 'NONE',  ( 1.474970002916779821, 7.651735340638892602, -3.181450922468977538 ) ) ;
#3856 = EDGE_CURVE ( 'NONE', #2679, #2948, #4414, .T. ) ;
#3857 = CARTESIAN_POINT ( 'NONE',  ( 0.6500000000000000222, -1.198801866077908063, 34.24703469474839324 ) ) ;
#3858 = DIRECTION ( 'NONE',  ( -4.336808689942017736E-16, 0.000000000000000000, -1.000000000000000000 ) ) ;
#3859 = EDGE_CURVE ( 'NONE', #4403, #3863, #2397, .T. ) ;
#3860 = FILL_AREA_STYLE_COLOUR ( '', #4417 ) ;
#3861 = DIRECTION ( 'NONE',  ( 0.000000000000000000, 1.000000000000000000, 0.000000000000000000 ) ) ;
#3862 = CARTESIAN_POINT ( 'NONE',  ( 0.000000000000000000, 1.800000000000000044, 3.100000000000000089 ) ) ;
#3863 = VERTEX_POINT ( 'NONE', #56 ) ;
#3864 = VERTEX_POINT ( 'NONE', #2902 ) ;
#3865 = DIRECTION ( 'NONE',  ( 0.000000000000000000, 0.000000000000000000, 1.000000000000000000 ) ) ;
#3866 = ORIENTED_EDGE ( 'NONE', *, *, #4396, .F. ) ;
#3867 = CYLINDRICAL_SURFACE ( 'NONE', #694, 8.099999999999999645 ) ;
#3868 = CYLINDRICAL_SURFACE ( 'NONE', #2995, 1.000000000000000000 ) ;
#3869 = ORIENTED_EDGE ( 'NONE', *, *, #2399, .T. ) ;
#3870 = ORIENTED_EDGE ( 'NONE', *, *, #1264, .F. ) ;
#3871 = CARTESIAN_POINT ( 'NONE',  ( 1.665921372190492411, 7.668007236478780797, 3.085929666332644761 ) ) ;
#3872 = CARTESIAN_POINT ( 'NONE',  ( 3.480576914526637644, 7.676682464943270112, -2.793045369097503894 ) ) ;
#3873 = DIRECTION ( 'NONE',  ( -2.168404344971008128E-16, -0.7940203406445293099, -0.6078911898051703178 ) ) ;
#3874 = DIRECTION ( 'NONE',  ( -1.000000000000000000, -0.000000000000000000, 1.826024711554533667E-16 ) ) ;
#3875 = ORIENTED_EDGE ( 'NONE', *, *, #2449, .F. ) ;
#3876 = VECTOR ( 'NONE', #342, 1000.000000000000000 ) ;
#3877 = CARTESIAN_POINT ( 'NONE',  ( -0.6500000000000000222, -1.004910539250555068, 33.08497086363783524 ) ) ;
#3878 = FACE_BOUND ( 'NONE', #1237, .T. ) ;
#3879 = CARTESIAN_POINT ( 'NONE',  ( 9.464999999999999858, 3.000000000000000000, -43.00000000000000000 ) ) ;
#3880 = CARTESIAN_POINT ( 'NONE',  ( 12.46499999999999986, 3.000000000000000000, -9.099999999999997868 ) ) ;
#3881 = AXIS2_PLACEMENT_3D ( 'NONE', #3567, #1267, #1044 ) ;
#3882 = EDGE_CURVE ( 'NONE', #2247, #3261, #988, .T. ) ;
#3883 = ORIENTED_EDGE ( 'NONE', *, *, #230, .T. ) ;
#3884 = EDGE_CURVE ( 'NONE', #1657, #3562, #3740, .T. ) ;
#3885 = ORIENTED_EDGE ( 'NONE', *, *, #266, .T. ) ;
#3886 = PRODUCT_DEFINITION ( 'æœ', '', #962, #2142 ) ;
#3887 = ADVANCED_FACE ( 'NONE', ( #4135 ), #1631, .F. ) ;
#3888 = DIRECTION ( 'NONE',  ( 0.007143540374779535837, 3.338895779822400324E-33, 0.9999744845899389833 ) ) ;
#3889 = AXIS2_PLACEMENT_3D ( 'NONE', #3618, #3330, #3687 ) ;
#3890 = VERTEX_POINT ( 'NONE', #4510 ) ;
#3891 = DIRECTION ( 'NONE',  ( 1.000000000000000000, 0.000000000000000000, 3.469446951953611724E-16 ) ) ;
#3892 = AXIS2_PLACEMENT_3D ( 'NONE', #376, #2775, #1333 ) ;
#3893 = DIRECTION ( 'NONE',  ( 0.000000000000000000, 0.000000000000000000, 1.000000000000000000 ) ) ;
#3894 = SHAPE_REPRESENTATION ( '\X2\6fc051495934\X0\', ( #254 ), #1371 ) ;
#3895 = VERTEX_POINT ( 'NONE', #1320 ) ;
#3896 = AXIS2_PLACEMENT_3D ( 'NONE', #1717, #2113, #1041 ) ;
#3897 = AXIS2_PLACEMENT_3D ( 'NONE', #2103, #4273, #2850 ) ;
#3898 = DIRECTION ( 'NONE',  ( 0.000000000000000000, -1.000000000000000000, 0.000000000000000000 ) ) ;
#3899 = CYLINDRICAL_SURFACE ( 'NONE', #233, 1.400000000000000133 ) ;
#3900 = DIRECTION ( 'NONE',  ( 1.000000000000000000, 0.000000000000000000, -4.336808689942017736E-16 ) ) ;
#3901 = AXIS2_PLACEMENT_3D ( 'NONE', #2517, #1497, #1801 ) ;
#3902 = DIRECTION ( 'NONE',  ( 0.000000000000000000, -1.000000000000000000, 0.000000000000000000 ) ) ;
#3903 = CIRCLE ( 'NONE', #3684, 1.599999999999997202 ) ;
#3904 = CARTESIAN_POINT ( 'NONE',  ( 0.000000000000000000, 0.000000000000000000, 0.000000000000000000 ) ) ;
#3905 = FILL_AREA_STYLE_COLOUR ( '', #2022 ) ;
#3906 = CARTESIAN_POINT ( 'NONE',  ( 4.000000000000000000, 0.9999999999999995559, -4.999999999999999112 ) ) ;
#3907 = CARTESIAN_POINT ( 'NONE',  ( 4.000000000000000000, 0.9999999999999995559, -4.999999999999999112 ) ) ;
#3908 = ORIENTED_EDGE ( 'NONE', *, *, #1151, .F. ) ;
#3909 = ADVANCED_FACE ( 'NONE', ( #902 ), #2322, .F. ) ;
#3910 = CARTESIAN_POINT ( 'NONE',  ( 0.000000000000000000, -5.000000000000000000, 0.000000000000000000 ) ) ;
#3911 = ORIENTED_EDGE ( 'NONE', *, *, #1588, .F. ) ;
#3912 = PRODUCT_CONTEXT ( 'NONE', #2116, 'mechanical' ) ;
#3913 = ADVANCED_FACE ( 'NONE', ( #1302 ), #4094, .F. ) ;
#3914 = ORIENTED_EDGE ( 'NONE', *, *, #634, .F. ) ;
#3915 = CARTESIAN_POINT ( 'NONE',  ( -2.500000000000000888, 1.000000000000000000, -4.000000000000000000 ) ) ;
#3916 = EDGE_CURVE ( 'NONE', #3631, #3736, #2719, .T. ) ;
#3917 = DIRECTION ( 'NONE',  ( -1.000000000000000000, 0.000000000000000000, 0.000000000000000000 ) ) ;
#3918 = ORIENTED_EDGE ( 'NONE', *, *, #835, .F. ) ;
#3919 = CYLINDRICAL_SURFACE ( 'NONE', #4401, 1.000000000000000888 ) ;
#3920 = DIRECTION ( 'NONE',  ( -0.000000000000000000, 1.000000000000000000, -0.000000000000000000 ) ) ;
#3921 = DIRECTION ( 'NONE',  ( 0.000000000000000000, 0.000000000000000000, -1.000000000000000000 ) ) ;
#3922 = CARTESIAN_POINT ( 'NONE',  ( 12.46499999999999986, 0.000000000000000000, 6.245516231356028482E-16 ) ) ;
#3923 = DIRECTION ( 'NONE',  ( 0.000000000000000000, -1.000000000000000000, 0.000000000000000000 ) ) ;
#3924 = LINE ( 'NONE', #382, #2484 ) ;
#3925 = CARTESIAN_POINT ( 'NONE',  ( 10.00000000000000355, 3.000000000000000000, -5.099999999999999645 ) ) ;
#3926 = CARTESIAN_POINT ( 'NONE',  ( -2.500000000000000888, 6.664939782721529760, -4.000000000000000000 ) ) ;
#3927 = DIRECTION ( 'NONE',  ( 0.000000000000000000, 0.000000000000000000, -1.000000000000000000 ) ) ;
#3928 = EDGE_CURVE ( 'NONE', #317, #567, #574, .T. ) ;
#3929 = ORIENTED_EDGE ( 'NONE', *, *, #1299, .F. ) ;
#3930 = CARTESIAN_POINT ( 'NONE',  ( 2.936882665193436104, 6.758040721048987010, -4.096744701425518720 ) ) ;
#3931 = VERTEX_POINT ( 'NONE', #1969 ) ;
#3932 = PLANE ( 'NONE',  #99 ) ;
#3933 = DIRECTION ( 'NONE',  ( -0.04063207241605434894, 0.000000000000000000, -0.9991741763532405729 ) ) ;
#3934 = APPLICATION_CONTEXT ( 'automotive_design' ) ;
#3935 = ORIENTED_EDGE ( 'NONE', *, *, #2029, .T. ) ;
#3936 = FACE_OUTER_BOUND ( 'NONE', #463, .T. ) ;
#3937 = CARTESIAN_POINT ( 'NONE',  ( 2.367841899883655454, 7.571286292197377144, 2.577464788732401146 ) ) ;
#3938 = ORIENTED_EDGE ( 'NONE', *, *, #186, .T. ) ;
#3939 = EDGE_CURVE ( 'NONE', #1517, #567, #946, .T. ) ;
#3940 = EDGE_CURVE ( 'NONE', #1695, #1567, #3395, .T. ) ;
#3941 = DIRECTION ( 'NONE',  ( -1.734723475976807094E-16, 0.000000000000000000, -1.000000000000000000 ) ) ;
#3942 = CARTESIAN_POINT ( 'NONE',  ( 12.46499999999999986, 5.500000000000000000, -17.60000000000000853 ) ) ;
#3943 = FACE_OUTER_BOUND ( 'NONE', #3415, .T. ) ;
#3944 = CARTESIAN_POINT ( 'NONE',  ( -0.6500000000000000222, -3.285267191802659248, 34.93407519899149349 ) ) ;
#3945 = CARTESIAN_POINT ( 'NONE',  ( 0.6499999999999999112, 1.989007204725256051, 33.13843611507216025 ) ) ;
#3946 = DIRECTION ( 'NONE',  ( 0.000000000000000000, 0.000000000000000000, 1.000000000000000000 ) ) ;
#3947 = CARTESIAN_POINT ( 'NONE',  ( -0.6500000000000000222, 0.6859026638730170156, 33.08497086363783524 ) ) ;
#3948 = EDGE_LOOP ( 'NONE', ( #1471, #3823, #1961, #277 ) ) ;
#3949 = AXIS2_PLACEMENT_3D ( 'NONE', #1127, #2454, #3204 ) ;
#3950 = CYLINDRICAL_SURFACE ( 'NONE', #762, 1.000000000000000888 ) ;
#3951 = DIRECTION ( 'NONE',  ( 0.000000000000000000, -1.000000000000000000, 0.000000000000000000 ) ) ;
#3952 = DIRECTION ( 'NONE',  ( -0.000000000000000000, 1.000000000000000000, -0.000000000000000000 ) ) ;
#3953 = VECTOR ( 'NONE', #3494, 1000.000000000000000 ) ;
#3954 = CIRCLE ( 'NONE', #1589, 4.000000000000000888 ) ;
#3955 = ORIENTED_EDGE ( 'NONE', *, *, #2028, .F. ) ;
#3956 = DIRECTION ( 'NONE',  ( 0.000000000000000000, 1.000000000000000000, 0.000000000000000000 ) ) ;
#3957 = CYLINDRICAL_SURFACE ( 'NONE', #4246, 8.099999999999999645 ) ;
#3958 = VERTEX_POINT ( 'NONE', #3436 ) ;
#3959 = PRODUCT_DEFINITION_CONTEXT ( 'detailed design', #4113, 'design' ) ;
#3960 = VECTOR ( 'NONE', #4469, 1000.000000000000000 ) ;
#3961 = VECTOR ( 'NONE', #3873, 1000.000000000000114 ) ;
#3962 = CYLINDRICAL_SURFACE ( 'NONE', #169, 3.500000000000000000 ) ;
#3963 = DIRECTION ( 'NONE',  ( 0.000000000000000000, 1.000000000000000000, 0.000000000000000000 ) ) ;
#3964 = EDGE_CURVE ( 'NONE', #957, #1590, #2383, .T. ) ;
#3965 = DIRECTION ( 'NONE',  ( 8.881784197001254296E-16, 0.000000000000000000, 1.000000000000000000 ) ) ;
#3966 = CARTESIAN_POINT ( 'NONE',  ( 0.000000000000000000, 0.000000000000000000, -43.00000000000000000 ) ) ;
#3967 = CIRCLE ( 'NONE', #1665, 1.000000000000000888 ) ;
#3968 = VECTOR ( 'NONE', #288, 1000.000000000000000 ) ;
#3969 = AXIS2_PLACEMENT_3D ( 'NONE', #1334, #2750, #3198 ) ;
#3970 = VECTOR ( 'NONE', #1829, 1000.000000000000000 ) ;
#3971 = CYLINDRICAL_SURFACE ( 'NONE', #851, 1.000000000000000888 ) ;
#3972 = CARTESIAN_POINT ( 'NONE',  ( 0.6500000000000000222, 0.7000004686599590187, 31.78000000000000114 ) ) ;
#3973 = LINE ( 'NONE', #3272, #4397 ) ;
#3974 = CARTESIAN_POINT ( 'NONE',  ( -0.6500000000000000222, -0.7379174212570688285, 33.79356742541944669 ) ) ;
#3975 = EDGE_CURVE ( 'NONE', #3864, #818, #2929, .T. ) ;
#3976 = ORIENTED_EDGE ( 'NONE', *, *, #3791, .F. ) ;
#3977 = AXIS2_PLACEMENT_3D ( 'NONE', #1392, #3491, #3888 ) ;
#3978 = FACE_OUTER_BOUND ( 'NONE', #3084, .T. ) ;
#3979 = ORIENTED_EDGE ( 'NONE', *, *, #4506, .F. ) ;
#3980 = DIRECTION ( 'NONE',  ( 0.000000000000000000, 0.000000000000000000, 1.000000000000000000 ) ) ;
#3981 = ORIENTED_EDGE ( 'NONE', *, *, #205, .F. ) ;
#3982 = DIRECTION ( 'NONE',  ( 1.000000000000000000, 0.000000000000000000, -1.734723475976808080E-16 ) ) ;
#3983 = EDGE_LOOP ( 'NONE', ( #1396, #12, #3060, #995, #118, #3712 ) ) ;
#3984 = CARTESIAN_POINT ( 'NONE',  ( 3.097603842456236656, 7.222219580791805704, -1.647083521762247482 ) ) ;
#3985 = VERTEX_POINT ( 'NONE', #272 ) ;
#3986 = CARTESIAN_POINT ( 'NONE',  ( 0.6499999999999999112, -2.720531380209329164, 34.27242137285491452 ) ) ;
#3987 = DIRECTION ( 'NONE',  ( 0.000000000000000000, 1.000000000000000000, 0.000000000000000000 ) ) ;
#3988 = LINE ( 'NONE', #724, #1654 ) ;
#3989 = DIRECTION ( 'NONE',  ( 0.000000000000000000, 0.000000000000000000, 1.000000000000000000 ) ) ;
#3990 = CARTESIAN_POINT ( 'NONE',  ( -0.6499999999999999112, 0.3091872689073096314, 32.55671028469031114 ) ) ;
#3991 = CARTESIAN_POINT ( 'NONE',  ( 0.000000000000000000, 1.800000000000000044, 0.000000000000000000 ) ) ;
#3992 = PLANE ( 'NONE',  #4540 ) ;
#3993 = CARTESIAN_POINT ( 'NONE',  ( -0.6500000000000000222, 0.7000004717071685034, 32.54064752519589376 ) ) ;
#3994 = EDGE_LOOP ( 'NONE', ( #832, #1908, #4304, #3401, #961 ) ) ;
#3995 = EDGE_CURVE ( 'NONE', #1695, #423, #2700, .T. ) ;
#3996 = ADVANCED_FACE ( 'NONE', ( #3775 ), #3462, .F. ) ;
#3997 = VERTEX_POINT ( 'NONE', #219 ) ;
#3998 = DIRECTION ( 'NONE',  ( 0.000000000000000000, 0.000000000000000000, 1.000000000000000000 ) ) ;
#3999 = SHAPE_DEFINITION_REPRESENTATION ( #1005, #2971 ) ;
#4000 = VERTEX_POINT ( 'NONE', #1946 ) ;
#4001 = CARTESIAN_POINT ( 'NONE',  ( -14.46500000000000341, 8.000000000000000000, -19.09999999999999787 ) ) ;
#4002 = CARTESIAN_POINT ( 'NONE',  ( 3.096628543541466438, 7.222740649839806792, 1.649109850570293467 ) ) ;
#4003 = ORIENTED_EDGE ( 'NONE', *, *, #3659, .F. ) ;
#4004 = CARTESIAN_POINT ( 'NONE',  ( 0.6500000000000000222, -2.312900424511113773, 35.79729224967505274 ) ) ;
#4005 = CARTESIAN_POINT ( 'NONE',  ( 3.045337893603675461, 7.593221095382251207, -2.626064955899795272 ) ) ;
#4006 = CARTESIAN_POINT ( 'NONE',  ( -9.465000000000005187, 5.500000000000000000, -10.59999999999999787 ) ) ;
#4007 = CARTESIAN_POINT ( 'NONE',  ( 9.464999999999999858, 3.000000000000000000, -38.00000000000000711 ) ) ;
#4008 = LINE ( 'NONE', #2216, #4560 ) ;
#4009 = FACE_BOUND ( 'NONE', #3072, .T. ) ;
#4010 = ORIENTED_EDGE ( 'NONE', *, *, #1613, .F. ) ;
#4011 = CARTESIAN_POINT ( 'NONE',  ( 0.6499999999999999112, -4.199826708407588427, 36.01476720028945522 ) ) ;
#4012 = FILL_AREA_STYLE ('',( #507 ) ) ;
#4013 = CARTESIAN_POINT ( 'NONE',  ( -0.6500000000000000222, -1.198801866077908063, 34.24703469474839324 ) ) ;
#4014 = CARTESIAN_POINT ( 'NONE',  ( -0.6500000000000000222, 0.1888155173209505600, 34.82651745595467929 ) ) ;
#4015 = ORIENTED_EDGE ( 'NONE', *, *, #928, .F. ) ;
#4016 = CARTESIAN_POINT ( 'NONE',  ( 0.000000000000000000, -3.190814207394912838, 36.83445846704794491 ) ) ;
#4017 = CARTESIAN_POINT ( 'NONE',  ( 8.000000000000000000, 1.714505518806294638E-16, -1.400000000000000133 ) ) ;
#4018 = CARTESIAN_POINT ( 'NONE',  ( 9.464999999999998082, 5.499999999999999112, -39.49999999999999289 ) ) ;
#4019 = CARTESIAN_POINT ( 'NONE',  ( 8.000000000000000000, -2.500000000000000444, 2.499999999999999556 ) ) ;
#4020 = EDGE_CURVE ( 'NONE', #3103, #3381, #2934, .T. ) ;
#4021 = ADVANCED_FACE ( 'NONE', ( #1236 ), #2483, .T. ) ;
#4022 = VECTOR ( 'NONE', #314, 1000.000000000000000 ) ;
#4023 = ORIENTED_EDGE ( 'NONE', *, *, #3013, .T. ) ;
#4024 = FILL_AREA_STYLE_COLOUR ( '', #4114 ) ;
#4025 = CARTESIAN_POINT ( 'NONE',  ( 0.000000000000000000, 1.800000000000000044, 0.000000000000000000 ) ) ;
#4026 = EDGE_CURVE ( 'NONE', #625, #4280, #532, .T. ) ;
#4027 = EDGE_CURVE ( 'NONE', #3642, #2084, #3205, .T. ) ;
#4028 = ORIENTED_EDGE ( 'NONE', *, *, #1379, .T. ) ;
#4029 = AXIS2_PLACEMENT_3D ( 'NONE', #4025, #2869, #2938 ) ;
#4030 = CARTESIAN_POINT ( 'NONE',  ( -9.465000000000006963, 3.000000000000000000, -43.00000000000000000 ) ) ;
#4031 = CARTESIAN_POINT ( 'NONE',  ( 0.000000000000000000, -9.899494936611665352, 0.000000000000000000 ) ) ;
#4032 = DIRECTION ( 'NONE',  ( 0.000000000000000000, -0.000000000000000000, 1.000000000000000000 ) ) ;
#4033 = CARTESIAN_POINT ( 'NONE',  ( 2.500000000000002220, 13.10000000000000142, 4.999999999999999112 ) ) ;
#4034 = AXIS2_PLACEMENT_3D ( 'NONE', #3248, #1453, #95 ) ;
#4035 = CARTESIAN_POINT ( 'NONE',  ( 2.721766919144305241, 4.882923943937689693, 3.999999999999998224 ) ) ;
#4036 = CARTESIAN_POINT ( 'NONE',  ( -0.6500000000000000222, -3.687064388650352242, 35.38357396385173814 ) ) ;
#4037 = VERTEX_POINT ( 'NONE', #2412 ) ;
#4038 = CIRCLE ( 'NONE', #2621, 2.000000000000000000 ) ;
#4039 = VECTOR ( 'NONE', #783, 1000.000000000000000 ) ;
#4040 = CARTESIAN_POINT ( 'NONE',  ( -14.46499999999999986, 3.000000000000000000, 0.000000000000000000 ) ) ;
#4041 = CARTESIAN_POINT ( 'NONE',  ( 0.000000000000000000, 3.000000000000000000, 0.000000000000000000 ) ) ;
#4042 = VECTOR ( 'NONE', #2836, 1000.000000000000000 ) ;
#4043 = FACE_OUTER_BOUND ( 'NONE', #4585, .T. ) ;
#4044 = CARTESIAN_POINT ( 'NONE',  ( 8.000000000000000000, 2.499999999999999556, -7.500000000000000000 ) ) ;
#4045 = CIRCLE ( 'NONE', #3299, 1.400000000000000133 ) ;
#4046 = ORIENTED_EDGE ( 'NONE', *, *, #1549, .F. ) ;
#4047 = AXIS2_PLACEMENT_3D ( 'NONE', #2207, #4051, #804 ) ;
#4048 = CIRCLE ( 'NONE', #2186, 1.100000000000000089 ) ;
#4049 = CARTESIAN_POINT ( 'NONE',  ( 4.000000000000000000, -4.336808689942017736E-16, -4.999999999999999112 ) ) ;
#4050 = DIRECTION ( 'NONE',  ( -0.000000000000000000, 1.000000000000000000, -0.000000000000000000 ) ) ;
#4051 = DIRECTION ( 'NONE',  ( -0.000000000000000000, -0.000000000000000000, -1.000000000000000000 ) ) ;
#4052 = VECTOR ( 'NONE', #880, 1000.000000000000000 ) ;
#4053 = AXIS2_PLACEMENT_3D ( 'NONE', #2149, #4355, #4032 ) ;
#4054 = APPLICATION_PROTOCOL_DEFINITION ( 'draft international standard', 'automotive_design', 1998, #2273 ) ;
#4055 = ORIENTED_EDGE ( 'NONE', *, *, #1095, .T. ) ;
#4056 = DIRECTION ( 'NONE',  ( 0.000000000000000000, 0.000000000000000000, -1.000000000000000000 ) ) ;
#4057 = CARTESIAN_POINT ( 'NONE',  ( -3.919183588453089673, 3.000000000000002665, -33.00000000000001421 ) ) ;
#4058 = ORIENTED_EDGE ( 'NONE', *, *, #4165, .F. ) ;
#4059 = FACE_OUTER_BOUND ( 'NONE', #3053, .T. ) ;
#4060 = ADVANCED_FACE ( 'NONE', ( #1762 ), #1784, .T. ) ;
#4061 = PRODUCT_RELATED_PRODUCT_CATEGORY ( 'part', '', ( #1708 ) ) ;
#4062 = EDGE_CURVE ( 'NONE', #3784, #2511, #2406, .T. ) ;
#4063 = ORIENTED_EDGE ( 'NONE', *, *, #806, .T. ) ;
#4064 = LINE ( 'NONE', #1804, #2031 ) ;
#4065 = VERTEX_POINT ( 'NONE', #684 ) ;
#4066 = LINE ( 'NONE', #3039, #2762 ) ;
#4067 = DIRECTION ( 'NONE',  ( 1.000000000000000000, 0.000000000000000000, 0.000000000000000000 ) ) ;
#4068 = ORIENTED_EDGE ( 'NONE', *, *, #2364, .T. ) ;
#4069 = ORIENTED_EDGE ( 'NONE', *, *, #240, .T. ) ;
#4070 = CARTESIAN_POINT ( 'NONE',  ( -0.6499999999999999112, -0.01653256877375865186, 37.07011037424604183 ) ) ;
#4071 = CARTESIAN_POINT ( 'NONE',  ( 3.499999999999997335, 8.176081362578115019, -6.431564759220684380 ) ) ;
#4072 = CARTESIAN_POINT ( 'NONE',  ( 0.6500000000000000222, -3.190814207394912838, 36.83445846704794491 ) ) ;
#4073 = ORIENTED_EDGE ( 'NONE', *, *, #1288, .T. ) ;
#4074 = DIRECTION ( 'NONE',  ( 0.000000000000000000, 0.000000000000000000, 1.000000000000000000 ) ) ;
#4075 = DIRECTION ( 'NONE',  ( -0.000000000000000000, 0.000000000000000000, -1.000000000000000000 ) ) ;
#4076 = CARTESIAN_POINT ( 'NONE',  ( -0.4365449101582111746, 7.543676751707915074, 3.479385040139010066 ) ) ;
#4077 = ORIENTED_EDGE ( 'NONE', *, *, #4106, .T. ) ;
#4078 = CARTESIAN_POINT ( 'NONE',  ( 7.500000000000000000, 13.10000000000000142, 8.099999999999996092 ) ) ;
#4079 = ORIENTED_EDGE ( 'NONE', *, *, #2115, .F. ) ;
#4080 = ORIENTED_EDGE ( 'NONE', *, *, #2373, .F. ) ;
#4081 = DIRECTION ( 'NONE',  ( -0.000000000000000000, 1.000000000000000000, -0.000000000000000000 ) ) ;
#4082 = DIRECTION ( 'NONE',  ( -1.000000000000000000, -0.000000000000000000, 4.336808689942018229E-16 ) ) ;
#4083 = ADVANCED_FACE ( 'NONE', ( #2455 ), #1691, .F. ) ;
#4084 = VERTEX_POINT ( 'NONE', #2434 ) ;
#4085 = EDGE_CURVE ( 'NONE', #2209, #445, #2756, .T. ) ;
#4086 = ORIENTED_EDGE ( 'NONE', *, *, #1918, .T. ) ;
#4087 = PLANE ( 'NONE',  #402 ) ;
#4088 = CARTESIAN_POINT ( 'NONE',  ( -0.6500000000000000222, 0.1888155173209505600, 34.82651745595467929 ) ) ;
#4089 = DIRECTION ( 'NONE',  ( 1.000000000000000000, 0.000000000000000000, -4.336808689942018229E-16 ) ) ;
#4090 = DIRECTION ( 'NONE',  ( 0.000000000000000000, 0.000000000000000000, 1.000000000000000000 ) ) ;
#4091 = ORIENTED_EDGE ( 'NONE', *, *, #291, .T. ) ;
#4092 = SURFACE_SIDE_STYLE ('',( #1670 ) ) ;
#4093 = CARTESIAN_POINT ( 'NONE',  ( 4.898587196589413815E-16, 2.500000000000000000, -37.79999999999999716 ) ) ;
#4094 = PLANE ( 'NONE',  #2771 ) ;
#4095 = ORIENTED_EDGE ( 'NONE', *, *, #748, .F. ) ;
#4096 = CARTESIAN_POINT ( 'NONE',  ( 0.000000000000000000, -0.9908127344636131761, 31.78000000000000114 ) ) ;
#4097 =( BOUNDED_SURFACE ( )  B_SPLINE_SURFACE ( 3, 3, ( 
 ( #3972, #4363, #483, #2973, #2274, #4387, #1901, #130, #1198, #3703 ),
 ( #3341, #2519, #3945, #1963, #2341, #919, #2664, #3722, #2683, #524 ),
 ( #3455, #1937, #2295, #1290, #194, #3364, #609, #2710, #4070, #1625 ),
 ( #4479, #959, #2378, #173, #213, #4088, #4149, #2024, #4130, #1606 ),
 ( #569, #878, #264, #3062, #3024, #2359, #2313, #3807, #895, #942 ),
 ( #3745, #3788, #2730, #4459, #1984, #587, #3408, #2002, #3430, #1266 ),
 ( #1685, #4108, #3389, #235, #4437, #1643, #3108, #1229, #1249, #547 ) ),
 .UNSPECIFIED., .T., .F., .F. ) 
 B_SPLINE_SURFACE_WITH_KNOTS ( ( 4, 3, 4 ),
 ( 4, 2, 2, 2, 4 ),
 ( 0.000000000000000000, 0.5000000000000000000, 1.000000000000000000 ),
 ( 0.000000000000000000, 0.2500000000000000000, 0.5000000000000000000, 0.7500000000000000000, 1.000000000000000000 ),
 .UNSPECIFIED. ) 
 GEOMETRIC_REPRESENTATION_ITEM ( )  RATIONAL_B_SPLINE_SURFACE ( (
 ( 1.000000000000000000, 1.000000000000000000, 1.000000000000000000, 1.000000000000000000, 1.000000000000000000, 1.000000000000000000, 1.000000000000000000, 1.000000000000000000, 1.000000000000000000, 1.000000000000000000),
 ( 0.3333333333333333703, 0.3333333333333333703, 0.3333333333333333703, 0.3333333333333333703, 0.3333333333333333703, 0.3333333333333333703, 0.3333333333333333703, 0.3333333333333333703, 0.3333333333333333703, 0.3333333333333333703),
 ( 0.3333333333333333703, 0.3333333333333333703, 0.3333333333333333703, 0.3333333333333333703, 0.3333333333333333703, 0.3333333333333333703, 0.3333333333333333703, 0.3333333333333333703, 0.3333333333333333703, 0.3333333333333333703),
 ( 1.000000000000000000, 1.000000000000000000, 1.000000000000000000, 1.000000000000000000, 1.000000000000000000, 1.000000000000000000, 1.000000000000000000, 1.000000000000000000, 1.000000000000000000, 1.000000000000000000),
 ( 0.3333333333333333703, 0.3333333333333333703, 0.3333333333333333703, 0.3333333333333333703, 0.3333333333333333703, 0.3333333333333333703, 0.3333333333333333703, 0.3333333333333333703, 0.3333333333333333703, 0.3333333333333333703),
 ( 0.3333333333333333703, 0.3333333333333333703, 0.3333333333333333703, 0.3333333333333333703, 0.3333333333333333703, 0.3333333333333333703, 0.3333333333333333703, 0.3333333333333333703, 0.3333333333333333703, 0.3333333333333333703),
 ( 1.000000000000000000, 1.000000000000000000, 1.000000000000000000, 1.000000000000000000, 1.000000000000000000, 1.000000000000000000, 1.000000000000000000, 1.000000000000000000, 1.000000000000000000, 1.000000000000000000) ) ) 
 REPRESENTATION_ITEM ( '' )  SURFACE ( )  );
#4098 = AXIS2_PLACEMENT_3D ( 'NONE', #3753, #1584, #4075 ) ;
#4099 = ORIENTED_EDGE ( 'NONE', *, *, #1887, .T. ) ;
#4100 = CARTESIAN_POINT ( 'NONE',  ( 4.000000000000000000, -11.93398113205660493, -6.399999999999999467 ) ) ;
#4101 = ORIENTED_EDGE ( 'NONE', *, *, #2168, .T. ) ;
#4102 = CARTESIAN_POINT ( 'NONE',  ( 2.500000000000002220, 7.571286292197376255, 2.577464788732400258 ) ) ;
#4103 = AXIS2_PLACEMENT_3D ( 'NONE', #3148, #302, #3893 ) ;
#4104 = ORIENTED_EDGE ( 'NONE', *, *, #351, .T. ) ;
#4105 = VECTOR ( 'NONE', #2234, 1000.000000000000000 ) ;
#4106 = EDGE_CURVE ( 'NONE', #4468, #3562, #3841, .T. ) ;
#4107 = CARTESIAN_POINT ( 'NONE',  ( 2.500000000000002220, 6.664939782721532424, 3.999999999999999112 ) ) ;
#4108 = CARTESIAN_POINT ( 'NONE',  ( 0.6500000000000000222, 0.7000004717071683924, 32.54064752519589376 ) ) ;
#4109 = CARTESIAN_POINT ( 'NONE',  ( 5.833030277982336642, -4.336808689942017736E-16, -7.500000000000000000 ) ) ;
#4110 = CARTESIAN_POINT ( 'NONE',  ( 0.6500000000000000222, 0.1888155173209505600, 34.82651745595467929 ) ) ;
#4111 = EDGE_LOOP ( 'NONE', ( #1108, #303 ) ) ;
#4112 = EDGE_CURVE ( 'NONE', #3325, #1668, #3584, .T. ) ;
#4113 = APPLICATION_CONTEXT ( 'automotive_design' ) ;
#4114 = COLOUR_RGB ( '',0.7921568627450980005, 0.8196078431372548767, 0.9333333333333333481 ) ;
#4115 = COLOUR_RGB ( '',0.7921568627450980005, 0.8196078431372548767, 0.9333333333333333481 ) ;
#4116 = EDGE_CURVE ( 'NONE', #3261, #423, #3184, .T. ) ;
#4117 = FACE_OUTER_BOUND ( 'NONE', #3994, .T. ) ;
#4118 = DIRECTION ( 'NONE',  ( 0.000000000000000000, 0.000000000000000000, -1.000000000000000000 ) ) ;
#4119 = CIRCLE ( 'NONE', #4188, 4.000000000000000888 ) ;
#4120 = ORIENTED_EDGE ( 'NONE', *, *, #2721, .T. ) ;
#4121 = CARTESIAN_POINT ( 'NONE',  ( 9.465000000000005187, 5.500000000000000000, -16.60000000000000853 ) ) ;
#4122 = VECTOR ( 'NONE', #1979, 1000.000000000000000 ) ;
#4123 = AXIS2_PLACEMENT_3D ( 'NONE', #999, #1720, #3845 ) ;
#4124 = ORIENTED_EDGE ( 'NONE', *, *, #3630, .F. ) ;
#4125 = LINE ( 'NONE', #2041, #2552 ) ;
#4126 = VERTEX_POINT ( 'NONE', #2481 ) ;
#4127 = FACE_OUTER_BOUND ( 'NONE', #2137, .T. ) ;
#4128 = ORIENTED_EDGE ( 'NONE', *, *, #3163, .T. ) ;
#4129 = DIRECTION ( 'NONE',  ( 0.000000000000000000, 0.000000000000000000, 1.000000000000000000 ) ) ;
#4130 = CARTESIAN_POINT ( 'NONE',  ( -0.6500000000000000222, -1.006391877150270675, 36.22684216904888643 ) ) ;
#4131 = DIRECTION ( 'NONE',  ( 1.000000000000000000, 0.000000000000000000, 0.000000000000000000 ) ) ;
#4132 = ORIENTED_EDGE ( 'NONE', *, *, #3320, .T. ) ;
#4133 = FILL_AREA_STYLE_COLOUR ( '', #3071 ) ;
#4134 = DIRECTION ( 'NONE',  ( -3.469446951953620598E-16, 0.000000000000000000, 1.000000000000000000 ) ) ;
#4135 = FACE_OUTER_BOUND ( 'NONE', #1026, .T. ) ;
#4136 = EDGE_CURVE ( 'NONE', #699, #2291, #1601, .T. ) ;
#4137 = ADVANCED_FACE ( 'NONE', ( #1433 ), #1713, .T. ) ;
#4138 = ORIENTED_EDGE ( 'NONE', *, *, #947, .T. ) ;
#4139 = CARTESIAN_POINT ( 'NONE',  ( -9.999999999999996447, 3.000000000000000000, -5.099999999999996980 ) ) ;
#4140 =( LENGTH_UNIT ( ) NAMED_UNIT ( * ) SI_UNIT ( .MILLI., .METRE. ) );
#4141 = ORIENTED_EDGE ( 'NONE', *, *, #4360, .F. ) ;
#4142 = CARTESIAN_POINT ( 'NONE',  ( 0.000000000000000000, 3.000000000000000000, -3.000000000000000444 ) ) ;
#4143 = ORIENTED_EDGE ( 'NONE', *, *, #3477, .T. ) ;
#4144 = DIRECTION ( 'NONE',  ( 0.000000000000000000, 0.000000000000000000, 1.000000000000000000 ) ) ;
#4145 = ORIENTED_EDGE ( 'NONE', *, *, #898, .F. ) ;
#4146 = EDGE_LOOP ( 'NONE', ( #1855, #2112 ) ) ;
#4147 = ORIENTED_EDGE ( 'NONE', *, *, #3117, .F. ) ;
#4148 = CARTESIAN_POINT ( 'NONE',  ( 4.500000013942037747, 8.589910683846845529, 4.115078349897643761 ) ) ;
#4149 = CARTESIAN_POINT ( 'NONE',  ( -0.6500000000000000222, -0.02448351313884858035, 35.09712984753234366 ) ) ;
#4150 = DIRECTION ( 'NONE',  ( 0.000000000000000000, 0.000000000000000000, 1.000000000000000000 ) ) ;
#4151 = ORIENTED_EDGE ( 'NONE', *, *, #3700, .F. ) ;
#4152 = CARTESIAN_POINT ( 'NONE',  ( 2.499999999999998224, 4.661157024793392445, -4.000000000000000888 ) ) ;
#4153 = CARTESIAN_POINT ( 'NONE',  ( 12.46499999999999986, 5.500000000000000000, -16.60000000000000853 ) ) ;
#4154 = CARTESIAN_POINT ( 'NONE',  ( -0.8612182687217377897, 7.582859738458044063, 3.399263862919162715 ) ) ;
#4155 = ORIENTED_EDGE ( 'NONE', *, *, #722, .F. ) ;
#4156 = ADVANCED_FACE ( 'NONE', ( #642, #4245 ), #1058, .F. ) ;
#4157 = VERTEX_POINT ( 'NONE', #3559 ) ;
#4158 = ORIENTED_EDGE ( 'NONE', *, *, #183, .F. ) ;
#4159 = CLOSED_SHELL ( 'NONE', ( #4217, #2119, #1341, #4367 ) ) ;
#4160 = EDGE_LOOP ( 'NONE', ( #2376, #3283, #1312 ) ) ;
#4161 = ADVANCED_FACE ( 'NONE', ( #3162 ), #3114, .F. ) ;
#4162 = CARTESIAN_POINT ( 'NONE',  ( 1.550510257216822119, 1.999999999999999556, -7.500000000000000000 ) ) ;
#4163 = ORIENTED_EDGE ( 'NONE', *, *, #2799, .T. ) ;
#4164 = DIRECTION ( 'NONE',  ( 1.000000000000000000, 0.000000000000000000, -1.826024711554533913E-16 ) ) ;
#4165 = EDGE_CURVE ( 'NONE', #4295, #858, #2030, .T. ) ;
#4166 = ORIENTED_EDGE ( 'NONE', *, *, #1975, .T. ) ;
#4167 = VECTOR ( 'NONE', #384, 1000.000000000000000 ) ;
#4168 = ORIENTED_EDGE ( 'NONE', *, *, #3199, .F. ) ;
#4169 = LINE ( 'NONE', #3106, #2164 ) ;
#4170 = DIRECTION ( 'NONE',  ( 0.000000000000000000, 2.602085213965210642E-15, -1.000000000000000000 ) ) ;
#4171 = AXIS2_PLACEMENT_3D ( 'NONE', #3852, #1047, #700 ) ;
#4172 = LINE ( 'NONE', #1382, #1136 ) ;
#4173 = LINE ( 'NONE', #337, #621 ) ;
#4174 = AXIS2_PLACEMENT_3D ( 'NONE', #19, #1140, #1885 ) ;
#4175 = CARTESIAN_POINT ( 'NONE',  ( -1.069399376137748492, 7.609008021104933128, -3.339629223901935617 ) ) ;
#4176 = DIRECTION ( 'NONE',  ( -0.000000000000000000, -1.000000000000000000, -0.000000000000000000 ) ) ;
#4177 = LINE ( 'NONE', #992, #3367 ) ;
#4178 = CARTESIAN_POINT ( 'NONE',  ( 12.46499999999999808, 8.000000000000000000, -19.09999999999999787 ) ) ;
#4179 = CARTESIAN_POINT ( 'NONE',  ( -9.465000000000005187, 3.000000000000000000, -14.10000000000000142 ) ) ;
#4180 = AXIS2_PLACEMENT_3D ( 'NONE', #403, #447, #2891 ) ;
#4181 = ORIENTED_EDGE ( 'NONE', *, *, #39, .T. ) ;
#4182 = AXIS2_PLACEMENT_3D ( 'NONE', #4121, #3416, #221 ) ;
#4183 = CIRCLE ( 'NONE', #2177, 8.099999999999999645 ) ;
#4184 = ORIENTED_EDGE ( 'NONE', *, *, #3995, .F. ) ;
#4185 = CARTESIAN_POINT ( 'NONE',  ( -2.367841899883667001, 7.571286292197387802, -2.577464788732422907 ) ) ;
#4186 = MECHANICAL_DESIGN_GEOMETRIC_PRESENTATION_REPRESENTATION (  '', ( #3150 ), #3227 ) ;
#4187 = CIRCLE ( 'NONE', #989, 1.400000000000000133 ) ;
#4188 = AXIS2_PLACEMENT_3D ( 'NONE', #943, #1251, #4090 ) ;
#4189 = AXIS2_PLACEMENT_3D ( 'NONE', #3721, #1248, #958 ) ;
#4190 = ORIENTED_EDGE ( 'NONE', *, *, #4584, .T. ) ;
#4191 = CARTESIAN_POINT ( 'NONE',  ( 3.673940397442060361E-16, 3.000000000000000000, 3.000000000000000444 ) ) ;
#4192 = VERTEX_POINT ( 'NONE', #290 ) ;
#4193 = FACE_OUTER_BOUND ( 'NONE', #1934, .T. ) ;
#4194 = AXIS2_PLACEMENT_3D ( 'NONE', #3241, #2866, #4283 ) ;
#4196 = ADVANCED_FACE ( 'NONE', ( #3135 ), #4550, .F. ) ;
#4195 = ORIENTED_EDGE ( 'NONE', *, *, #4362, .T. ) ;
#4197 = UNCERTAINTY_MEASURE_WITH_UNIT (LENGTH_MEASURE( 1.000000000000000082E-05 ), #2064, 'distance_accuracy_value', 'NONE');
#4198 = EDGE_CURVE ( 'NONE', #3038, #1677, #1480, .T. ) ;
#4199 = DIRECTION ( 'NONE',  ( 0.000000000000000000, 0.000000000000000000, 1.000000000000000000 ) ) ;
#4200 = DIRECTION ( 'NONE',  ( 0.000000000000000000, 0.000000000000000000, 1.000000000000000000 ) ) ;
#4201 = CARTESIAN_POINT ( 'NONE',  ( 3.499999999999998224, 5.000000000000000000, -3.999999999999998224 ) ) ;
#4202 = CARTESIAN_POINT ( 'NONE',  ( 1.070345369746963815, 7.609134765562758140, -3.339390254379423606 ) ) ;
#4203 = CARTESIAN_POINT ( 'NONE',  ( 4.286213174372938515E-16, 7.530965186505963693, -3.500000000000000000 ) ) ;
#4204 = CARTESIAN_POINT ( 'NONE',  ( 4.000000000000000000, 0.9999999999999995559, -4.999999999999999112 ) ) ;
#4205 = CARTESIAN_POINT ( 'NONE',  ( -14.46500000000000696, 3.000000000000000000, -43.00000000000000000 ) ) ;
#4206 = DIRECTION ( 'NONE',  ( 0.000000000000000000, 0.000000000000000000, 1.000000000000000000 ) ) ;
#4207 = ORIENTED_EDGE ( 'NONE', *, *, #4448, .F. ) ;
#4208 = VERTEX_POINT ( 'NONE', #3298 ) ;
#4209 = CARTESIAN_POINT ( 'NONE',  ( -14.46500000000000696, 8.000000000000000000, -38.00000000000000711 ) ) ;
#4210 = EDGE_LOOP ( 'NONE', ( #1006, #1573, #1074, #2758, #4086, #2463, #739, #1619, #258, #3532, #2570 ) ) ;
#4211 = DIRECTION ( 'NONE',  ( -0.000000000000000000, -1.000000000000000000, -0.000000000000000000 ) ) ;
#4212 = CARTESIAN_POINT ( 'NONE',  ( 1.550510257216822563, 2.499999999999999556, -7.500000000000000000 ) ) ;
#4213 = ORIENTED_EDGE ( 'NONE', *, *, #1279, .F. ) ;
#4214 = ORIENTED_EDGE ( 'NONE', *, *, #3827, .T. ) ;
#4215 = FACE_OUTER_BOUND ( 'NONE', #3948, .T. ) ;
#4216 = CARTESIAN_POINT ( 'NONE',  ( -2.499999999999998668, 7.571286292197376255, 2.577464788732402479 ) ) ;
#4217 = ADVANCED_FACE ( 'NONE', ( #1875 ), #3756, .T. ) ;
#4218 = DIRECTION ( 'NONE',  ( 0.000000000000000000, 1.000000000000000000, 0.000000000000000000 ) ) ;
#4219 = CARTESIAN_POINT ( 'NONE',  ( 0.6500000000000000222, 0.7000004686599590187, 31.78000000000000114 ) ) ;
#4220 = ADVANCED_FACE ( 'NONE', ( #2731 ), #526, .F. ) ;
#4221 = CARTESIAN_POINT ( 'NONE',  ( -0.6499999999999999112, -2.181801706382234141, 37.65414973380643460 ) ) ;
#4222 = DIRECTION ( 'NONE',  ( 0.000000000000000000, 1.000000000000000000, 0.000000000000000000 ) ) ;
#4223 = LINE ( 'NONE', #271, #4470 ) ;
#4224 = DIRECTION ( 'NONE',  ( 1.000000000000000000, 0.000000000000000000, -4.336808689942017736E-16 ) ) ;
#4225 = ORIENTED_EDGE ( 'NONE', *, *, #831, .F. ) ;
#4226 = B_SPLINE_CURVE_WITH_KNOTS ( 'NONE', 3,
 ( #4568, #1380, #3266, #3289, #2941, #772, #1101, #1797, #1452, #1473 ),
 .UNSPECIFIED., .F., .F.,
 ( 4, 2, 2, 2, 4 ),
 ( 0.000000000000000000, 0.2500000000000000000, 0.5000000000000000000, 0.7500000000000000000, 1.000000000000000000 ),
 .UNSPECIFIED. ) ;
#4227 = EDGE_LOOP ( 'NONE', ( #2871, #2862, #42, #687 ) ) ;
#4228 = CYLINDRICAL_SURFACE ( 'NONE', #3896, 1.000000000000000888 ) ;
#4229 = VERTEX_POINT ( 'NONE', #3366 ) ;
#4230 = CYLINDRICAL_SURFACE ( 'NONE', #3669, 4.000000000000000888 ) ;
#4231 = DIRECTION ( 'NONE',  ( 0.000000000000000000, 0.000000000000000000, -1.000000000000000000 ) ) ;
#4232 = EDGE_LOOP ( 'NONE', ( #2153, #1463 ) ) ;
#4233 = APPLICATION_PROTOCOL_DEFINITION ( 'draft international standard', 'automotive_design', 1998, #3710 ) ;
#4234 = ORIENTED_EDGE ( 'NONE', *, *, #2489, .T. ) ;
#4235 = CARTESIAN_POINT ( 'NONE',  ( 9.465000000000003411, 5.500000000000000000, -12.59999999999999787 ) ) ;
#4236 = CARTESIAN_POINT ( 'NONE',  ( 4.100895523769257700, 7.942710288732437895, -3.259284977133583006 ) ) ;
#4237 = CARTESIAN_POINT ( 'NONE',  ( 12.46499999999999986, 5.500000000000000000, -15.60000000000000675 ) ) ;
#4238 = CARTESIAN_POINT ( 'NONE',  ( 0.000000000000000000, 0.000000000000000000, -33.79999999999999716 ) ) ;
#4239 = EDGE_CURVE ( 'NONE', #416, #3368, #2343, .T. ) ;
#4240 = VECTOR ( 'NONE', #2106, 1000.000000000000000 ) ;
#4241 = CARTESIAN_POINT ( 'NONE',  ( -0.6499999999999999112, 0.3091872689073096314, 32.55671028469031114 ) ) ;
#4242 = DIRECTION ( 'NONE',  ( 0.000000000000000000, 0.000000000000000000, 1.000000000000000000 ) ) ;
#4243 = FACE_OUTER_BOUND ( 'NONE', #4160, .T. ) ;
#4244 = CARTESIAN_POINT ( 'NONE',  ( 0.000000000000000000, 3.000000000000000000, 0.000000000000000000 ) ) ;
#4245 = FACE_OUTER_BOUND ( 'NONE', #1481, .T. ) ;
#4246 = AXIS2_PLACEMENT_3D ( 'NONE', #2889, #810, #422 ) ;
#4247 = VERTEX_POINT ( 'NONE', #4461 ) ;
#4248 = EDGE_CURVE ( 'NONE', #1715, #3631, #2109, .T. ) ;
#4249 = PRODUCT_RELATED_PRODUCT_CATEGORY ( 'part', '', ( #2037 ) ) ;
#4250 = EDGE_CURVE ( 'NONE', #2344, #1189, #236, .T. ) ;
#4251 = AXIS2_PLACEMENT_3D ( 'NONE', #4331, #1826, #47 ) ;
#4252 = DIRECTION ( 'NONE',  ( 0.000000000000000000, 0.000000000000000000, 1.000000000000000000 ) ) ;
#4253 = LINE ( 'NONE', #4347, #3425 ) ;
#4254 = CARTESIAN_POINT ( 'NONE',  ( 7.499999999999996447, 4.661157024793390669, -5.000000000000001776 ) ) ;
#4255 = AXIS2_PLACEMENT_3D ( 'NONE', #2703, #4537, #3054 ) ;
#4256 = AXIS2_PLACEMENT_3D ( 'NONE', #2393, #4164, #955 ) ;
#4257 = DIRECTION ( 'NONE',  ( -0.9872135295763183604, 0.000000000000000000, 0.1594034096921014554 ) ) ;
#4258 = AXIS2_PLACEMENT_3D ( 'NONE', #2441, #3891, #370 ) ;
#4259 = ORIENTED_EDGE ( 'NONE', *, *, #3035, .T. ) ;
#4260 = FACE_OUTER_BOUND ( 'NONE', #379, .T. ) ;
#4261 = DIRECTION ( 'NONE',  ( 0.000000000000000000, 0.000000000000000000, 1.000000000000000000 ) ) ;
#4262 = ORIENTED_EDGE ( 'NONE', *, *, #3093, .T. ) ;
#4263 = CIRCLE ( 'NONE', #3819, 4.000000000000000888 ) ;
#4264 = CIRCLE ( 'NONE', #22, 1.000000000000000000 ) ;
#4265 = CARTESIAN_POINT ( 'NONE',  ( -14.46500000000000341, 8.000000000000000000, -19.09999999999999787 ) ) ;
#4266 = CARTESIAN_POINT ( 'NONE',  ( 3.499999999999999556, 8.059166735548576099, -5.000000000000000888 ) ) ;
#4267 = EDGE_CURVE ( 'NONE', #2000, #2905, #2706, .T. ) ;
#4268 = CARTESIAN_POINT ( 'NONE',  ( 4.500000000000003553, 8.769143251668497285, 4.295774647887322217 ) ) ;
#4269 = VECTOR ( 'NONE', #2107, 1000.000000000000000 ) ;
#4270 = CYLINDRICAL_SURFACE ( 'NONE', #1819, 1.600000000000001643 ) ;
#4271 = AXIS2_PLACEMENT_3D ( 'NONE', #1043, #329, #1097 ) ;
#4272 = AXIS2_PLACEMENT_3D ( 'NONE', #2585, #1123, #407 ) ;
#4273 = DIRECTION ( 'NONE',  ( 6.158064649527240464E-16, -0.7042253521126761173, 0.7099765161199188546 ) ) ;
#4274 = CARTESIAN_POINT ( 'NONE',  ( 14.46500000000001052, 5.500000000000000000, -16.60000000000000853 ) ) ;
#4275 =( NAMED_UNIT ( * ) SI_UNIT ( $, .STERADIAN. ) SOLID_ANGLE_UNIT ( ) );
#4276 = CARTESIAN_POINT ( 'NONE',  ( 1.959434878635764491E-16, 3.000000000000000000, -32.20000000000000284 ) ) ;
#4277 = DIRECTION ( 'NONE',  ( -1.000000000000000000, 0.000000000000000000, -0.000000000000000000 ) ) ;
#4278 = ORIENTED_EDGE ( 'NONE', *, *, #665, .F. ) ;
#4279 = CARTESIAN_POINT ( 'NONE',  ( 2.685416502472600886, 6.677130843459705645, -4.013248402375484858 ) ) ;
#4280 = VERTEX_POINT ( 'NONE', #4416 ) ;
#4281 = DIRECTION ( 'NONE',  ( -1.000000000000000000, -0.000000000000000000, 4.336808689942017736E-16 ) ) ;
#4282 = EDGE_CURVE ( 'NONE', #3699, #3381, #2615, .T. ) ;
#4283 = DIRECTION ( 'NONE',  ( -0.9831016144091256903, -0.1829259225565088021, 0.007023005269902688440 ) ) ;
#4284 = ORIENTED_EDGE ( 'NONE', *, *, #578, .T. ) ;
#4285 = DIRECTION ( 'NONE',  ( 4.283267841918042495E-16, 0.000000000000000000, 1.000000000000000000 ) ) ;
#4286 = VERTEX_POINT ( 'NONE', #3064 ) ;
#4287 = UNCERTAINTY_MEASURE_WITH_UNIT (LENGTH_MEASURE( 1.000000000000000082E-05 ), #2636, 'distance_accuracy_value', 'NONE');
#4288 = CARTESIAN_POINT ( 'NONE',  ( 4.000000000000000000, 1.999999999999999556, -1.499999999999999112 ) ) ;
#4289 = CARTESIAN_POINT ( 'NONE',  ( 4.499999999999997335, 13.10000000000000142, -7.100000000000001421 ) ) ;
#4290 = DIRECTION ( 'NONE',  ( 0.000000000000000000, 0.000000000000000000, -1.000000000000000000 ) ) ;
#4291 = CARTESIAN_POINT ( 'NONE',  ( -0.6500000000000000222, -1.198801866077908063, 34.24703469474839324 ) ) ;
#4292 = LINE ( 'NONE', #451, #4420 ) ;
#4293 = SURFACE_STYLE_FILL_AREA ( #1457 ) ;
#4294 = CARTESIAN_POINT ( 'NONE',  ( 12.46500000000000341, 5.499999999999999112, -39.49999999999999289 ) ) ;
#4295 = VERTEX_POINT ( 'NONE', #196 ) ;
#4296 = CARTESIAN_POINT ( 'NONE',  ( -2.499999999999998668, 6.664939782721536865, 4.000000000000000000 ) ) ;
#4297 = DIRECTION ( 'NONE',  ( 1.826024711554533913E-16, 0.000000000000000000, 1.000000000000000000 ) ) ;
#4298 = DIRECTION ( 'NONE',  ( -3.469446951953620598E-16, 0.000000000000000000, 1.000000000000000000 ) ) ;
#4299 = CONTEXT_DEPENDENT_SHAPE_REPRESENTATION ( #2208, #3766 ) ;
#4300 = EDGE_CURVE ( 'NONE', #2089, #3772, #1296, .T. ) ;
#4301 = ORIENTED_EDGE ( 'NONE', *, *, #3882, .T. ) ;
#4302 = DIRECTION ( 'NONE',  ( 2.001324082139926266E-16, 0.000000000000000000, -1.000000000000000000 ) ) ;
#4303 = CYLINDRICAL_SURFACE ( 'NONE', #1871, 8.099999999999999645 ) ;
#4304 = ORIENTED_EDGE ( 'NONE', *, *, #876, .F. ) ;
#4305 = EDGE_CURVE ( 'NONE', #3256, #445, #3724, .T. ) ;
#4306 = EDGE_CURVE ( 'NONE', #4000, #1660, #2315, .T. ) ;
#4307 = DIRECTION ( 'NONE',  ( 0.000000000000000000, 0.000000000000000000, 1.000000000000000000 ) ) ;
#4308 = LINE ( 'NONE', #1169, #461 ) ;
#4309 = CARTESIAN_POINT ( 'NONE',  ( 4.000000000000000000, 0.000000000000000000, -6.399999999999999467 ) ) ;
#4310 = CARTESIAN_POINT ( 'NONE',  ( -0.6499999999999999112, -0.7100620523159114628, 35.92183832220976569 ) ) ;
#4311 = CARTESIAN_POINT ( 'NONE',  ( -0.6500000000000000222, -4.199826708407588427, 36.01476720028945522 ) ) ;
#4312 = AXIS2_PLACEMENT_3D ( 'NONE', #2321, #3327, #4422 ) ;
#4313 = DIRECTION ( 'NONE',  ( 1.000000000000000000, 0.000000000000000000, 0.000000000000000000 ) ) ;
#4314 = DIRECTION ( 'NONE',  ( 1.000000000000000000, 0.000000000000000000, 2.398511546459462900E-16 ) ) ;
#4315 = CARTESIAN_POINT ( 'NONE',  ( -0.6499999999999999112, 0.3502795459040036752, 36.66050930035861910 ) ) ;
#4316 = ORIENTED_EDGE ( 'NONE', *, *, #2507, .F. ) ;
#4317 = AXIS2_PLACEMENT_3D ( 'NONE', #73, #362, #1502 ) ;
#4318 = DIRECTION ( 'NONE',  ( 0.000000000000000000, 0.000000000000000000, 1.000000000000000000 ) ) ;
#4319 = EDGE_LOOP ( 'NONE', ( #3689, #2191, #2459, #914 ) ) ;
#4320 = DIRECTION ( 'NONE',  ( 0.000000000000000000, 0.000000000000000000, 1.000000000000000000 ) ) ;
#4321 = AXIS2_PLACEMENT_3D ( 'NONE', #3025, #798, #1250 ) ;
#4322 = AXIS2_PLACEMENT_3D ( 'NONE', #1894, #1867, #2562 ) ;
#4323 = ORIENTED_EDGE ( 'NONE', *, *, #1498, .F. ) ;
#4324 = DIRECTION ( 'NONE',  ( 0.000000000000000000, 1.962228194137699957E-14, -1.000000000000000000 ) ) ;
#4325 = EDGE_LOOP ( 'NONE', ( #3695, #899 ) ) ;
#4326 = CARTESIAN_POINT ( 'NONE',  ( -2.500000000000001332, -9.899494936611665352, 2.449489742783176993 ) ) ;
#4327 = ORIENTED_EDGE ( 'NONE', *, *, #1098, .F. ) ;
#4328 = PRODUCT_DEFINITION_CONTEXT ( 'detailed design', #3710, 'design' ) ;
#4329 = CARTESIAN_POINT ( 'NONE',  ( 0.6500000000000000222, -1.198801866077908063, 34.24703469474839324 ) ) ;
#4330 = CARTESIAN_POINT ( 'NONE',  ( 3.542013589547607477, 7.692752376366362554, -2.824453323419282125 ) ) ;
#4331 = CARTESIAN_POINT ( 'NONE',  ( -9.999999999999996447, 2.500000000000000000, -5.099999999999996980 ) ) ;
#4332 = FACE_OUTER_BOUND ( 'NONE', #2613, .T. ) ;
#4333 = EDGE_CURVE ( 'NONE', #866, #1598, #4119, .T. ) ;
#4334 = DIRECTION ( 'NONE',  ( -1.000000000000000000, 0.000000000000000000, 0.000000000000000000 ) ) ;
#4335 = AXIS2_PLACEMENT_3D ( 'NONE', #2596, #1880, #3654 ) ;
#4336 = CIRCLE ( 'NONE', #2405, 1.000000000000000888 ) ;
#4337 = EDGE_CURVE ( 'NONE', #3022, #1002, #1519, .T. ) ;
#4338 = AXIS2_PLACEMENT_3D ( 'NONE', #2059, #7, #4576 ) ;
#4339 = AXIS2_PLACEMENT_3D ( 'NONE', #1521, #2990, #4404 ) ;
#4340 = CARTESIAN_POINT ( 'NONE',  ( -14.46500000000000696, 8.000000000000000000, -43.00000000000000000 ) ) ;
#4341 = FACE_OUTER_BOUND ( 'NONE', #1468, .T. ) ;
#4342 = DIRECTION ( 'NONE',  ( -1.826024711554533913E-16, 0.000000000000000000, 1.000000000000000000 ) ) ;
#4343 = CARTESIAN_POINT ( 'NONE',  ( 0.6500000000000000222, 0.5819080843976162098, 33.93816449873333596 ) ) ;
#4344 = ORIENTED_EDGE ( 'NONE', *, *, #3339, .T. ) ;
#4345 =( GEOMETRIC_REPRESENTATION_CONTEXT ( 3 ) GLOBAL_UNCERTAINTY_ASSIGNED_CONTEXT ( ( #1354 ) ) GLOBAL_UNIT_ASSIGNED_CONTEXT ( ( #4140, #3382, #2673 ) ) REPRESENTATION_CONTEXT ( 'NONE', 'WORKASPACE' ) );
#4346 = FACE_OUTER_BOUND ( 'NONE', #1192, .T. ) ;
#4347 = CARTESIAN_POINT ( 'NONE',  ( 0.000000000000000000, -2.500000000000000444, 2.499999999999999556 ) ) ;
#4348 = LINE ( 'NONE', #2550, #21 ) ;
#4349 = APPLICATION_CONTEXT ( 'automotive_design' ) ;
#4350 = ORIENTED_EDGE ( 'NONE', *, *, #3483, .T. ) ;
#4351 = CARTESIAN_POINT ( 'NONE',  ( -14.46500000000000696, 8.000000000000000000, -33.00000000000001421 ) ) ;
#4352 = CARTESIAN_POINT ( 'NONE',  ( 7.499999999999992895, 13.10000000000000142, -8.100000000000003197 ) ) ;
#4353 = ORIENTED_EDGE ( 'NONE', *, *, #2399, .F. ) ;
#4354 = CARTESIAN_POINT ( 'NONE',  ( 3.764402307065378483, 7.765355590136933550, -2.959295939878704651 ) ) ;
#4355 = DIRECTION ( 'NONE',  ( 0.000000000000000000, 1.000000000000000000, 0.000000000000000000 ) ) ;
#4356 = LINE ( 'NONE', #1848, #1277 ) ;
#4357 = DIRECTION ( 'NONE',  ( 1.000000000000000000, 0.000000000000000000, 0.000000000000000000 ) ) ;
#4358 = DIRECTION ( 'NONE',  ( 0.000000000000000000, 0.000000000000000000, 1.000000000000000000 ) ) ;
#4359 = VERTEX_POINT ( 'NONE', #3391 ) ;
#4360 = EDGE_CURVE ( 'NONE', #4084, #518, #2857, .T. ) ;
#4361 = CARTESIAN_POINT ( 'NONE',  ( -0.6500000000000000222, -2.720531380208930372, 34.27242137285491452 ) ) ;
#4362 = EDGE_CURVE ( 'NONE', #3985, #956, #2003, .T. ) ;
#4363 = CARTESIAN_POINT ( 'NONE',  ( 0.6500000000000000222, 0.7000004717071683924, 32.54064752519589376 ) ) ;
#4364 = FACE_OUTER_BOUND ( 'NONE', #1991, .T. ) ;
#4365 = CARTESIAN_POINT ( 'NONE',  ( -0.6499999999999999112, -0.01653256877375865186, 37.07011037424604183 ) ) ;
#4366 = EDGE_LOOP ( 'NONE', ( #1326, #4501, #2015, #1594 ) ) ;
#4367 = ADVANCED_FACE ( 'NONE', ( #3834 ), #2845, .F. ) ;
#4368 = EDGE_CURVE ( 'NONE', #3772, #108, #1173, .T. ) ;
#4369 = EDGE_LOOP ( 'NONE', ( #3432, #3329 ) ) ;
#4370 = CARTESIAN_POINT ( 'NONE',  ( 9.464999999999999858, 8.000000000000000000, -43.00000000000000000 ) ) ;
#4371 = DIRECTION ( 'NONE',  ( -1.000000000000000000, -0.000000000000000000, 4.336808689942018229E-16 ) ) ;
#4372 = CARTESIAN_POINT ( 'NONE',  ( 5.974999999999999645, 7.317264624905434371E-16, 0.000000000000000000 ) ) ;
#4373 = ORIENTED_EDGE ( 'NONE', *, *, #3094, .T. ) ;
#4374 = DIRECTION ( 'NONE',  ( 1.000000000000000000, 0.000000000000000000, 0.000000000000000000 ) ) ;
#4375 = ORIENTED_EDGE ( 'NONE', *, *, #2945, .T. ) ;
#4376 = FACE_OUTER_BOUND ( 'NONE', #3353, .T. ) ;
#4377 = ORIENTED_EDGE ( 'NONE', *, *, #2053, .T. ) ;
#4378 =( NAMED_UNIT ( * ) PLANE_ANGLE_UNIT ( ) SI_UNIT ( $, .RADIAN. ) );
#4379 = DIRECTION ( 'NONE',  ( 0.000000000000000000, 0.000000000000000000, 1.000000000000000000 ) ) ;
#4380 = CARTESIAN_POINT ( 'NONE',  ( 4.000000000000000000, -2.500000000000000444, -4.999999999999999112 ) ) ;
#4381 = EDGE_LOOP ( 'NONE', ( #2228, #2039, #1951, #3018 ) ) ;
#4382 = CYLINDRICAL_SURFACE ( 'NONE', #2759, 1.000000000000000000 ) ;
#4383 = CARTESIAN_POINT ( 'NONE',  ( 0.000000000000000000, 8.000000000000000000, -33.79999999999999716 ) ) ;
#4384 = CARTESIAN_POINT ( 'NONE',  ( -0.6500000000000000222, -2.428730624380641245, 33.79356742541944669 ) ) ;
#4385 = ORIENTED_EDGE ( 'NONE', *, *, #1662, .T. ) ;
#4386 = CARTESIAN_POINT ( 'NONE',  ( 7.499999999999996447, 13.10000000000000142, -3.252606517456511724E-15 ) ) ;
#4387 = CARTESIAN_POINT ( 'NONE',  ( 0.6500000000000000222, 0.1888155173209505600, 34.82651745595467929 ) ) ;
#4388 = LINE ( 'NONE', #2244, #2159 ) ;
#4389 = CARTESIAN_POINT ( 'NONE',  ( 0.6499999999999999112, 0.9807511508080599683, 35.92183832220976569 ) ) ;
#4390 = ADVANCED_FACE ( 'NONE', ( #2026 ), #4270, .F. ) ;
#4391 = ORIENTED_EDGE ( 'NONE', *, *, #90, .F. ) ;
#4392 = DIRECTION ( 'NONE',  ( 0.000000000000000000, -0.000000000000000000, 1.000000000000000000 ) ) ;
#4393 = DIRECTION ( 'NONE',  ( -1.000000000000000000, -0.000000000000000000, 1.826024711554533667E-16 ) ) ;
#4394 = DIRECTION ( 'NONE',  ( 0.000000000000000000, 0.000000000000000000, 1.000000000000000000 ) ) ;
#4395 = EDGE_CURVE ( 'NONE', #1347, #1002, #2448, .T. ) ;
#4396 = EDGE_CURVE ( 'NONE', #4286, #197, #770, .T. ) ;
#4397 = VECTOR ( 'NONE', #2174, 1000.000000000000000 ) ;
#4398 = VERTEX_POINT ( 'NONE', #1051 ) ;
#4399 = DIRECTION ( 'NONE',  ( -0.000000000000000000, -1.000000000000000000, -0.000000000000000000 ) ) ;
#4400 = EDGE_LOOP ( 'NONE', ( #3657, #1141 ) ) ;
#4401 = AXIS2_PLACEMENT_3D ( 'NONE', #3527, #632, #1397 ) ;
#4402 = DIRECTION ( 'NONE',  ( -1.000000000000000000, 0.000000000000000000, 0.000000000000000000 ) ) ;
#4403 = VERTEX_POINT ( 'NONE', #1010 ) ;
#4404 = DIRECTION ( 'NONE',  ( 0.000000000000000000, 0.000000000000000000, -1.000000000000000000 ) ) ;
#4405 = FACE_OUTER_BOUND ( 'NONE', #1256, .T. ) ;
#4406 = VECTOR ( 'NONE', #1914, 1000.000000000000000 ) ;
#4407 = DIRECTION ( 'NONE',  ( 0.000000000000000000, 0.000000000000000000, 1.000000000000000000 ) ) ;
#4408 = ORIENTED_EDGE ( 'NONE', *, *, #1493, .F. ) ;
#4409 = COLOUR_RGB ( '',0.7921568627450980005, 0.8196078431372548767, 0.9333333333333333481 ) ;
#4410 = AXIS2_PLACEMENT_3D ( 'NONE', #36, #2829, #2372 ) ;
#4411 = CARTESIAN_POINT ( 'NONE',  ( 4.000000000000000000, 2.499999999999999556, -1.499999999999999112 ) ) ;
#4412 =( REPRESENTATION_RELATIONSHIP ('NONE','NONE', #260, #2971 ) REPRESENTATION_RELATIONSHIP_WITH_TRANSFORMATION ( #3711 )SHAPE_REPRESENTATION_RELATIONSHIP( ) );
#4413 = DIRECTION ( 'NONE',  ( 0.000000000000000000, 0.000000000000000000, 1.000000000000000000 ) ) ;
#4414 = CIRCLE ( 'NONE', #174, 3.500000000000000000 ) ;
#4415 = CARTESIAN_POINT ( 'NONE',  ( 14.46500000000000696, 3.000000000000000000, -38.00000000000000000 ) ) ;
#4416 = CARTESIAN_POINT ( 'NONE',  ( 12.46499999999999808, 3.000000000000000000, -19.09999999999999787 ) ) ;
#4417 = COLOUR_RGB ( '',0.7921568627450980005, 0.8196078431372548767, 0.9333333333333333481 ) ;
#4418 = VERTEX_POINT ( 'NONE', #2125 ) ;
#4419 = AXIS2_PLACEMENT_3D ( 'NONE', #4238, #2816, #2472 ) ;
#4420 = VECTOR ( 'NONE', #821, 1000.000000000000000 ) ;
#4421 = DIRECTION ( 'NONE',  ( 0.000000000000000000, 1.000000000000000000, 0.000000000000000000 ) ) ;
#4422 = DIRECTION ( 'NONE',  ( 0.000000000000000000, 0.000000000000000000, 1.000000000000000000 ) ) ;
#4423 = DIRECTION ( 'NONE',  ( 1.000000000000000000, 0.000000000000000000, 0.000000000000000000 ) ) ;
#4424 = AXIS2_PLACEMENT_3D ( 'NONE', #636, #2051, #1757 ) ;
#4425 = VECTOR ( 'NONE', #3783, 1000.000000000000000 ) ;
#4426 = EDGE_CURVE ( 'NONE', #4435, #1311, #2385, .T. ) ;
#4427 = EDGE_LOOP ( 'NONE', ( #758, #2722, #1857, #4151 ) ) ;
#4428 = DIRECTION ( 'NONE',  ( -1.000000000000000000, 0.000000000000000000, -0.000000000000000000 ) ) ;
#4429 = EDGE_CURVE ( 'NONE', #3081, #2422, #3109, .T. ) ;
#4430 = ORIENTED_EDGE ( 'NONE', *, *, #3835, .F. ) ;
#4431 = CARTESIAN_POINT ( 'NONE',  ( 0.000000000000000000, 2.799999999999999822, 0.000000000000000000 ) ) ;
#4432 = ORIENTED_EDGE ( 'NONE', *, *, #3916, .T. ) ;
#4433 = DIRECTION ( 'NONE',  ( -0.000000000000000000, 1.000000000000000000, -0.000000000000000000 ) ) ;
#4434 = DIRECTION ( 'NONE',  ( 0.000000000000000000, 1.000000000000000000, 0.000000000000000000 ) ) ;
#4435 = VERTEX_POINT ( 'NONE', #4523 ) ;
#4436 = CARTESIAN_POINT ( 'NONE',  ( 3.500000000000014211, 8.059166735548574323, 5.000000000000000888 ) ) ;
#4437 = CARTESIAN_POINT ( 'NONE',  ( 0.6500000000000000222, 0.4920113370456640212, 34.24703469474839324 ) ) ;
#4438 = LINE ( 'NONE', #824, #161 ) ;
#4439 = CARTESIAN_POINT ( 'NONE',  ( 4.000000000000000000, -11.93398113205660493, -3.599999999999999201 ) ) ;
#4440 = EDGE_LOOP ( 'NONE', ( #1451, #4046, #4225, #3495, #1763, #4475, #295 ) ) ;
#4441 =( REPRESENTATION_RELATIONSHIP ('NONE','NONE', #260, #3894 ) REPRESENTATION_RELATIONSHIP_WITH_TRANSFORMATION ( #114 )SHAPE_REPRESENTATION_RELATIONSHIP( ) );
#4442 = DIRECTION ( 'NONE',  ( -1.000000000000000000, -0.000000000000000000, 4.336808689942018229E-16 ) ) ;
#4443 = CARTESIAN_POINT ( 'NONE',  ( -14.46500000000000696, 3.000000000000000000, -43.00000000000000000 ) ) ;
#4444 = DIRECTION ( 'NONE',  ( 0.000000000000000000, 0.000000000000000000, 1.000000000000000000 ) ) ;
#4445 = ORIENTED_EDGE ( 'NONE', *, *, #3995, .T. ) ;
#4446 = CARTESIAN_POINT ( 'NONE',  ( 0.000000000000000000, 2.499999999999999556, 2.500000000000000444 ) ) ;
#4447 = EDGE_LOOP ( 'NONE', ( #2418, #565 ) ) ;
#4448 = EDGE_CURVE ( 'NONE', #2528, #1538, #3531, .T. ) ;
#4449 = ORIENTED_EDGE ( 'NONE', *, *, #2364, .F. ) ;
#4450 = DIRECTION ( 'NONE',  ( 1.000000000000000000, 0.000000000000000000, 0.000000000000000000 ) ) ;
#4451 = ORIENTED_EDGE ( 'NONE', *, *, #133, .F. ) ;
#4452 = CARTESIAN_POINT ( 'NONE',  ( 4.462909933507696714, 8.402905488798531053, 3.900458942994458944 ) ) ;
#4453 = EDGE_CURVE ( 'NONE', #3081, #3997, #1369, .T. ) ;
#4454 = ORIENTED_EDGE ( 'NONE', *, *, #320, .F. ) ;
#4455 = EDGE_CURVE ( 'NONE', #2210, #4065, #4173, .T. ) ;
#4456 = ADVANCED_FACE ( 'NONE', ( #985 ), #2404, .F. ) ;
#4457 = B_SPLINE_CURVE_WITH_KNOTS ( 'NONE', 3,
 ( #2560, #373, #3221, #2214, #46, #2123, #3553, #3107, #263, #4521, #2426, #3499 ),
 .UNSPECIFIED., .F., .F.,
 ( 4, 2, 2, 2, 2, 4 ),
 ( 0.000000000000000000, 0.0005514409877147197388, 0.0008271614815720785240, 0.001102881975429437309, 0.001654322963144158132, 0.002205763950858878955 ),
 .UNSPECIFIED. ) ;
#4458 = CARTESIAN_POINT ( 'NONE',  ( 2.500000000000003109, 8.234466664984573470, 3.999999999999999112 ) ) ;
#4459 = CARTESIAN_POINT ( 'NONE',  ( 0.6499999999999999112, -0.6958860728238230875, 33.67704763007564850 ) ) ;
#4460 = LINE ( 'NONE', #4212, #460 ) ;
#4461 = CARTESIAN_POINT ( 'NONE',  ( 2.166969722017664246, -4.336808689942017736E-16, -7.500000000000000000 ) ) ;
#4462 = ORIENTED_EDGE ( 'NONE', *, *, #940, .F. ) ;
#4463 = PRODUCT_DEFINITION_SHAPE ( 'NONE', 'NONE',  #4533 ) ;
#4464 = DIRECTION ( 'NONE',  ( -2.001324082139926266E-16, 0.000000000000000000, 1.000000000000000000 ) ) ;
#4465 = CARTESIAN_POINT ( 'NONE',  ( 0.000000000000000000, 0.000000000000000000, 29.00000000000000355 ) ) ;
#4466 = PRODUCT_DEFINITION_FORMATION_WITH_SPECIFIED_SOURCE ( 'ä»', '', #2715, .NOT_KNOWN. ) ;
#4467 = EDGE_CURVE ( 'NONE', #3931, #1243, #1226, .T. ) ;
#4468 = VERTEX_POINT ( 'NONE', #3476 ) ;
#4469 = DIRECTION ( 'NONE',  ( 1.000000000000000000, 0.000000000000000000, 2.398511546459462900E-16 ) ) ;
#4470 = VECTOR ( 'NONE', #4575, 1000.000000000000000 ) ;
#4471 = ORIENTED_EDGE ( 'NONE', *, *, #444, .F. ) ;
#4472 = LINE ( 'NONE', #580, #4122 ) ;
#4473 = ORIENTED_EDGE ( 'NONE', *, *, #3117, .T. ) ;
#4474 = DIRECTION ( 'NONE',  ( -1.000000000000000000, 0.000000000000000000, 0.000000000000000000 ) ) ;
#4475 = ORIENTED_EDGE ( 'NONE', *, *, #3884, .F. ) ;
#4476 = AXIS2_PLACEMENT_3D ( 'NONE', #448, #24, #3222 ) ;
#4477 = ADVANCED_FACE ( 'NONE', ( #285 ), #817, .T. ) ;
#4478 = PLANE ( 'NONE',  #2930 ) ;
#4479 = CARTESIAN_POINT ( 'NONE',  ( -0.6500000000000000222, 0.7000004686599591297, 31.78000000000000114 ) ) ;
#4480 = DIRECTION ( 'NONE',  ( 3.469446951953611231E-16, -0.000000000000000000, -1.000000000000000000 ) ) ;
#4481 = DIRECTION ( 'NONE',  ( 0.000000000000000000, 0.000000000000000000, 1.000000000000000000 ) ) ;
#4482 = ADVANCED_FACE ( 'NONE', ( #1828, #3250 ), #1103, .T. ) ;
#4483 = B_SPLINE_CURVE_WITH_KNOTS ( 'NONE', 3,
 ( #191, #3696, #4452, #1999, #500, #2308, #168, #1245, #1638, #3785, #1261, #2609, #3358, #4102 ),
 .UNSPECIFIED., .F., .F.,
 ( 4, 2, 2, 2, 2, 2, 4 ),
 ( 0.000000000000000000, 0.0008179851529355460860, 0.001226977729403317665, 0.001635970305871089136, 0.002453955458806633162, 0.002862948035274404633, 0.003271940611742176971 ),
 .UNSPECIFIED. ) ;
#4484 = AXIS2_PLACEMENT_3D ( 'NONE', #77, #158, #4074 ) ;
#4485 = EDGE_LOOP ( 'NONE', ( #2368, #4259 ) ) ;
#4486 = CIRCLE ( 'NONE', #394, 1.600000000000001643 ) ;
#4487 = CIRCLE ( 'NONE', #1438, 4.000000000000000000 ) ;
#4488 = DIRECTION ( 'NONE',  ( 1.000000000000000000, 0.000000000000000000, -4.336808689942017736E-16 ) ) ;
#4489 = PLANE ( 'NONE',  #3429 ) ;
#4490 = CARTESIAN_POINT ( 'NONE',  ( 4.000000000000000000, 1.999999999999999556, -4.999999999999999112 ) ) ;
#4491 = VECTOR ( 'NONE', #13, 1000.000000000000000 ) ;
#4492 = VECTOR ( 'NONE', #129, 1000.000000000000000 ) ;
#4493 = ORIENTED_EDGE ( 'NONE', *, *, #2449, .T. ) ;
#4494 = LINE ( 'NONE', #2351, #2327 ) ;
#4495 = VECTOR ( 'NONE', #4081, 1000.000000000000000 ) ;
#4496 = ORIENTED_EDGE ( 'NONE', *, *, #2318, .F. ) ;
#4497 = LINE ( 'NONE', #2725, #408 ) ;
#4498 = ORIENTED_EDGE ( 'NONE', *, *, #3147, .T. ) ;
#4499 = CARTESIAN_POINT ( 'NONE',  ( 3.490092216587799445, 7.734539914205424971, -4.828199550564236553 ) ) ;
#4500 = PRODUCT_DEFINITION_SHAPE ( 'NONE', 'NONE',  #4605 ) ;
#4501 = ORIENTED_EDGE ( 'NONE', *, *, #2369, .F. ) ;
#4502 = CARTESIAN_POINT ( 'NONE',  ( 2.661140373176246410, 8.270794645358487074, 3.945576059636265231 ) ) ;
#4503 = CARTESIAN_POINT ( 'NONE',  ( -0.6500000000000000222, -0.9908127344636129541, 31.78000000000000114 ) ) ;
#4504 = CARTESIAN_POINT ( 'NONE',  ( 0.6500000000000000222, -0.02448351313884858035, 35.09712984753234366 ) ) ;
#4505 = ORIENTED_EDGE ( 'NONE', *, *, #1157, .T. ) ;
#4506 = EDGE_CURVE ( 'NONE', #3031, #2890, #4565, .T. ) ;
#4507 = EDGE_CURVE ( 'NONE', #956, #563, #2554, .T. ) ;
#4508 = CARTESIAN_POINT ( 'NONE',  ( -14.46500000000000696, 8.000000000000000000, -38.00000000000000711 ) ) ;
#4509 = LINE ( 'NONE', #993, #3503 ) ;
#4510 = CARTESIAN_POINT ( 'NONE',  ( -2.500000000000000000, 7.513408910614631786, 2.449489742783177881 ) ) ;
#4511 = ADVANCED_FACE ( 'NONE', ( #4009, #2947, #3667 ), #476, .T. ) ;
#4512 = ADVANCED_FACE ( 'NONE', ( #2147 ), #1841, .T. ) ;
#4513 = ORIENTED_EDGE ( 'NONE', *, *, #2919, .T. ) ;
#4514 =( LENGTH_UNIT ( ) NAMED_UNIT ( * ) SI_UNIT ( .MILLI., .METRE. ) );
#4515 = ORIENTED_EDGE ( 'NONE', *, *, #2654, .T. ) ;
#4516 = FACE_OUTER_BOUND ( 'NONE', #321, .T. ) ;
#4517 = VERTEX_POINT ( 'NONE', #4030 ) ;
#4518 = CARTESIAN_POINT ( 'NONE',  ( -14.46500000000000163, 3.000000000000000000, -9.099999999999999645 ) ) ;
#4519 = EDGE_LOOP ( 'NONE', ( #1609, #1701, #1679, #4353 ) ) ;
#4520 = CARTESIAN_POINT ( 'NONE',  ( 5.062265579209793421E-21, 7.530965186505979680, 3.500000000000000000 ) ) ;
#4521 = CARTESIAN_POINT ( 'NONE',  ( 3.490068762023863069, 7.734049000621774361, 4.827930119059157477 ) ) ;
#4522 = DIRECTION ( 'NONE',  ( 0.000000000000000000, 1.000000000000000000, 0.000000000000000000 ) ) ;
#4523 = CARTESIAN_POINT ( 'NONE',  ( 2.367841899883668777, 7.571286292197370926, -2.577464788732389156 ) ) ;
#4524 = CARTESIAN_POINT ( 'NONE',  ( -0.6500000000000000222, -2.312900424511113773, 35.79729224967505274 ) ) ;
#4525 = DIRECTION ( 'NONE',  ( 0.000000000000000000, 1.000000000000000000, 0.000000000000000000 ) ) ;
#4526 = CARTESIAN_POINT ( 'NONE',  ( 30.41025971044413367, 6.664939782721529760, -3.000000000000005773 ) ) ;
#4527 = DIRECTION ( 'NONE',  ( 1.000000000000000000, 0.000000000000000000, 5.117178395211820690E-17 ) ) ;
#4528 = DIRECTION ( 'NONE',  ( -4.336808689942017736E-16, 0.000000000000000000, -1.000000000000000000 ) ) ;
#4529 = ORIENTED_EDGE ( 'NONE', *, *, #1279, .T. ) ;
#4530 = EDGE_LOOP ( 'NONE', ( #2676, #1252, #3935, #4323 ) ) ;
#4531 = ADVANCED_FACE ( 'NONE', ( #4059 ), #64, .T. ) ;
#4532 = CYLINDRICAL_SURFACE ( 'NONE', #1816, 1.100000000000000089 ) ;
#4533 = PRODUCT_DEFINITION ( 'æœ', '', #2820, #424 ) ;
#4534 = FILL_AREA_STYLE ('',( #1744 ) ) ;
#4535 = EDGE_CURVE ( 'NONE', #3958, #135, #487, .T. ) ;
#4536 = ORIENTED_EDGE ( 'NONE', *, *, #1409, .T. ) ;
#4537 = DIRECTION ( 'NONE',  ( 1.000000000000000000, -0.000000000000000000, 5.782411586589358625E-17 ) ) ;
#4538 = ORIENTED_EDGE ( 'NONE', *, *, #3006, .F. ) ;
#4539 = ORIENTED_EDGE ( 'NONE', *, *, #3659, .T. ) ;
#4540 = AXIS2_PLACEMENT_3D ( 'NONE', #2590, #3342, #1874 ) ;
#4541 = DIRECTION ( 'NONE',  ( -1.000000000000000000, 0.000000000000000000, 4.336808689942017736E-16 ) ) ;
#4542 = CARTESIAN_POINT ( 'NONE',  ( 3.052034907911552075, 6.826797462019777996, -4.163292941084198340 ) ) ;
#4543 = CARTESIAN_POINT ( 'NONE',  ( 4.000000000000000000, -11.93398113205660493, -4.999999999999999112 ) ) ;
#4544 = CARTESIAN_POINT ( 'NONE',  ( 0.6500000000000000222, 0.7000004717071683924, 32.54064752519589376 ) ) ;
#4545 = CIRCLE ( 'NONE', #2171, 1.600000000000001643 ) ;
#4546 = CARTESIAN_POINT ( 'NONE',  ( -0.6500000000000000222, -2.386699275947393950, 33.67704763007564850 ) ) ;
#4547 = FACE_BOUND ( 'NONE', #420, .T. ) ;
#4548 =( NAMED_UNIT ( * ) PLANE_ANGLE_UNIT ( ) SI_UNIT ( $, .RADIAN. ) );
#4549 = LINE ( 'NONE', #2782, #2527 ) ;
#4550 = CYLINDRICAL_SURFACE ( 'NONE', #2637, 3.100000000000000533 ) ;
#4551 = AXIS2_PLACEMENT_3D ( 'NONE', #2956, #2931, #457 ) ;
#4552 = ORIENTED_EDGE ( 'NONE', *, *, #3928, .F. ) ;
#4553 = VECTOR ( 'NONE', #2138, 1000.000000000000000 ) ;
#4554 = ORIENTED_EDGE ( 'NONE', *, *, #3569, .T. ) ;
#4555 = DIRECTION ( 'NONE',  ( 2.636307794486255854E-16, 0.7940203406445293099, 0.6078911898051704288 ) ) ;
#4556 = AXIS2_PLACEMENT_3D ( 'NONE', #1926, #3952, #2525 ) ;
#4557 = CIRCLE ( 'NONE', #2547, 1.600000000000001643 ) ;
#4558 = CARTESIAN_POINT ( 'NONE',  ( 4.508367790880330794, -34.15802106414908224, -0.6283711207282993705 ) ) ;
#4559 = ADVANCED_FACE ( 'NONE', ( #496 ), #2911, .T. ) ;
#4560 = VECTOR ( 'NONE', #1523, 1000.000000000000000 ) ;
#4561 = EDGE_CURVE ( 'NONE', #2540, #2277, #1142, .T. ) ;
#4562 = ORIENTED_EDGE ( 'NONE', *, *, #605, .T. ) ;
#4563 = CARTESIAN_POINT ( 'NONE',  ( 30.41025971044413367, 13.10000000000000142, -1.318834785756477476E-14 ) ) ;
#4564 = CARTESIAN_POINT ( 'NONE',  ( -2.500000000000000444, 1.800000000000000044, -1.833030277982335088 ) ) ;
#4565 = CIRCLE ( 'NONE', #109, 1.000000000000000888 ) ;
#4566 = ORIENTED_EDGE ( 'NONE', *, *, #2512, .T. ) ;
#4567 = ORIENTED_EDGE ( 'NONE', *, *, #558, .T. ) ;
#4568 = CARTESIAN_POINT ( 'NONE',  ( -0.6500000000000000222, 0.7000004686599591297, 31.78000000000000114 ) ) ;
#4569 = CARTESIAN_POINT ( 'NONE',  ( 2.770303695295791346, 8.302233248778781771, -3.907117124508084682 ) ) ;
#4570 = DIRECTION ( 'NONE',  ( 2.636307794486259305E-16, -0.7940203406445285328, 0.6078911898051713170 ) ) ;
#4571 = CARTESIAN_POINT ( 'NONE',  ( 0.6500000000000000222, 0.5819080843976162098, 33.93816449873333596 ) ) ;
#4572 = CARTESIAN_POINT ( 'NONE',  ( -0.6499999999999999112, -1.707345771897330611, 37.07011037424604183 ) ) ;
#4573 = DIRECTION ( 'NONE',  ( 0.000000000000000000, 1.000000000000000000, 0.000000000000000000 ) ) ;
#4574 = CARTESIAN_POINT ( 'NONE',  ( 7.499999999999996447, 5.269048214598561763, -4.205979659355473466 ) ) ;
#4575 = DIRECTION ( 'NONE',  ( -5.117178395211820690E-17, -0.000000000000000000, 1.000000000000000000 ) ) ;
#4576 = DIRECTION ( 'NONE',  ( 5.687617954022318617E-16, 0.000000000000000000, 1.000000000000000000 ) ) ;
#4577 = EDGE_LOOP ( 'NONE', ( #2674, #2928 ) ) ;
#4578 = EDGE_LOOP ( 'NONE', ( #164, #2108, #2726, #1353 ) ) ;
#4579 = DIRECTION ( 'NONE',  ( -1.000000000000000000, -0.000000000000000000, -0.000000000000000000 ) ) ;
#4580 = SHAPE_DEFINITION_REPRESENTATION ( #4463, #2134 ) ;
#4581 = VERTEX_POINT ( 'NONE', #119 ) ;
#4582 = CARTESIAN_POINT ( 'NONE',  ( -2.500000000000001332, 1.000000000000000000, 1.833030277982333756 ) ) ;
#4583 = CARTESIAN_POINT ( 'NONE',  ( 9.465000000000003411, 3.000000000000000000, -14.10000000000000142 ) ) ;
#4584 = EDGE_CURVE ( 'NONE', #3782, #887, #1566, .T. ) ;
#4585 = EDGE_LOOP ( 'NONE', ( #2793, #1748, #1092, #3058 ) ) ;
#4586 = DIRECTION ( 'NONE',  ( 0.000000000000000000, 0.000000000000000000, 1.000000000000000000 ) ) ;
#4587 = CARTESIAN_POINT ( 'NONE',  ( 3.483897232686361534, 7.659381045499229934, -4.785305094386638203 ) ) ;
#4588 = CARTESIAN_POINT ( 'NONE',  ( -14.46500000000001052, 5.500000000000000000, -12.59999999999999964 ) ) ;
#4589 = EDGE_CURVE ( 'NONE', #3863, #2540, #2655, .T. ) ;
#4590 = DIRECTION ( 'NONE',  ( 0.000000000000000000, 0.000000000000000000, -1.000000000000000000 ) ) ;
#4591 = ADVANCED_FACE ( 'NONE', ( #840 ), #446, .T. ) ;
#4592 = CARTESIAN_POINT ( 'NONE',  ( -0.6500000000000000222, -0.9908127344636129541, 31.78000000000000114 ) ) ;
#4593 = CARTESIAN_POINT ( 'NONE',  ( 0.000000000000000000, 0.000000000000000000, 29.00000000000000355 ) ) ;
#4594 = DIRECTION ( 'NONE',  ( 0.000000000000000000, 0.000000000000000000, 1.000000000000000000 ) ) ;
#4595 = CARTESIAN_POINT ( 'NONE',  ( -14.46500000000000696, 3.000000000000000000, -33.00000000000001421 ) ) ;
#4596 = DIRECTION ( 'NONE',  ( 1.000000000000000000, 0.000000000000000000, 5.782411586589357392E-17 ) ) ;
#4597 = ORIENTED_EDGE ( 'NONE', *, *, #1485, .F. ) ;
#4598 = CARTESIAN_POINT ( 'NONE',  ( -2.500000000000001332, 2.800000000000000266, 2.449489742783176993 ) ) ;
#4599 = ORIENTED_EDGE ( 'NONE', *, *, #2954, .F. ) ;
#4600 = CARTESIAN_POINT ( 'NONE',  ( 0.6500000000000000222, -1.500001004271340976, 36.83445846704794491 ) ) ;
#4601 = NEXT_ASSEMBLY_USAGE_OCCURRENCE ( 'NAUO1', ' ', ' ', #3886, #267, $ ) ;
#4602 = NEXT_ASSEMBLY_USAGE_OCCURRENCE ( 'NAUO2', ' ', ' ', #3886, #1437, $ ) ;
#4603 = NEXT_ASSEMBLY_USAGE_OCCURRENCE ( 'NAUO3', ' ', ' ', #3886, #1437, $ ) ;
#4604 = NEXT_ASSEMBLY_USAGE_OCCURRENCE ( 'NAUO4', ' ', ' ', #3886, #4533, $ ) ;
#4605 = NEXT_ASSEMBLY_USAGE_OCCURRENCE ( 'NAUO5', ' ', ' ', #3886, #4533, $ ) ;
#4606 = NEXT_ASSEMBLY_USAGE_OCCURRENCE ( 'NAUO6', ' ', ' ', #3886, #2952, $ ) ;
#4607 = NEXT_ASSEMBLY_USAGE_OCCURRENCE ( 'NAUO7', ' ', ' ', #3886, #2952, $ ) ;
#4608 = NEXT_ASSEMBLY_USAGE_OCCURRENCE ( 'NAUO8', ' ', ' ', #3886, #2230, $ ) ;
#4609 = NEXT_ASSEMBLY_USAGE_OCCURRENCE ( 'NAUO9', ' ', ' ', #3886, #4533, $ ) ;
#4610 = NEXT_ASSEMBLY_USAGE_OCCURRENCE ( 'NAUO10', ' ', ' ', #3886, #4533, $ ) ;
ENDSEC;
END-ISO-10303-21;
